"이런/MDT","57"
"예능/NNG","4"
"재미/NNG","109"
"있음/NNG","61"
"./SF","5584"
"완벽/NNG","6"
"하/XSV","2444"
"ㄴ/ETD","1370"
"라이브/NNG","1"
"광영/NNG","1"
"스럽/XSA","36"
"퍼포먼스/NNG","1"
"한편/NNG","6"
"의/JKG","221"
"영화/NNG","253"
"같/VA","285"
"은/ETD","324"
"별점/NNG","20"
"을/JKO","636"
"다섯/NR","2"
"개/NNM","86"
"까지/JX","100"
"밖/NNG","17"
"에/JKM","1000"
"못/MAG","116"
"주/VV","49"
"다니/EFN","16"
"134340/NR","1"
"어야/ECD","199"
"하/VV","1385"
"ㅂ니다/EFN","643"
"진짜/MAG","121"
"돈/NNG","194"
"아깝/VA","47"
"고/ECE","1793"
"쓸모없/VA","1"
"는/ETD","1237"
"앱/NNG","754"
"한번/NNG","30"
"정상적/NNG","3"
"으로/JKM","380"
"쓰/VV","179"
"어/ECS","1075"
"본적/NNG","2"
"이/JKS","2067"
"없/VA","877"
"듯/NNB","96"
"하/NNB","29"
"진짜/NNG","52"
"디즈니/NNG","365"
"왜/MAG","294"
"이러/VV","47"
"ㅁ/ETN","470"
"?/SF","693"
"문제/NNG","111"
"많/VA","296"
"은데/ECD","156"
"자막/NNG","875"
"크기/NNG","100"
"작/VA","80"
"음/ETN","362"
"스마트폰/NNG","221"
"보/VV","1435"
"아도/ECD","67"
"티비/NNG","71"
"로/JKM","484"
"땡기/VV","1"
"면/ECE","542"
"거의/MAG","28"
"안/MAG","1645"
"보임/NNG","12"
"아직/MAG","90"
"까/VV","36"
"지/ECD","410"
"PIP/NNG","66"
"지원/NNG","101"
"ㄴ다는/ETD","28"
"것/NNB","1006"
"믿기/VV","2"
"지지/NNG","3"
"가/JKS","1008"
"는/EPT","7"
"다/EFN","175"
"계속/MAG","97"
"지우/VV","72"
"었/EPT","890"
"다/ECS","205"
"깔/VV","97"
"아/ECD","125"
"로그인/NNG","73"
"창이/NNG","3"
"뜨/VV","159"
"어요/EFN","616"
"어떻/VA","89"
"게/ECD","542"
"어도/ECD","164"
"무한/NNG","98"
"로딩/NNG","195"
"중/NNB","138"
"영상/NNG","230"
"조작법/NNG","3"
"불편/NNG","276"
"넷플릭스/NNG","258"
"반/NNG","7"
"도/JX","1289"
"따르/VV","15"
"아/ECS","315"
"오/VX","10"
"한/MDN","93"
"편/NNB","19"
"가볍/VA","1"
"기/ETN","305"
"위하/VV","25"
"접속/NNG","104"
"꺼리/VV","3"
"짐/NNG","25"
"배속/NNG","173"
"기능/NNG","306"
"추가/NNG","87"
"주/VXV","447"
"어/VV","44"
"어/ECD","379"
"애아/NNG","1"
"애/NNG","31"
"애이/NNG","1"
"이/NNG","17"
"디즈니플러스/NNG","171"
"이/MDT","60"
"계정/NNG","47"
"는데/ECD","784"
"다른/MDT","132"
"되/VV","1162"
"네요/EFN","759"
"오류/NNG","148"
"코드/NNG","31"
"83/NR","10"
"버퍼링/NNG","55"
"완전/NNG","24"
"심/NNG","41"
"동그라미/NNG","3"
"계속/NNG","85"
"실행/NNG","119"
"버리/VV","8"
"한번/MAG","9"
"려면/ECE","28"
"성질/NNG","2"
"남/NNG","18"
"BTS/OL","2"
"콘서트/NNG","1"
"실황/NNG","1"
"어디/NP","42"
"서/JKM","85"
"든/JX","5"
"ㄹ/ETD","1080"
"수/NNB","345"
"있/VV","738"
"어서/ECD","444"
"좋/VA","552"
"미국/NNG","16"
"군대/NNG","1"
"관련/NNG","14"
"되/XSV","358"
"싶/VXA","135"
"로딩중이네/UN","2"
"요/JX","198"
"어제/NNG","11"
"저녁/NNG","5"
"부터/JX","96"
"애니메이션/NNG","55"
"아서/ECD","152"
"아요/EFN","299"
"듣/VV","103"
"가지/VXV","42"
"0/NR","9"
"점/NNM","32"
"을/ETD","140"
"정도/NNG","83"
"일단/MAG","29"
"들어가/VV","90"
"가/VV","78"
"컴퓨터/NNG","25"
"이나/JX","44"
"밖에/JX","15"
"봄/NNG","18"
"만/JX","377"
"ㄹ까요/EFQ","15"
"다음/NNG","117"
"넘/VV","101"
"빨리/MAG","74"
"개선/NNG","196"
"좀/MAG","380"
"때/NNG","162"
"너무/MAG","482"
"짜증나/VV","29"
"이것/NP","70"
"맞/VV","85"
"는지/ECS","100"
"참/NNG","3"
"결제/NNG","317"
"자체/NNG","103"
"화면/NNG","300"
"어찌하/VV","2"
"나요/EFQ","163"
"해결/NNG","55"
"려고/ECD","114"
"끄/VV","40"
"키/VV","66"
"자꾸/MAG","60"
"고치/VV","70"
"이번/NNG","19"
"행사/NNG","2"
"다시/MAG","130"
"가입/NNG","108"
"더니/ECD","55"
"시간/NNG","54"
"왜케/UN","3"
"길/VA","13"
"ㄴ가요/EFQ","75"
"한편/MAG","2"
"2/NR","171"
"3/NR","109"
"분/NNM","15"
"기다리/VV","45"
"겨우/MAG","3"
"기종/NNG","11"
"은/JX","492"
"S/OL","49"
"10/NR","56"
"5/NR","59"
"G/OL","4"
"일/VV","15"
"저것/NP","1"
"다/MAG","276"
"았/EPT","218"
"지만/ECE","129"
"이렇게/MAG","19"
"느리/VA","46"
"처음/NNG","39"
"이/VCP","1377"
"처리/NNG","7"
"부탁/NNG","61"
"화/XSN","51"
"넘기/VV","21"
"거/NNB","419"
"지/VXV","71"
"재생/NNG","291"
"생기/VV","22"
"죠/EFN","114"
"바꾸/VV","67"
"이거/NP","78"
"무슨/MDT","55"
"일일/NNG","2"
"나가/VV","22"
"서/ECD","38"
"하나/NNG","26"
"씩/XSN","15"
"누르/VV","66"
"라는/ETD","73"
"무언가/NNG","2"
"많이/MAG","101"
"답답/XR","32"
"허/XSA","2"
"머/VA","2"
"ㄴ가/ECS","31"
"어설프/VA","2"
"느리/VV","16"
"답/NNG","13"
"빠르/VA","42"
"를/JKO","412"
"허/NNG","9"
"접하/VV","7"
"ㄴ지/ECS","87"
"한국/NNG","132"
"시장/NNG","10"
"우습/VA","1"
"첫/MDT","21"
"2500/NR","3"
"워/UN","7"
"라면서/ECE","3"
"9900/NR","21"
"원/NNM","31"
"어떻게/MAG","4"
"이해/NNG","18"
"겠/EPT","322"
"다음날/NNG","6"
"니/ECD","110"
"지도/NNG","8"
"네/EFN","166"
"시청/NNG","122"
"내역/NNG","7"
"삭제/NNG","105"
"만들/VV","170"
"주세/NNG","56"
"버벅대는것/UN","1"
"수정/NNG","48"
"시/EPH","185"
"비번/NNG","29"
"못쓰/VV","4"
"그리하/VV","36"
"여서/ECD","2"
"냐/EFQ","97"
"고/JKQ","15"
"장난/NNG","15"
"달/NNG","88"
"마다/JX","32"
"받/VV","106"
"처먹/VV","4"
"으면서/ECE","13"
"완성도/NNG","6"
"고는/ECE","17"
"형편없/VA","3"
"정작/NNG","6"
"쓸/VV","4"
"불가/NNG","45"
"사용/NNG","159"
"보다/JKM","119"
"기/VV","2"
"으/UN","4"
"러/NNP","5"
"이모저모/NNG","1"
"아이/NNG","52"
"들/XSN","322"
"과/JKO","6"
"있/VXV","238"
"구독/NNG","140"
"전/NNG","71"
"는/JX","721"
"컨텐츠/NNG","290"
"둘러보/VV","9"
"못하/VX","94"
"놓/VXV","62"
"자신/NNG","4"
"나/EFQ","50"
"속도/NNG","75"
"조절/NNG","168"
"이렇/VV","9"
"꺼/NNG","23"
"환불/NNG","90"
"든가/EFN","7"
"다르/VV","36"
"들/VV","38"
"보고/NNG","26"
"편의성/NNG","25"
"시키/XSV","15"
"작품/NNG","77"
"좋/VV","67"
"모으/VV","5"
"는/JKS","36"
"함/NNG","25"
"근데/MAG","37"
"이랑/JC","55"
"자동/NNG","51"
"줄거리/NNG","4"
"오프닝/NNG","32"
"건너뛰/VV","35"
"있었/VV","7"
"으면/ECD","201"
"더/MAG","140"
"마블/NNG","199"
"팬/NNG","32"
"한테/JKO","14"
"딱/MAG","16"
"강력/XR","1"
"추천/NNG","41"
"동작/NNG","6"
"에서/JKM","420"
"추억/NNG","4"
"감동/NNG","2"
"발/NNG","24"
"개발/NNG","11"
"초기/NNG","9"
"구동/NNP","7"
"굿/NNG","15"
"피/VV","6"
"오/VV","67"
"퍼브/UN","1"
"한글/NNG","46"
"세요/EFN","313"
"잠금/NNG","32"
"제발/MAG","69"
"아니/IC","67"
"지금/NNG","32"
"그리/VV","25"
"개발자/NNG","13"
"분/NNG","35"
"급여/NNG","1"
"값/NNG","5"
"저/NP","85"
"사용자/NNG","28"
"라면/ECD","17"
"교체/NNG","2"
"설치/NNG","83"
"후/NNG","66"
"기본/NNG","38"
"창/NNG","47"
"로딩창/UN","1"
"반복/NNG","19"
"해결책/NNG","5"
"을까요/EFQ","5"
"슬/VV","37"
"꾸/VV","1"
"잼/NNG","14"
"똑바로/MAG","6"
"다세/NNG","1"
"요/EFN","41"
"모드/NNG","56"
"배속재생/NNG","7"
"로딩중으/UN","2"
"뜸/NNG","11"
"니/VV","9"
"뭔/MDT","28"
"데/NNB","81"
"뭐/NP","103"
"모르겠아/UN","1"
"대체/MAG","10"
"고집/NNG","2"
"임/NNG","89"
"다운/NNG","52"
"뒤/NNG","41"
"열/VV","47"
"리지/NNG","1"
"이/JKC","75"
"ㅂ니까/EFQ","54"
"단/NNG","5"
"로딩만해/UN","1"
"다/JC","5"
"구매/NNG","21"
"되지르/VV","3"
"으니/ECD","33"
"벌/VV","10"
"ㄴ가/EFQ","47"
"아주/MAG","34"
"습니다/EFN","315"
"갤럭시폴드/NNG","8"
"4/NR","81"
"크/VA","56"
"짤리/VV","5"
"잘/MAG","173"
"나오/VV","288"
"도록/ECD","26"
"이것저것/NNG","2"
"볼거리/NNG","9"
"실용적/NNG","1"
"패치/NNG","1"
"바로바로/MAG","2"
"말/NNG","70"
"자마자/ECE","17"
"또는/MAG","2"
"바로/MAG","52"
"인기/NNG","2"
"목록/NNG","45"
"판단/NNG","3"
"니/EFQ","7"
"말/VXV","30"
"ㄹ지/ECD","26"
"안녕/NNG","10"
"하세/NNG","12"
"크리/NNG","1"
"미/NNG","30"
"널/NNG","1"
"마인드/NNG","1"
"요즘/NNG","24"
"등등/NNB","26"
"말하/VV","22"
"구요/EFN","17"
"다만/ECE","5"
"두/MDN","24"
"동시/NNG","23"
"그러/VV","65"
"영어/NNG","50"
"공부/NNG","13"
"겸/NNB","1"
"구독자/NNG","5"
"유입/NNG","2"
"을까/EFQ","11"
"정말/MAG","102"
"후회/NNG","11"
"재가/NNG","1"
"조정/NNG","32"
"모르/VV","80"
"더빙/NNG","109"
"판/NNG","18"
"어띠/VV","1"
"언니/NNG","3"
"구박/NNG","1"
"날리/VV","9"
"병진/NNG","1"
"ㄴ다고/ECE","42"
"첨/NNG","11"
"다고/EFN","61"
"15/NR","6"
"일/NNM","44"
"위/NNG","22"
"표시/NNG","17"
"랑/JC","42"
"에피소드/NNG","9"
"스/VV","59"
"아쉽/VA","65"
"프로필/NNG","22"
"틈/NNG","3"
"나/VV","59"
"42/NR","2"
"멀쩡/XR","4"
"하/XSA","221"
"인터넷/NNG","27"
"연결/NNG","68"
"그리고/MAC","27"
"다운로드/NNG","69"
"뭐하/VV","22"
"아예/MAG","41"
"틀어지/VV","3"
"화/NNG","18"
"글/NNG","25"
"내/VV","71"
"이렇/VA","43"
"상태/NNG","35"
"엉망/NNG","27"
"라니/EFQ","6"
"실망/NNG","32"
"하루/NNG","22"
"이틀/NNG","6"
"아니/VV","91"
"생각/NNG","91"
"용/NNG","10"
"프리미엄/NNG","2"
"고민/NNG","8"
"중인/NNG","35"
"불/VV","5"
"ㄴ들데/ECE","4"
"지르/VV","2"
"시리즈/NNG","77"
"일부/NNG","13"
"업로드/NNG","12"
"경우/NNG","37"
"라도/JX","10"
"업데이트/NNG","80"
"드리/VV","44"
"예/NNG","16"
"1/NR","215"
"기가/NNG","7"
"기/NNM","2"
"거나/JX","4"
"아니/VCN","97"
"그/MDT","89"
"반대/NNG","2"
"전/MDT","1"
"회/NNB","10"
"차/NNG","43"
"플레이어/NNG","42"
"아쉬움/NNG","7"
"돈만/NNG","5"
"쓰레기/NNG","56"
"파/VV","2"
"켜/NNG","3"
"데이터/NNG","25"
"무엇/NNG","42"
"평가/NNG","13"
"별/NNG","63"
"개/NNG","56"
"이새/NNG","1"
"끼들/MAG","2"
"먹/NNG","1"
"튀하/VV","1"
"라스/UN","1"
"콘텐츠/NNG","109"
"툭하면/MAG","4"
"스트리밍/NNG","36"
"저장/NNG","62"
"거지/NNG","26"
"분/NR","5"
"명/NNM","9"
"TV/OL","49"
"나/NP","83"
"PC/OL","38"
"이용/NNG","64"
"유저/NNG","10"
"태블릿/NNG","25"
"이나/JC","40"
"스마트/NNP","23"
"상당/NNG","1"
"터/NNB","29"
"ㄴ데/ECE","191"
"따위/NNB","8"
"운영/NNG","10"
"바/NNB","3"
"그냥/MAG","93"
"서비스/NNG","100"
"종료/NNG","12"
"종일/NNG","7"
"돌아가/VV","9"
"하이/NNG","8"
"호/NNG","6"
"일곱/NR","6"
"난쟁이/NNG","6"
"내주/VV","5"
"만약/NNG","7"
"IF/OL","2"
"안/VV","6"
"나쁘/VA","10"
"친구/NNG","12"
"소문내/VV","1"
"몇/MDT","91"
"지/ECS","27"
"를/JX","28"
"갤럭시/NNG","75"
"노트/NNG","15"
"9/NR","9"
"스파이/NNG","32"
"매/VV","15"
"한국어/NNG","75"
"싱크/NNG","41"
"관리/NNG","17"
"UTV/OL","1"
"튕기/VV","24"
"개판/NNG","34"
"싫/VA","18"
"소리/NNG","46"
"사람/NNG","75"
"알아듣/VV","2"
"화질/NNG","103"
"명확/XR","3"
"라서/ECD","6"
"참/VV","13"
"정기/NNG","25"
"취소/NNG","92"
"만/NNB","23"
"OTT/OL","85"
"이라/JX","4"
"지/NNB","18"
"연휴/NNG","1"
"라/NNG","51"
"예정/NNG","16"
"인터페이스/NNG","26"
"구림/NNG","28"
"지가/NNG","13"
"주시/NNG","5"
"세요/NNP","4"
"시즌/NNG","74"
"쪽/NNB","5"
"신경/NNG","25"
"아/VV","75"
"짜증/NNG","17"
"뭛/UN","1"
"든지/ECE","3"
"번/NNM","24"
"이상/NNG","82"
"캐시/NNG","7"
"은/JKS","67"
"외/VV","6"
"만하/XSA","18"
"아무것/NNG","13"
"음/IC","12"
"구나/EFI","4"
"였/EPT","15"
"ㄹ게요/EFN","12"
"넣/VV","60"
"막/MAG","8"
"힘들/VA","34"
"어렵/VA","28"
"노/VV","13"
"손해/NNG","6"
"멤버쉽/NNG","13"
"낳/VV","13"
"이용권/NNG","6"
"해지/NNG","58"
"최신/NNG","15"
"오르/VV","74"
"유도/NNG","7"
"화나/VV","4"
"탈퇴/NNG","19"
"킹/NNG","7"
"디/NNG","20"
"즈/UN","11"
"절대/NNG","15"
"걸리/VV","56"
"면서/ECE","72"
"지게/NNG","1"
"다/NNG","8"
"거나/ECE","25"
"와이파이/NNG","23"
"해보래/UN","1"
"모든/MDT","24"
"해보/VV","34"
"알라딘/NNG","2"
"을/NNG","5"
"언어/NNG","17"
"가관/NNG","3"
"가/NNG","11"
"인지도/NNG","3"
"이유/NNG","32"
"최고/NNG","30"
"캐스트/NNG","39"
"아이콘/NNG","3"
"다가/ECD","119"
"가족/NNG","16"
"함께/MAG","9"
"번역/NNG","164"
"욕/NNG","7"
"쉐/VV","1"
"링/NNG","10"
"년/NNM","70"
"배/NNG","42"
"속/NNG","40"
"전무/NNG","2"
"폰트/NNG","12"
"등/NNB","68"
"습니까/EFQ","15"
"내내/MAG","3"
"행복/NNG","7"
"전반적/NNG","6"
"UI/OL","58"
"최악/NNG","88"
"메뉴/NNG","9"
"네비게이션/NNG","4"
"환경/NNG","14"
"설정/NNG","212"
"실종/NNG","1"
"글꼴/NNG","3"
"배경/NNG","27"
"그림자/NNG","2"
"한마디/NNG","1"
"너무너무/MAG","12"
"불친절/NNG","5"
"최소한/NNG","9"
"벤치마킹/NNG","4"
"하나/NR","55"
"끊임없이/MAG","2"
"시도/NNG","15"
"계좌/NNG","2"
"연락/NNG","8"
"니까/ECD","35"
"추석/NNG","1"
"전날/NNG","2"
"라고/ECD","16"
"일하/VV","2"
"계산/NNG","1"
"3200/NR","1"
"날르/VV","1"
"감/NNG","6"
"차감/NNG","1"
"기간/NNG","22"
"만큼/NNG","9"
"당연히/MAG","9"
"보시/VV","10"
"주의/NNG","4"
"한순간/NNG","2"
"소액/NNG","1"
"사기/NNG","4"
"당하/XSV","9"
"느낌/NNG","31"
"네/MDN","27"
"시스템/NNG","26"
"어이/NNG","8"
"나머지/NNG","6"
"금액/NNG","6"
"여/NNG","33"
"말/VV","28"
"글자/NNG","8"
"있/VA","13"
"다면/ECE","18"
"확인/NNG","33"
"입장/NNG","7"
"매우/MAG","30"
"중요/NNG","8"
"나/ECE","59"
"무료/NNG","41"
"겁/NNG","12"
"선택/NNG","39"
"접/NNM","4"
"여러/MDT","27"
"가지/NNB","10"
"점/NNG","66"
"지금/MAG","16"
"라/ECD","113"
"고/NNG","35"
"Z/OL","2"
"플립/NNG","4"
"이름/NNG","12"
"찾/VV","56"
"IP/OL","9"
"좀더/MAG","6"
"쉽/VA","9"
"새/NNG","11"
"단장/NNG","1"
"필요/NNG","75"
"꿈/NNG","4"
"100000/NR","1"
"업그레이드/NNG","7"
"시키/VV","13"
"만족/NNG","32"
"PLAY/OL","1"
"멈추/VV","36"
"스타워즈/NNG","30"
"제때/NNG","2"
"배짱/NNG","6"
"장사/NNG","12"
"고요/EFN","27"
"삼성/NNG","11"
"탭/NNG","42"
"당/NNG","7"
"7/NR","16"
"플러스/NNG","17"
"오/NNG","26"
"ㄴ다고요/EFN","3"
"제거/NNG","8"
"내용/NNG","22"
"여부/NNG","3"
"결정/NNG","4"
"외/NNB","21"
"일/NR","4"
"잘못하/VV","2"
"요청/NNG","25"
"구글/NNG","69"
"라/EFN","44"
"지나/VV","22"
"디플에서/UN","1"
"양쪽/NNG","1"
"서로/MAG","7"
"미루/VV","4"
"소보원/NNG","2"
"신고/NNG","4"
"어플실행/UN","1"
"SM/OL","1"
"T/OL","3"
"제가/NNG","23"
"음란/NNG","1"
"니/NP","13"
"황/NNG","4"
"드라마/NNG","102"
"다양/NNG","38"
"장기/NNG","2"
"끊기/VV","28"
"새끼/NNG","1"
"조/NNG","3"
"작하/NNG","1"
"네/XSN","20"
"리/NNB","6"
"뷰/NNG","10"
"할/NNM","1"
"이하/NNG","2"
"리/NNG","25"
"뷴/UN","1"
"데/NNG","8"
"대/NNG","8"
"노/NNG","11"
"려요/ECD","8"
"랙/NNG","7"
"사/VV","31"
"로딩으/UN","3"
"기막히/VA","1"
"상황/NNG","18"
"최적화/NNG","8"
"체크/NNG","5"
"급/NNG","5"
"똑같이/MAG","5"
"느/VV","9"
"무/NNG","5"
"눈/NNG","21"
"아프/VA","5"
"정/NNG","18"
"도로/NNG","4"
"팝업/NNG","66"
"보기/NNG","35"
"타/NNM","27"
"알/VV","102"
"편하/VA","16"
"거든요/EFN","8"
"밝기/NNG","119"
"N/OL","4"
"다니요/EFN","2"
"키우/VV","16"
"자/ECE","20"
"로딩지옥입니다/UN","1"
"한참/NNG","14"
"제일/NNG","8"
"구리/VA","44"
"돌/VV","11"
"주고/NNG","19"
"변화/NNG","4"
"시대/NNG","9"
"적응/NNG","2"
"세대/NNG","4"
"공감/NNG","2"
"시/NNG","54"
"회/NNG","36"
"정보/NNG","19"
"살피/VV","1"
"째/XSN","40"
"ㄴ데/ECD","29"
"월드/NNG","1"
"즈니컴포니코/UN","1"
"원/NNG","7"
"빼가내/UN","1"
"신청/NNG","9"
"ㄴ다/ECS","46"
"기이/VV","1"
"아무리/MAG","8"
"이어도/NNG","1"
"재/XPN","38"
"던데/ECD","24"
"이건/NNP","14"
"나/JC","40"
"모양/NNG","8"
"가능/NNG","59"
"월/NNG","10"
"및/MAG","28"
"회원/NNG","13"
"언제/NP","4"
"오우/NNG","1"
"굳/VV","2"
"어메이/NNG","3"
"징/NNG","8"
"레이스/NNG","1"
"이왕/MAG","1"
"6/NR","26"
"개월/NNM","26"
"해놧더/UN","1"
"니/JC","17"
"바/NNG","37"
"사라지/VV","24"
"욬/UN","4"
"볼만/NNG","20"
"그/VV","32"
"스쿨/NNG","2"
"뮤지컬/NNG","3"
"독점/NNG","9"
"건/NNM","49"
"소비자/NNG","10"
"안/NNG","41"
"환/NNG","7"
"불안/NNG","4"
"에요/EFN","34"
"먹튀/UN","1"
"야/JX","42"
"믿/VV","20"
"니깐/ECD","8"
"나원참/IC","1"
"동영상/NNG","16"
"적/XSN","13"
"분/NNB","14"
"수십/NR","2"
"번/NNB","43"
"조건/NNG","3"
"방안/NNG","1"
"내놓/VV","4"
"바라/VV","34"
"여러모로/MAG","6"
"기능도/NNG","5"
"터지/VV","5"
"건/ECE","33"
"진작/NNG","1"
"놀/VV","3"
"ㄹ라/ECD","12"
"넘/MAG","20"
"느림/NNG","13"
"웨이브/NNG","15"
"티빙/NNG","10"
"동물/NNG","1"
"사전/NNG","1"
"베/NNG","8"
"놈/NNB","15"
"그렇/VA","59"
"노웨이홈/UN","2"
"파/NNG","7"
"프롬/NNP","1"
"홈/NNG","21"
"쿠플보다/UN","1"
"SD/OL","7"
"외장/NNG","9"
"중/NNG","13"
"더블/NNG","10"
"무리/NNG","1"
"지요/EFN","4"
"겸사겸사/MAG","2"
"코딱지/NNG","2"
"경음/NNG","1"
"벨/NNG","3"
"런/NNG","27"
"스가/UN","1"
"전혀/MAG","20"
"구/NNG","17"
"솔직히/MAG","21"
"리/XSN","1"
"초반/NNG","4"
"월/NNM","31"
"정액/NNG","5"
"편/NNM","13"
"려/ECD","37"
"못/NNG","17"
"그거/NP","21"
"비하/VV","41"
"편의/NNG","13"
"미숙/XR","1"
"따로/MAG","31"
"전체/NNG","13"
"카테고리/NNG","15"
"일일이/MAG","6"
"아야/ECD","79"
"순/NNG","4"
"내/NP","39"
"성인/NNG","113"
"인증/NNG","148"
"완료/NNG","10"
"요/NNG","15"
"개도/NNG","1"
"설명도/NNG","1"
"갑자기/MAG","46"
"하/VX","18"
"저의/NNG","3"
"20/NR","36"
"울트라/NNG","16"
"며/ECE","19"
"빅/NNG","5"
"히/NNG","10"
"어로/NNG","4"
"오픈/NNG","12"
"한지/NNG","4"
"39/NR","13"
"못하/VA","16"
"디/EFQ","3"
"빻/VV","4"
"빨아먹/VV","1"
"방치/NNG","2"
"끊어지/VV","6"
"집중/NNG","11"
"번째/NNB","9"
"에러/NNG","20"
"로그/NNG","10"
"아웃/NNG","8"
"하래/NNG","8"
"머/MAG","4"
"어쩌/VV","48"
"태서렉트/UN","1"
"큐브/NNG","3"
"야/JKI","2"
"트랜스포머/NNG","1"
"구/XSN","2"
"거론/NNG","1"
"단어/NNG","4"
"가져오/VV","2"
"어/EFN","4"
"수준/NNG","47"
"참/MAG","30"
"크레딧/NNP","9"
"버튼/NNG","64"
"띄우/VV","12"
"던지/ECD","17"
"가기/NNG","22"
"오래/MAG","21"
"전부/NNG","4"
"어둡/VA","13"
"압도적/NNG","2"
"어두움/NNG","3"
"밤/NNG","3"
"씬/NNG","1"
"거실/NNG","1"
"불키/VV","1"
"농고/NNG","1"
"요소/NNG","1"
"안보/NNG","2"
"일정/NNG","5"
"불/NNG","3"
"분간/NNG","1"
"맞추/VV","5"
"감마/NNG","1"
"공중파/NNG","1"
"나/JX","37"
"다르/VA","37"
"티/NNG","15"
"뽕/NNG","4"
"썸넬/UN","1"
"그럼/MAG","3"
"단점/NNG","10"
"망하/VV","8"
"역시/MAG","17"
"메인/NNG","10"
"페이지/NNG","12"
"크롬/NNG","38"
"스트에/UN","1"
"소/EFN","2"
"고/ECS","9"
"조차/JX","21"
"불가능/NNG","22"
"별/XSN","7"
"더/EPT","118"
"덜/VV","22"
"같/VV","3"
"플랜/NNG","2"
"잡지/NNG","1"
"광/NNG","6"
"즐기/VV","11"
"만하/VXA","12"
"한정되있어/UN","1"
"더라/EFN","4"
"습니다만/ECE","5"
"여느/MDT","1"
"펌/UN","1"
"사이트/NNG","7"
"제공/NNG","18"
"가지/VV","16"
"수많/VA","3"
"두개/NNG","4"
"수천/NR","1"
"와/JKM","45"
"1.2/NR","1"
"소화/NNG","1"
"양/NNB","1"
"출시/NNG","33"
"여태껏/MAG","1"
"그래서/MAG","10"
"이용자/NNG","5"
"ㅁ에도/ECD","3"
"양이/NNG","2"
"물/NNG","9"
"정주행/NNG","13"
"없이/MAG","40"
"불법/NNG","12"
"같이/MAG","13"
"얼마나/MAG","11"
"웃기/VV","3"
"ㄴ가요/ECS","6"
"로서/JKM","3"
"요금/NNG","11"
"는다면요/ECE","1"
"가끔/MAG","21"
"버벅거리/VV","9"
"뺑뺑이/NNG","3"
"대실/NNG","2"
"밍/UN","2"
"저렴/XR","5"
"광고/NNG","13"
"제/XSN","3"
"기존/NNG","10"
"12/NR","18"
"인상/NNG","2"
"보/NNG","16"
"라고/JX","38"
"무엇/NP","12"
"우대/NNG","1"
"형/NNG","1"
"구독료/NNG","4"
"만드/VV","5"
"차라리/MAG","14"
"마/VV","19"
"한데/MAG","5"
"적/VA","16"
"시청가능/NNG","4"
"의지/NNG","6"
"은근/NNG","7"
"가도/NNG","3"
"알림/NNG","11"
"은데요/EFN","3"
"로딩걸려/UN","2"
"여요/ECD","5"
"언제/MAG","30"
"고요/NNG","15"
"결재/NNG","35"
"시급/XR","16"
"홀로/MAG","4"
"집/NNG","11"
"똑같/VA","20"
"오프라인/NNG","10"
"특정/NNG","4"
"오프/NNG","8"
"라인/NNG","10"
"사실상/MAG","3"
"제대/NNG","30"
"라고요/EFN","4"
"버전/NNG","24"
"쿠팡/NNP","17"
"유튜브/NNG","24"
"제어/NNG","4"
"와/JC","12"
"모두/NNG","7"
"또/MAG","48"
"낭비/NNG","1"
"이후/NNG","18"
"답변/NNG","14"
"일/NNG","37"
"놈/NNG","3"
"아이디/NNG","11"
"비밀/NNG","18"
"번호/NNG","69"
"되게/MAG","10"
"어라/EFO","10"
"이메일/NNG","10"
"개수작/NNG","1"
"부리/VV","5"
"이중/NNG","5"
"부과/NNG","2"
"유/NNG","7"
"플레이/NNG","50"
"총/MDT","1"
"메/NNG","5"
"일보/NNG","1"
"내도/NNG","1"
"으시/EPH","15"
"넷/NNG","7"
"짓/VV","7"
"오/EFN","10"
"들/NNM","12"
"도/NNG","10"
"줄/NNB","24"
"여도/ECD","22"
"흥미/NNG","3"
"서/JKS","2"
"롭/XSA","10"
"너무나/MAG","11"
"캐릭터/NNG","7"
"몰입/NNG","12"
"처럼/JKM","62"
"디지/VV","12"
"에/VV","8"
"방법/NNG","20"
"갱신/NNG","2"
"며/JC","5"
"새롭/VA","1"
"입력/NNG","52"
"여간/MAG","2"
"귀찮/VA","7"
"작업/NNG","6"
"어플사용/UN","1"
"언제나/MAG","4"
"볼/NNG","13"
"넷/NR","4"
"XX/OL","1"
"스보/UN","1"
"드럽/VA","8"
"죽/VV","14"
"여/NR","11"
"이래/NNB","5"
"잡/VV","6"
"편/NNG","20"
"이전/NNG","9"
"열리/NNG","4"
"질/XSN","7"
"강추/NNG","4"
"면/NNG","13"
"끝/NNG","21"
"풀리/VV","3"
"변경/NNG","30"
"하라/NNP","29"
"제/XPN","18"
"이젠/NNP","5"
"듯/ECD","8"
"메모리/NNG","12"
"피보/VV","1"
"실수/NNG","6"
"마지막/NNG","11"
"눌리/VV","9"
"피/NNG","8"
"으려/ECD","6"
"인트/UN","1"
"스킵/NNG","13"
"부분/NNG","65"
"일괄/NNG","1"
"성/XSN","27"
"경험/NNG","5"
"하기/NNG","5"
"마저/MAG","9"
"무시/NNG","9"
"경향/NNG","1"
"불과/MAG","2"
"거절/NNG","2"
"오래되/VV","4"
"잘만/NNP","5"
"들어주/VV","1"
"그리도/MAG","1"
"ㄴ지/ECD","63"
"판권/NNG","2"
"팔아넘기/VV","1"
"본인/NNG","7"
"특히/MAG","24"
"개인적/NNG","7"
"안중/NNG","1"
"변하/VV","3"
"맘/NNG","11"
"드/VV","17"
"구석/NNG","1"
"19/NR","9"
"열/NNG","3"
"번하/VA","5"
"제한/NNG","8"
"제대로/MAG","33"
"사상/NNG","1"
"재/NNG","10"
"살치/NNG","1"
"갈리/VV","3"
"걸/VV","17"
"혹시/MAG","14"
"늘/VV","25"
"조/NR","6"
"차/NNM","7"
"때문/NNB","61"
"다음달/NNG","2"
"탈퇴해야겠네/UN","1"
"여지/NNG","3"
"분명히/MAG","5"
"패드/NNG","9"
"복구/NNG","10"
"기기/NNG","48"
"발가락/NNG","1"
"짓/NNG","10"
"혀/NNG","1"
"ㄴ다/EFN","56"
"따라하/VV","6"
"등신/NNG","2"
"어느/MDT","17"
"긴하/VA","4"
"불필요/NNG","2"
"핫/NNG","1"
"스팟/UN","1"
"네트워크/NNG","10"
"해보/NNG","1"
"일본어/NNG","8"
"못마땅/XR","1"
"아시아/NNG","4"
"일본/NNG","7"
"년/NNG","9"
"버리/VXV","18"
"원하/VV","21"
"바보/NNG","3"
"별로/MAG","67"
"극장/NNG","8"
"내려가/VV","2"
"망/NNG","7"
"작/NNG","7"
"노웨이홈같/UN","1"
"8/NR","18"
"애초/NNG","7"
"마저/JX","6"
"분만/NNG","4"
"새로/MAG","8"
"본거/NNG","6"
"뱅뱅/MAG","1"
"되질/NNG","2"
"30/NR","8"
"동안/NNG","15"
"테두리/NNG","7"
"열림/NNP","6"
"헤매/VV","1"
"델/VV","2"
"장/NNG","4"
"먼저/MAG","4"
"무작정/NNG","1"
"서리/NNG","1"
"마우스/NNG","1"
"가입했더/UN","1"
"심히/MAG","2"
"내이/VV","2"
"든/ECE","23"
"노년/NNG","1"
"에게/JKM","20"
"내키/VV","1"
"프로그램/NNG","14"
"느끼/VV","9"
"지/EFN","9"
"박지/NNG","3"
"훈/NNG","3"
"번역가/NNG","15"
"데려가/VV","1"
"오역/NNG","29"
"의역/NNG","4"
"투성이/XSN","3"
"거슬리/VV","16"
"로딩만/UN","1"
"하고/JC","5"
"리뷰/NNG","54"
"듯이/ECD","2"
"공통점/NNG","1"
"최소/NNG","3"
"가지/NNM","4"
"전회/NNG","2"
"차로/NNG","3"
"일반/NNG","4"
"어플에서/UN","1"
"상당히/MAG","10"
"한국인/NNG","9"
"특성/NNG","2"
"상/NNG","9"
"트레이닝/NNG","1"
"여/ECS","5"
"사운드/NNG","6"
"사항/NNG","21"
"과/JKM","60"
"동일/NNG","3"
"일반적/NNG","3"
"플레이어플에/UN","1"
"지극히/MAG","1"
"갈/VV","23"
"길/NNG","8"
"멀/VA","13"
"덧/XPN","1"
"좋아지/VV","11"
"륌/UN","1"
"게다가/MAG","4"
"씩/MAG","6"
"중국/NNG","7"
"묻/VV","5"
"영/MAG","1"
"한컴/NNG","3"
"구/ECE","14"
"14/NR","2"
"뉴스/NNG","1"
"제보/NNG","2"
"ㄹ까/EFQ","7"
"안드로이드/NNG","49"
"부팅/NNG","6"
"고객/NNG","30"
"센터/NNG","23"
"대로/NNB","4"
"해도/NNG","2"
"유료/NNG","15"
"라서/JKS","9"
"한나절/NNG","1"
"어떡하/VV","5"
"이/NP","6"
"LG/OL","6"
"2015/NR","1"
"생산/NNG","1"
"안해/NNG","10"
"주면/NNG","1"
"중단/NNG","2"
"지네/NNG","3"
"어리/VA","2"
"그런데/MAC","4"
"갈수록/MAG","2"
"아바/NNP","3"
"우리말/NNG","2"
"없으/UN","2"
"문자/NNG","15"
"나요/ECE","7"
"말르/VV","4"
"건지/MAG","2"
"심각/XR","11"
"려는/ETD","30"
"허용/NNG","4"
"텝/UN","2"
"그/VA","4"
"남기/VV","15"
"하다/NNP","22"
"기구/NNG","3"
"독/NNG","15"
"프레이/NNG","1"
"나발/NNG","2"
"요구/NNG","4"
"금니/NNG","1"
"악물/VV","1"
"쯤/NNG","10"
"포기/NNG","3"
"외국계/NNG","1"
"운영자/NNG","2"
"마음대로/MAG","4"
"탑/NNG","5"
"어/XSN","3"
"정책/NNG","4"
"관리자/NNG","1"
"월급/NNG","2"
"부끄럽/VV","1"
"패밀리/NNG","2"
"가이/NNG","2"
"UPLOAD/OL","2"
"FAMILY/OL","1"
"GUY/OL","1"
"PLZZZZZZZ/OL","1"
"퓨쳐라마/UN","1"
"FUTURE/OL","1"
"RAMA/OL","1"
"TOOO/OL","1"
"FULL/OL","3"
"SEASONS/OL","1"
"타이밍/NNG","3"
"않/MAG","13"
"카/VV","3"
"소/NNG","4"
"지요/ECD","5"
"떠나/VV","4"
"야지/EFN","4"
"예전/NNG","8"
"24/NR","6"
"시절/NNG","2"
"역대/NNG","2"
"없/VV","15"
"주기/NNG","3"
"아까/MAG","3"
"움/NNG","6"
"노/XPN","1"
"프리/NNG","2"
"이딴/MDT","5"
"대기업/NNG","5"
"연령/NNG","3"
"능력/NNG","6"
"방식/NNG","8"
"대체/NNG","11"
"없씀/UN","1"
"달라/VV","5"
"적/VV","10"
"메세지/NNG","3"
"고객센터/NNG","3"
"기술/NNG","4"
"팀/NNG","6"
"ㄴ다며/ECE","1"
"특별/NNG","1"
"자기/NNG","2"
"담당/NNG","2"
"후진/NNG","1"
"에/JC","6"
"차별/NNG","18"
"데로/NNG","3"
"심각/NNG","4"
"멀티/NNG","8"
"감기/NNG","9"
"레/NNG","7"
"더/NNG","12"
"맨/NNG","23"
"이미/MAG","24"
"현저히/MAG","3"
"떨어지/VV","40"
"별도/NNG","4"
"결국/NNG","6"
"별루/MAG","4"
"땜/NNB","7"
"달래/VV","1"
"장난질/NNG","2"
"허/VA","1"
"빙글/MAG","3"
"돌기/NNG","3"
"돋/VV","3"
"읍니다/EFN","2"
"잊/VV","3"
"짱/NNG","18"
"마세/NNG","5"
"먹통/NNG","36"
"현대/NNG","2"
"카드/NNG","24"
"이벤트/NNG","6"
"100/NR","6"
"그다음/NNG","1"
"게다/NNG","10"
"무조건/NNG","3"
"바람/NNG","6"
"현/NNG","2"
"카/NNG","4"
"전화/NNG","11"
"도대체/MAG","14"
"어찌/MAG","5"
"다가/NNP","5"
"날림/NNG","3"
"만/NR","12"
"내노/VV","7"
"걍/MAG","20"
"발생/NNG","16"
"다는/ETD","41"
"시작/NNG","34"
"각/MDT","5"
"화/NNM","14"
"끝나/VV","16"
"비행기/NNG","2"
"여기/VV","9"
"주가/NNG","1"
"이만저만/NNG","1"
"옛날/NNG","11"
"길래/ECD","7"
"줌/NNG","6"
"주일/NNM","5"
"하지만/MAC","18"
"싫어하/VV","2"
"절대로/MAG","1"
"마/NNG","14"
"샘/NNG","1"
"뛰우/VV","2"
"세우/VV","1"
"ㄹ까요/ECD","4"
"는데요/ECD","23"
"드/XPN","5"
"들/NNG","6"
"반갑/VA","2"
"끊/VV","22"
"우/NNG","7"
"패/VV","1"
"다섯/NNG","1"
"솔직/XR","2"
"꾸밈없/VA","1"
"모습/NNG","4"
"그/NP","13"
"키/NNG","17"
"태형/NNG","2"
"형식/NNG","1"
"씨/NNB","2"
"듀엣/NNG","1"
"모두/MAG","12"
"힐링/NNG","2"
"곳곳/NNG","1"
"BGM/OL","1"
"이의/NNG","1"
"자/NNG","9"
"작곡/NNG","1"
"버벅여/UN","1"
"듯하/VXA","17"
"전환/NNG","7"
"초/NNG","9"
"앞/NNG","23"
"돌리/VV","19"
"기대/NNG","40"
"ㄹ까/ECD","11"
"훌쩍/MAG","1"
"지/NNM","2"
"있는걸/UN","1"
"설명/NNG","13"
"오리지널/NNG","11"
"해/NNG","37"
"마음/NNG","14"
"단/ETD","6"
"어째서/MAG","2"
"몰리/NNG","1"
"맥/NNG","2"
"기와/NNG","1"
"유령/NNG","1"
"제목/NNG","9"
"닫/VV","11"
"여/ECD","5"
"비/NNG","19"
"폴즈/UN","1"
"울/VV","4"
"하우스/NNG","2"
"앰/UN","3"
"피비/NNG","3"
"막/NNG","2"
"더욱/MAG","5"
"엉망진창/NNG","2"
"공식/NNG","3"
"이제/MAG","13"
"당연/XR","2"
"의심/NNG","9"
"정당/NNG","1"
"히/XSN","1"
"분발/NNG","1"
"ㅂ쇼/EFN","4"
"백/NNG","15"
"그라운드/NNG","15"
"이/NR","13"
"읃/VV","2"
"못합니다/UN","1"
"현상/NNG","9"
"아이패드/NNG","3"
"스크립트/NNG","3"
"그리고/MAG","57"
"대사/NNG","16"
"되감/VV","4"
"단위/NNG","4"
"직접/MAG","3"
"받아적/VV","1"
"더라도/ECD","9"
"사별/NNG","1"
"구식/NNG","1"
"꽝/NNG","5"
"학습자/NNG","2"
"흡수/NNG","1"
"기에/ECD","10"
"부족/NNG","68"
"PLEASE/OL","3"
"PROVIDE/OL","2"
"A/OL","8"
"FUNCTION/OL","2"
"THAT/OL","1"
"CAN/OL","1"
"PRINT/OL","1"
"OUT/OL","1"
"THE/OL","2"
"ENTIRE/OL","1"
"SCRIPT/OL","1"
"LIKE/OL","3"
"NETFLIX/OL","2"
"JUST/OL","1"
"EACH/OL","1"
"LINE/OL","1"
"REWIND/OL","2"
"IT/OL","6"
"UNCOMFORTABLE/OL","1"
"TO/OL","1"
"FOR/OL","1"
"SECONDS/OL","1"
"준비/NNG","19"
"유트브/UN","1"
"열받/VV","5"
"괞/UN","1"
"찬/NNG","1"
"문재/NNG","1"
"게/NNG","8"
"기록/NNG","15"
"이어/MAG","1"
"마냥/MAG","6"
"버퍼/NNG","4"
"오지/NNG","1"
"넼/NNB","1"
"신안/NNG","2"
"원지/NNG","1"
"꽃집/NNG","1"
"입/VV","4"
"오랫만/NNG","1"
"데드/NNG","27"
"풀/NNG","12"
"무조건/MAG","11"
"스와/UN","1"
"프/UN","9"
"제/NNG","8"
"스치/VV","1"
"쓸어올리/VV","3"
"진행/NNG","16"
"이동/NNG","18"
"무게감/NNG","1"
"랜/NNG","3"
"이즈/NNG","3"
"업체/NNG","3"
"나중/NNG","9"
"라도/NNP","9"
"골뱅이/NNG","1"
"접어/NNG","2"
"랑가/UN","1"
"키보드/NNG","2"
"전원/NNG","3"
"꺼지/VV","12"
"켜짐/NNG","5"
"최적/NNG","3"
"화가/NNG","8"
"전체적/NNG","9"
"살짝/MAG","6"
"묘하/VA","1"
"낮/VA","10"
"스토리/NNG","5"
"전개/NNG","2"
"펜/NNG","1"
"더스/UN","1"
"남/VV","6"
"신랑/NNG","1"
"캔디/NNG","1"
"텍사스/NNG","1"
"죽음/NNG","2"
"회/NNM","5"
"막이/NNG","5"
"섞이/VV","3"
"검수/NNG","8"
"범고래/NNG","1"
"다큐/NNP","15"
"보고/JKO","3"
"카카오페이/NNG","2"
"카카오페이에/UN","1"
"계속되/UN","1"
"며칠/NNG","17"
"여기/NP","21"
"강력/NNG","1"
"♂/SW","1"
"문의/NNG","20"
"상담/NNG","11"
"시은/NNG","1"
"상담원/NNG","5"
"문/NNG","11"
"재/VV","1"
"갤폴드/NNG","4"
"갤럭시/UN","1"
"영/NNG","4"
"상명/NNG","1"
"정확/NNG","5"
"라고/JKQ","4"
"물어보/VV","2"
"혼자/NNG","8"
"서/NNG","2"
"담/NNG","5"
"불구/XR","3"
"독보적/NNG","3"
"이제/NNG","8"
"빠염/UN","1"
"간만/NNG","2"
"로딩만되/UN","2"
"요/JC","1"
"늦/VV","3"
"로드/NNG","1"
"란/ETD","11"
"그나마/MAG","6"
"적도/NNG","3"
"윗부분/NNG","1"
"던지/VV","2"
"진심/NNG","9"
"한참/MAG","2"
"밑/NNG","6"
"해외/NNG","15"
"훨씬/MAG","9"
"우리/NP","8"
"흑우/NNG","2"
"깔끔/XR","6"
"들어오/VV","27"
"검/VA","35"
"글씨체/NNG","1"
"기준/NNG","11"
"한계/NNG","3"
"드러나/VV","2"
"뒤쳐지/VV","1"
"오비/VV","1"
"ORVILLE/OL","1"
"SEASON/OL","1"
"업/VV","2"
"지루/XR","3"
"과연/MAG","5"
"최근/NNG","5"
"왓차/NNG","34"
"딸랑/MAG","1"
"국어/NNG","2"
"ㅂ니다만/ECE","3"
"여타/NNG","1"
"성능/NNG","3"
"그닥/MAG","6"
"극단적/NNG","1"
"칸/NNG","3"
"토/NNG","12"
"메이/NNG","5"
"빨갛/VA","2"
"맛/NNG","7"
"단편/NNG","4"
"떼우/VV","1"
"오랜만/NNG","7"
"꽤/MAG","6"
"라구요/EFN","7"
"플랫/NNG","1"
"폼/NNG","1"
"욕심/NNG","2"
"99000/NR","3"
"잘못/MAG","7"
"누/VV","1"
"럿/UN","2"
"니플/NNG","1"
"러스/UN","1"
"가요/NNG","20"
"이래/NNG","6"
"북/MAG","1"
"전주시/NNP","1"
"666/NR","1"
"와/VV","11"
"산/NNG","1"
"은행/NNG","1"
"로/XSN","6"
"96/NR","1"
"길래/MAG","2"
"여러번/NNG","1"
"인/NNG","13"
"숲/NNG","4"
"감사/NNG","22"
"채널/NNG","12"
"해상도/NNG","1"
"인하/VV","4"
"형님/NNG","3"
"심하/VA","25"
"KEEPS/OL","1"
"LOADING/OL","1"
"SO/OL","2"
"I/OL","1"
"COULDN/OL","1"
"USE/OL","1"
"타사/NNG","9"
"대비/NNG","9"
"삶/NNG","3"
"의미/NNG","6"
"미러/NNG","4"
"족히/MAG","1"
"기보/NNG","1"
"종종/MAG","2"
"번개/NNG","1"
"아/XSN","2"
"권/XSN","5"
"우선/MAG","8"
"모든/NNP","18"
"최하위/NNG","1"
"조금/MAG","16"
"놓치/VV","2"
"일쑤/NNG","1"
"쿠플/UN","1"
"소모/NNG","2"
"넘겨보/VV","1"
"서버/NNG","9"
"불안정/NNG","9"
"외부/NNG","2"
"저장소/NNG","1"
"는가/EFQ","3"
"이듬/NNG","2"
"느긋/XR","1"
"편안/NNG","1"
"정리/NNG","9"
"뜨만/UN","1"
"냅두/VV","1"
"방탄/NNG","2"
"거기/NP","6"
"검색/NNG","54"
"결과/NNG","3"
"다고만/ECE","1"
"핵/NNG","2"
"넘/NNB","5"
"80/NR","1"
"년대/NNM","3"
"기분/NNG","9"
"오늘/NNG","26"
"ㄴ지요/EFQ","2"
"조카/NNG","1"
"님/NNG","7"
"당장/NNG","7"
"독자/NNG","1"
"커/VV","6"
"알람/NNG","4"
"희대/NNG","1"
"폴/NNG","3"
"진출/NNG","5"
"너무하/VA","10"
"멋지/VA","3"
"영웅/NNG","1"
"모레/MAG","1"
"시계/NNG","2"
"수백/NR","1"
"째/VV","5"
"을/JX","1"
"이왜/UN","1"
"PIN/OL","11"
"늦/VA","24"
"공개/NNG","29"
"아파트/NNG","1"
"이웃/NNG","1"
"수상/NNG","2"
"호구/NNG","8"
"졸작/NNG","1"
"썩/VV","3"
"시험/NNG","1"
"겹치/VV","3"
"ㄴ다면/ECE","10"
"낫/VA","21"
"텍스트/NNG","1"
"모조리/MAG","2"
"뭉개지/VV","2"
"표기/NNG","3"
"으며/ECE","8"
"열기/NNG","1"
"적인/NNG","9"
"조금/NNG","7"
"다시금/MAG","1"
"자면/ECE","6"
"21/NR","6"
"일주일/NNG","8"
"결하/VV","2"
"물론/MAG","11"
"압도/NNG","1"
"그렇/VV","8"
"본건/NNG","1"
"왤/UN","6"
"굉장히/MAG","14"
"프것겄/UN","1"
"기타/NNG","6"
"그레이/NNG","4"
"나토/NNG","4"
"18/NR","6"
"외/VA","4"
"스타/NNG","4"
"질문/NNG","1"
"대하/VV","26"
"다시/NNG","3"
"깔/XSN","1"
"앗/VV","2"
"해석/NNG","3"
"키스/NNG","1"
"식스센스/NNG","1"
"대박/NNG","10"
"친의/NNG","1"
"해킹/NNG","2"
"도용/NNG","1"
"고통/NNG","1"
"과/JC","21"
"사진/NNG","2"
"닥터스트레인지/NNP","4"
"멀/VV","1"
"버스/NNG","5"
"유행/NNG","1"
"프로/NNG","19"
"쭉/MAG","1"
"사실/NNG","4"
"토르/NNG","2"
"디바이스/NNG","2"
"다하/VV","9"
"로딩때문/UN","1"
"대한민국/NNG","1"
"막히/VV","5"
"국가/NNG","5"
"확연히/MAG","1"
"백인/NNG","1"
"동양인/NNG","1"
"작동/NNG","19"
"비/VV","2"
"건/NNG","17"
"로딩만하네/UN","1"
"가지게/NNG","1"
"부/XPN","4"
"터/NNG","4"
"체/NNG","5"
"려니/EFN","8"
"세/MDN","5"
"지불/NNG","4"
"퍽/MAG","1"
"집이/NNG","1"
"무제한/NNG","1"
"느라/ECD","5"
"빵빵/MAG","2"
"한데/NNG","14"
"공지/NNG","5"
"히/VV","3"
"평/NNG","5"
"네이버/NNG","6"
"진/NNG","4"
"수기/NNG","1"
"우리나라/NNG","6"
"빼/VV","28"
"러/ECD","16"
"예민/XR","2"
"그렇게/MAG","6"
"괜찮/VA","39"
"힘/NNG","10"
"빠지/VV","13"
"빙글빙글/MAG","3"
"으아/MAG","1"
"쥐새끼/NNG","2"
"성공/NNG","4"
"기업/NNG","9"
"UIUX/OL","1"
"누/NNG","10"
"끔찍/XR","2"
"PM/OL","1"
"자주/MAG","14"
"인터넷망/NNG","1"
"퉁/MAG","2"
"COUNTERFEIT/OL","1"
"U/OL","4"
"셋/NNG","4"
"르/NNG","8"
"모/NNG","3"
"싶/VV","8"
"어플기능/UN","1"
"곳/NNG","14"
"이외/NNG","4"
"빈약/NNG","5"
"혹은/MAG","2"
"어려움/NNG","4"
"수도/NNG","2"
"EX/OL","3"
"바트/NNM","2"
"누나/NNG","3"
"눌/VV","5"
"귀/NNG","2"
"하면서/NNG","4"
"설/NNG","74"
"강화/NNG","71"
"끌/VV","2"
"왔어도/UN","1"
"동북/NNG","4"
"공정/NNG","5"
"제외/NNG","6"
"나라/NNG","18"
"ㄴ다니까/EFN","1"
"더럽/VA","4"
"곧/MAG","4"
"역사/NNG","38"
"왜곡/NNG","32"
"데블/VV","1"
"가해자/NNG","1"
"자로/NNG","1"
"대장/NNG","1"
"금/NNG","3"
"표절/NNG","1"
"한복/NNG","2"
"삼겹살/NNG","1"
"전세계/NNG","1"
"개봉/NNG","4"
"절대/MAG","3"
"관하/VV","3"
"비슷/XR","5"
"리라/EFN","2"
"옵션/NNG","11"
"모니터/NNG","1"
"장면/NNG","18"
"허다/XR","2"
"최대/NNG","8"
"감상/NNG","6"
"바탕/NNG","7"
"시/XSN","13"
"위치/NNG","13"
"비슷하/VA","2"
"의도/NNG","1"
"잡한/NNG","1"
"참으로/MAG","1"
"닦/VV","1"
"템/NNB","1"
"츠/UN","2"
"도와주/VV","4"
"왠/MDT","1"
"십/NR","4"
"알/NNM","2"
"족가/NNG","1"
"턴/NNG","3"
"나열/NNG","2"
"문제점/NNG","7"
"질/NNG","12"
"높/VA","5"
"연구/NNG","2"
"없었/VV","6"
"없애/VV","11"
"노력/NNG","4"
"비교/NNG","23"
"넘어오/VV","9"
"확실히/MAG","5"
"차이/NNG","5"
"내/NNB","21"
"내/NNG","17"
"손가락/NNG","2"
"낫듣/UN","1"
"쫌/MAG","13"
"지저분/XR","4"
"난잡/XR","1"
"세/NNM","10"
"으라는/ETD","3"
"해야/UN","3"
"어휴/IC","12"
"힘들/VV","2"
"군/NNG","4"
"새/VV","1"
"자고/ECD","5"
"꼭/MAG","27"
"ㅂ시오/EFN","4"
"참고/NNG","10"
"체험/NNG","10"
"치/VV","43"
"어가/NNG","3"
"식인/NNG","1"
"반성/NNG","1"
"나아지/VV","6"
"의향/NNG","3"
"다분/XR","1"
"받으/VV","5"
"등록/NNG","8"
"유로/NNG","1"
"안내/NNG","6"
"당황/NNG","5"
"메일/NNG","5"
"주소/NNG","4"
"평소/NNG","2"
"주말/NNG","2"
"몰/VV","12"
"해지/VV","6"
"저/VV","8"
"오온/NNG","1"
"뒤지/VV","3"
"손절하/VV","2"
"만원/NNG","4"
"강제/NNG","4"
"하려/NNG","4"
"STOP/OL","1"
"통제/NNG","1"
"보강/NNG","1"
"고인물/NNG","1"
"비디오/NNG","3"
"대여점/NNG","1"
"클릭/NNG","7"
"빨/VV","4"
"이점/NNG","3"
"늘리/VV","5"
"세로/NNG","6"
"양/NNG","7"
"옆/NNG","5"
"가로/NNG","2"
"위아래/NNG","2"
"공백/NNG","1"
"양옆/NNG","2"
"개똥/NNG","5"
"누구/NP","4"
"까먹/VV","2"
"은/NNG","4"
"그리/MAG","7"
"기본적/NNG","20"
"갖추/VV","7"
"암만/MAG","1"
"찍/VV","4"
"내보/VV","2"
"알차/VA","1"
"검정색/NNG","17"
"구/NR","10"
"범죄/NNG","1"
"수사물/NNG","1"
"미드/NNG","9"
"몰르/VV","11"
"규/UN","1"
"싫/VV","4"
"진열/NNG","1"
"욮/UN","1"
"얘기/NNG","8"
"때/NNB","1"
"에는/JKM","1"
"초/NNM","24"
"손/NNG","6"
"튿/VV","5"
"지경/NNB","1"
"잠깐/NNG","2"
"볼일/NNG","1"
"힘/NNM","3"
"¤/SW","1"
"외국/NNG","8"
"엄청/MAG","31"
"보세/NNG","5"
"고아/NNG","1"
"로딩되면/UN","1"
"장점/NNG","12"
"보완/NNG","3"
"대항/NNG","1"
"작의/NNG","1"
"용이/XR","1"
"세기/NNG","2"
"폭스/NNG","3"
"나름/NNB","2"
"한가지/NNG","1"
"업/NNG","6"
"형태/NNG","1"
"딪/UN","1"
"노트/NNM","1"
"색상/NNG","3"
"음영/NNG","1"
"진하/VA","1"
"음량/NNG","19"
"재/NNB","4"
"생/NNG","1"
"생중/NNG","2"
"심지어/MAG","19"
"누르기/NNG","1"
"상단/NNG","4"
"야/NNG","3"
"단독/NNG","1"
"낫/VV","7"
"실화/NNG","7"
"정녕/MAG","1"
"글로벌/NNG","4"
"군/NNB","1"
"가/JKC","26"
"진짜로/MAG","2"
"어플이였는데/UN","1"
"DISNEY/OL","3"
"자/VV","10"
"날/NNG","17"
"제작자/NNG","3"
"님/XSN","8"
"고/XSN","5"
"서요/ECD","2"
"도저히/MAG","4"
"적이/VV","1"
"만들기/NNG","3"
"걷/VV","4"
"삭제/UN","1"
"적지/NNG","1"
"흠잡/VV","1"
"빔프/UN","1"
"앗/IC","1"
"저/MDT","7"
"갈아타/VV","3"
"만점/NNG","1"
"땜/NNG","3"
"무비/NNG","4"
"대/EFN","1"
"난/NNG","1"
"거니까/UN","1"
"야/EFN","7"
"양도/NNG","3"
"이리/MAG","7"
"씨/NNG","3"
"부레/NNG","1"
"올림/NNG","1"
"존댓말/NNG","18"
"반말/NNG","12"
"제멋대로/MAG","3"
"셋톱박스/NNG","1"
"상세/XR","2"
"서/VV","6"
"요망/NNG","2"
"음악/NNG","3"
"희망/NNG","2"
"화합/NNG","1"
"어느/MAG","2"
"플랫폼/NNG","15"
"거든요/ECD","2"
"음/NNG","6"
"정상/NNG","9"
"고만/MAG","1"
"어/NNG","2"
"스에/UN","2"
"직관적/NNG","3"
"평생/NNG","2"
"달/VXV","4"
"폭/NNG","2"
"다소/MAG","2"
"앙/UN","2"
"개이득/NNG","1"
"적/NNG","2"
"음/XSN","3"
"연간/NNG","18"
"카드사/NNG","2"
"월간/NNG","1"
"혜택/NNG","3"
"적용/NNG","7"
"검토/NNG","2"
"사랑/NNG","14"
"닥스/UN","1"
"스륵/MAG","1"
"굵/VA","2"
"쓸빠/UN","1"
"그동안/NNG","4"
"어플들어가/UN","2"
"악플들/UN","1"
"78/NR","1"
"W/OL","2"
"GY/OL","1"
"86709/NR","1"
"BEEN/OL","1"
"오/NR","5"
"갑자/NNG","2"
"기/XSN","3"
"지속/NNG","3"
"흠/NNG","4"
"거든/ECD","1"
"고맙/VA","3"
"믹/UN","2"
"이/JX","6"
"대기/NNG","3"
"저번/NNG","8"
"주/NNG","13"
"한시간/NNP","1"
"믄/UN","1"
"제설/NNG","2"
"절정/NNG","1"
"젖/NNG","1"
"반복재생/NNG","1"
"케이/NNG","4"
"션/UN","6"
"빌/VV","2"
"검/NNG","1"
"운/NNG","5"
"이란/JX","2"
"별거/NNG","2"
"이슈/NNG","3"
"제각각/NNG","1"
"가장/MAG","17"
"젠/UN","7"
"지/NNG","30"
"하여/MAG","1"
"뚝뚝/MAG","1"
"유난히/MAG","1"
"작고/NNG","7"
"흔해빠지/VV","1"
"불만/NNG","9"
"건지/NNG","2"
"잘나가/VV","1"
"곤/ECS","9"
"빵점/NNG","1"
"어플자체/UN","4"
"중간/NNG","41"
"엉뚱/XR","1"
"오비완/UN","1"
"노비/NNG","1"
"땋/VV","8"
"커지/VV","2"
"빡/NNG","7"
"거/NNG","2"
"달라지/VV","4"
"사이/NNG","7"
"너/NP","2"
"거리/NNG","6"
"인물/NNG","5"
"틀리/VV","19"
"방해/NNG","3"
"영향/NNG","3"
"덕분/NNG","5"
"쉐도잉/UN","1"
"편집/NNG","3"
"더군요/EFI","5"
"분류/NNG","5"
"렵니다/EFN","2"
"또한/MAG","2"
"화도/NNG","1"
"안대/NNG","1"
"스트레스/NNG","9"
"1.5/NR","14"
"닿/VV","6"
"ㄹ라고/EFQ","5"
"간절히/MAG","1"
"음성/NNG","15"
"소설/NNG","1"
"읽/VV","11"
"신세계/NNG","2"
"인건/NNG","5"
"약점/NNG","1"
"파트너/NNG","1"
"지창/NNG","1"
"욱/MAG","1"
"많으/UN","2"
"녀/NNG","2"
"노르웨이/NNG","1"
"극/NNG","3"
"나/NNG","1"
"뽀에버/UN","1"
"꿋꿋이/MAG","1"
"으로서/JKM","6"
"사소/XR","1"
"차/NNB","1"
"쌓이/VV","2"
"둘째치/VV","5"
"원본/NNG","3"
"끓/VV","1"
"발열/NNG","2"
"대대적/NNG","1"
"승/NNG","2"
"구리/NNG","6"
"후발/NNG","7"
"주자/NNG","9"
"오타쿠/NNG","1"
"일본산/NNG","1"
"사라/NNG","1"
"시청자/NNG","5"
"접근/NNG","12"
"완전히/MAG","5"
"라프텔/NNG","1"
"껴들/VV","1"
"보유/NNG","1"
"충분/XR","8"
"넘치/VV","3"
"적당히/MAG","1"
"부정적/NNG","1"
"세상/NNG","9"
"오지/VA","4"
"엔진/NNG","2"
"멍청/XR","4"
"물/VV","1"
"소재/NNG","1"
"얘/UN","2"
"타나/VV","1"
"캐치/NNG","1"
"만화/NNG","14"
"현재/NNG","11"
"제작/NNG","5"
"그것/NP","21"
"업계/NNG","4"
"제일/MAG","10"
"재미나/VV","3"
"장르/NNG","11"
"VOD/OL","3"
"어야지/EFN","12"
"말썽/NNG","1"
"대부분/NNG","9"
"적이/MAG","2"
"근대/NNG","1"
"용량/NNG","6"
"만/VV","2"
"어른/NNG","5"
"뿐/NNB","9"
"이따/MAG","11"
"구로/NNG","5"
"알고리즘/NNG","4"
"죠음/UN","1"
"진입/NNG","2"
"글/VV","2"
"굵기/NNG","1"
"얇/VA","2"
"빠저나가/UN","1"
"거르/VV","2"
"불일치/NNG","2"
"라도/ECD","20"
"ㄴ다고만/ECE","1"
"졸라/MAG","1"
"볼륨/NNG","15"
"아마추어/NNG","2"
"MAC/OL","1"
"OS/OL","2"
"HIGH/OL","1"
"SIERRA/OL","1"
"10.13/NR","1"
"멋대로/MAG","3"
"높임말/NNG","1"
"왓다갓다하/UN","1"
"도가/NNG","3"
"1.25/NR","5"
"배수/NNG","1"
"많들어줘/UN","1"
"입/NNG","2"
"장이/XSN","1"
"좌우/NNG","3"
"여백/NNG","3"
"내가/NNG","20"
"중이/NNG","5"
"그런데/MAG","3"
"어색/XR","6"
"구간/NNG","5"
"챙기/VV","2"
"VPN/OL","4"
"정말로/MAG","4"
"따라가/VV","4"
"ㄹ새/ECE","1"
"링크/NNG","8"
"실시간/NNG","3"
"지역/NNG","3"
"싸/VV","3"
"그래서/MAC","8"
"먀/UN","1"
"족/NNG","1"
"쓰래기/NNG","3"
"답/XSA","7"
"신작/NNG","7"
"보여/NNG","1"
"토이/NNG","1"
"합/NNG","5"
"내야/NNG","4"
"없세/UN","1"
"아래/NNG","9"
"쓸데없/VA","2"
"본사/NNG","1"
"설레이/VV","1"
"사랑이/NNG","1"
"최/NNP","6"
"고/VV","1"
"번역기/NNG","15"
"계열/NNG","2"
"공간/NNG","1"
"상하/NNG","1"
"니야/NNG","1"
"확대/NNG","5"
"나가/VXV","2"
"깜빡거리/VV","2"
"0.5/NR","2"
"리셋/NNG","1"
"산다/NNG","1"
"관심/NNG","5"
"두/VXV","5"
"무섭/VA","2"
"따/VV","7"
"윈/UN","7"
"싫으/UN","1"
"이십/NR","1"
"장생/NNG","1"
"씹즈/UN","1"
"ㅂ시다/EFA","5"
"감동적/NNG","2"
"주기적/NNG","1"
"로딩하/UN","1"
"저장해/NNG","3"
"밋/UN","4"
"원인/NNG","2"
"잡/XPN","1"
"싶/VX","1"
"미/NNM","2"
"드가/VV","4"
"여기밖에/UN","1"
"켜/VV","11"
"야밤/NNG","1"
"난리나/VV","2"
"사르/VV","1"
"통해/NNG","2"
"버거/UN","1"
"내일/MAG","1"
"통하/VV","6"
"가득/MAG","2"
"초대/NNG","2"
"대학교/NNG","1"
"과제/NNG","1"
"일자/NNG","1"
"께/JKM","4"
"내요/EFN","5"
"회사/NNG","7"
"급조/NNG","1"
"팍팍/MAG","1"
"여전히/MAG","3"
"수동/NNP","1"
"써/VV","9"
"절/NNG","2"
"실/XSN","1"
"어플중/UN","1"
"어플이네/UN","2"
"비밀번호/NNG","2"
"자리/NNG","1"
"다릉화면으/UN","1"
"김/NNG","1"
"두/NNM","1"
"고전/NNG","2"
"영원/NNG","1"
"상하좌우/NNG","1"
"레터/NNG","3"
"박스/NNG","8"
"굳이/MAG","10"
"바꿔주/VV","2"
"개구/NNG","2"
"IMAX/OL","1"
"대신/NNP","7"
"심심찮/VA","1"
"침/NNG","6"
"상상/NNG","2"
"현실/NNG","2"
"보다/MAG","5"
"울리/VV","2"
"놀라/VV","2"
"섬광/NNG","2"
"직원/NNG","5"
"악/NNG","5"
"플/UN","10"
"오시/VV","2"
"스럽/VA","1"
"워즈/UN","1"
"언제쯤/NNG","2"
"지부/NNG","1"
"의문/NNG","4"
"핀/NNG","49"
"켯다가/UN","1"
"지/VV","5"
"인터넷/UN","1"
"구경하/NNG","1"
"겪/VV","2"
"산사람/NNG","1"
"비율/NNG","7"
"화면비율/NNG","2"
"희/VA","3"
"므/UN","1"
"기프트/NNG","2"
"이야/JX","10"
"동네/NNG","3"
"단지/MAG","1"
"통일/NNG","4"
"처/NNG","7"
"반년/NNG","2"
"하지/NNG","2"
"간곡히/MAG","1"
"대전투/NNG","1"
"그려지/VV","1"
"잦/VA","6"
"찧/VV","2"
"편리/NNG","5"
"어둡/VV","1"
"대로/JX","8"
"터치/NNG","11"
"가리/VV","6"
"내리/VV","17"
"즈니/UN","1"
"국내/NNG","19"
"퀄리티/NNG","16"
"병/NNG","2"
"X/OL","14"
"왕/NNG","3"
"비싸/VV","2"
"랬/UN","5"
"오/MDN","2"
"타가/NNG","3"
"득/NNG","1"
"매/NNG","4"
"수차례/NNG","1"
"간/NNB","3"
"호칭/NNG","3"
"오랜/MDT","3"
"관계/NNG","7"
"하단/NNG","2"
"슬라이드/NNG","3"
"움직임/NNG","1"
"반영/NNG","6"
"도망치/VV","1"
"꾹/MAG","3"
"분노/NNG","1"
"치밀/VV","1"
"살/VV","9"
"지만/XR","5"
"폴/VV","3"
"조작/NNG","6"
"내셔널/NNG","7"
"지오/IC","2"
"그래피/NNG","1"
"햇는/UN","1"
"추/NNG","1"
"캡틴/NNG","3"
"메리/NNG","2"
"시빌워/UN","1"
"앤/NNG","5"
"트맨/UN","2"
"골르/VV","6"
"개떡/NNG","2"
"같이/JKM","7"
"놓/VV","12"
"스타트/NNG","1"
"훌륭/XR","2"
"연동/NNP","12"
"끈기/NNG","3"
"일단/NNG","3"
"ㄴ/JX","12"
"체가/NNG","1"
"노웨이홈/NNP","2"
"한심/XR","1"
"항공/NNG","4"
"사고/NNG","3"
"수사대/NNG","4"
"경어/NNG","2"
"하대/NNG","1"
"혼용/NNG","1"
"영한/NNG","1"
"번역자/NNG","4"
"들어서/VV","1"
"칼/NNG","1"
"캐/VV","1"
"암흑/NNG","1"
"암픅/UN","1"
"여태/NNG","1"
"불쾌/XR","2"
"미완성/NNG","1"
"종류/NNG","2"
"필/NNG","10"
"떻/UN","2"
"로키정말/UN","1"
"넘기기/NNG","12"
"인터/NNP","6"
"페이스/NNG","6"
"연속보/NNG","1"
"기도/NNG","4"
"실컷/MAG","2"
"맘껏/MAG","1"
"항상/MAG","7"
"픽/MAG","19"
"오등/NNG","1"
"블/VV","7"
"돕/VV","4"
"내일/NNG","4"
"휙휙/MAG","2"
"난리/NNG","3"
"누락/NNG","2"
"깨지/VV","5"
"건느/VV","4"
"뛰/VV","4"
"속터지/VV","1"
"효/NNG","1"
"저절로/MAG","2"
"재설/NNG","1"
"치/XSN","1"
"반응성/NNG","1"
"만달/NNG","8"
"10.5/NR","1"
"일전/NNG","2"
"세계적/NNG","4"
"라니/NNP","8"
"미리/MAG","2"
"신규/NNG","6"
"어린이/NNG","3"
"그간/NNG","1"
"비가/NNG","2"
"닥터/NNG","2"
"스트레인/NNG","1"
"유지/NNG","4"
"구취/NNG","1"
"민중/NNG","1"
"딩/UN","2"
"동생/NNG","2"
"장담/NNG","2"
"망이/NNG","2"
"언/NNG","3"
"밝비/UN","1"
"곰/NNG","1"
"만/NNG","3"
"뽑/VV","1"
"대형/NNG","1"
"피드백/NNG","5"
"대화/NNG","3"
"아/NNG","5"
"머/NP","5"
"시급/NNG","3"
"겠음/UN","1"
"원래/NNG","9"
"주로/MAG","3"
"느껴지/VV","6"
"원래/MAG","4"
"워킹/NNG","10"
"11/NR","11"
"붕괴/NNG","1"
"콘첸츠빨/UN","1"
"하루빨리/MAG","3"
"눈높이/NNG","1"
"하하/MAG","2"
"새빨갛/VA","1"
"맨/MDT","8"
"하/NNG","3"
"하나하나/NNG","3"
"극치/NNG","1"
"이대로/MAG","1"
"파일/NNG","5"
"ㄹ래요/EFQ","2"
"칭/NNM","26"
"간혹/MAG","1"
"영상싱크/UN","1"
"투명도/NNG","4"
"색/XSN","1"
"중만/NNG","1"
"누/EFQ","2"
"비/XPN","6"
"응신/NNG","1"
"그만/MAG","4"
"애기/NNG","2"
"동/NNG","2"
"인정/NNG","3"
"오디오/NNG","15"
"어쩧/VA","3"
"글씨/NNG","12"
"ㄴ단/ETD","2"
"별개/NNG","3"
"세요/EFA","3"
"프로젝트/NNG","3"
"평점/NNG","13"
"깊카/UN","3"
"충전햐/UN","1"
"거부/NNG","6"
"매번/MAG","6"
"이래/MAG","1"
"선풍기/NNG","1"
"반의/NNG","1"
"반개/NNG","1"
"짜리/XSN","5"
"호환성/NNG","5"
"제로/NNG","1"
"친화/NNG","1"
"다수/NNG","1"
"외국어/NNG","3"
"ㄴ답시고/ECE","2"
"쓸데없이/MAG","1"
"참고하/VV","2"
"엘/NNG","4"
"팩/NNG","1"
"거참/IC","1"
"포함/NNG","4"
"타/VV","4"
"받앗/UN","1"
"BUT/OL","1"
"로딩표시/UN","1"
"다시/VA","1"
"인도/NNG","3"
"쪽/NNG","1"
"들/VA","2"
"원활/NNG","2"
"만큼/NNB","7"
"소용/NNG","2"
"아무/MDT","5"
"움직이/VV","5"
"키워드/NNG","3"
"안정성/NNG","2"
"잘못/NNG","6"
"무능/NNG","1"
"기만/NNG","3"
"어떤/MDT","19"
"걸/NNG","7"
"림/XSN","2"
"박/VV","2"
"의/NNG","6"
"빔/NNG","3"
"ㄴ데요/ECD","5"
"젭/UN","1"
"일요일/NNG","1"
"즐거움/NNG","1"
"돌려주/VV","3"
"툭/MAG","1"
"걸맞/VA","1"
"괜히/MAG","10"
"만료/NNG","1"
"조그만하/VA","1"
"짱구/NNG","1"
"당신/NP","4"
"나의/NNG","5"
"겨울/NNG","2"
"왕국/NNG","3"
"가져가/VV","2"
"프로젝터/NNG","2"
"막/VV","4"
"의견/NNG","3"
"었/VV","2"
"간/NNG","10"
"사가/NNG","2"
"이재명/NNG","2"
"로고/NNG","2"
"로딩되/UN","1"
"스레/UN","1"
"기/NNG","4"
"나이트/NNG","5"
"뱔/UN","1"
"색인/NNG","2"
"조/VV","2"
"需要稍微改善一下/OH","1"
"듣기/NNG","2"
"존재/NNG","3"
"사용중/NNG","2"
"읽기/NNG","1"
"쓰기/NNG","1"
"MB/OL","1"
"PRIME/OL","1"
"VIDEO/OL","1"
"인지/NNG","2"
"궁금/XR","8"
"제기/NNG","1"
"내장/NNG","2"
"아무런/MDT","2"
"문제없이/MAG","1"
"로딩뜨면/UN","1"
"막장/NNG","1"
"받아치/VV","1"
"먹/VV","17"
"최하/NNG","2"
"에휴/UN","1"
"결/NNG","8"
"지/XSN","1"
"망해/NNG","1"
"메시지/NNG","2"
"주기/MAG","1"
"년/NNB","5"
"오거/NNG","1"
"푸/VV","7"
"찔리/VV","1"
"탓/NNG","6"
"선/NNG","11"
"후반부/NNG","1"
"승인/NNG","2"
"인간/NNG","2"
"대단/MAG","1"
"무더기/NNG","1"
"매출/NNG","1"
"꼴/NNG","6"
"나지/NNG","2"
"달/VV","7"
"뻐기/VV","1"
"꼬라지/NNG","4"
"보소/NNG","1"
"정성/NNG","2"
"발전/NNG","7"
"대다수/NNG","1"
"안전/NNG","2"
"가입자/NNG","1"
"과정/NNG","5"
"무하/VA","1"
"관심없/VV","2"
"정/MDT","1"
"중국어플/UN","1"
"는군요/EFI","1"
"호/VV","1"
"대충/NNG","6"
"오리지날/NNG","3"
"죄/NNG","1"
"죽/NNG","1"
"개불편/NNG","3"
"연속/NNG","3"
"강/NNG","8"
"투/NNG","5"
"폐기물/NNG","1"
"순간/NNG","8"
"냠/UN","1"
"정신/NNG","3"
"정이/NNG","1"
"싶/VXV","4"
"봐/VV","4"
"극악/NNG","1"
"한영/NNG","2"
"나뉘/VV","1"
"농협/NNG","1"
"충분히/MAG","2"
"토스/NNG","1"
"익숙/XR","3"
"사용시/NNG","4"
"민감/XR","2"
"엔딩/NNG","10"
"누리/VV","2"
"정식/NNG","3"
"때/VV","6"
"각종/NNG","2"
"젤/MAG","3"
"식이/NNG","1"
"만나/VV","2"
"욕하/VV","3"
"조르/VV","3"
"싸요/UN","2"
"DDD/OL","1"
"혜지/NNG","1"
"초당/NNG","1"
"잠시/MAG","2"
"으니까/ECD","10"
"조일/NNG","1"
"붕/MAG","2"
"써비스/NNG","1"
"접/VV","2"
"뜨/VA","2"
"UPDATE/OL","2"
"귀멸의칼날/NNP","2"
"가치/NNG","4"
"차차/MAG","5"
"죠/VA","2"
"BD/OL","1"
"중지/NNG","3"
"간단/XR","3"
"심플/NNG","1"
"추구/NNG","1"
"야/NNB","5"
"도대체/UN","1"
"백색/NNG","1"
"소음/NNG","1"
"줄이/VV","1"
"조용/XR","1"
"네다섯/NR","1"
"춤/NNM","1"
"한도/NNG","2"
"미디어/NNG","5"
"깊/VA","2"
"것/NNM","7"
"들이/VV","13"
"모여/UN","1"
"묘/NNG","1"
"피곤/NNG","1"
"개시/NNG","2"
"아마/MAG","1"
"후기/NNG","6"
"대/VV","3"
"없다/VA","9"
"확신/NNG","3"
"변/NNG","2"
"연장/NNG","6"
"빼야/UN","1"
"타/NNG","4"
"로딩단계/UN","1"
"기능성/NNG","2"
"숫자/NNG","5"
"망가지/VV","1"
"빼먹/VV","1"
"한국말/NNG","4"
"배우/VV","11"
"외국인/NNG","2"
"으나/ECE","16"
"웟/UN","4"
"삼초/NNG","1"
"키즈/NNG","8"
"빠져나오/VV","2"
"여성/NNG","1"
"출연자/NNG","2"
"남성/NNG","1"
"어떠/VV","6"
"놓이/VV","1"
"트랜드/UN","1"
"보지/NNG","3"
"응답/NNG","4"
"LTE/OL","1"
"V/OL","1"
"50/NR","2"
"모델/NNG","1"
"소프트웨어/NNG","2"
"좋아햐/UN","1"
"수단/NNG","1"
"중딩/UN","1"
"씹히/VV","1"
"점점/MAG","2"
"쥐/NNG","5"
"콩/NNG","2"
"만만/XR","3"
"차/VV","3"
"차리/VV","1"
"각박/XR","1"
"니들/NNG","5"
"홍보/NNG","7"
"까보/VV","1"
"뭣/UN","4"
"사업/NNG","2"
"주제/NNG","3"
"으라/EFO","4"
"는지요/EFQ","2"
"사/NNG","12"
"연관/NNG","3"
"두/VV","3"
"감하/VV","1"
"탈자/NNG","1"
"가망/NNG","1"
"왓차는/UN","1"
"커녕/JX","2"
"딸리/VV","6"
"ㄹ게/EFN","11"
"SPLASH/OL","1"
"상륙/NNG","2"
"다만/MAG","10"
"애니메니션들/UN","1"
"판/XSN","10"
"철수/NNG","3"
"장수/NNG","1"
"야죠/UN","2"
"툴/UN","1"
"시정/NNG","3"
"똥/NNG","6"
"모자/NNG","2"
"22/NR","3"
"어플설치/UN","1"
"ㄴ대요/EFN","2"
"얼마/NNG","14"
"이지만/NNG","1"
"왓/UN","8"
"래요/UN","2"
"방금/MAG","1"
"아야/MAG","1"
"FE/OL","5"
"조치/NNG","6"
"취하/VV","2"
"채/NNB","2"
"대응/NNG","3"
"일수/NNG","1"
"기억/NNG","5"
"PS/OL","8"
"로/NNG","14"
"국가별/NNG","3"
"날짜/NNG","1"
"성의/NNG","5"
"데/EFN","1"
"우편/NNG","2"
"편차/NNG","1"
"두고두고/MAG","2"
"비판/NNG","2"
"영어권/NNG","1"
"망치/VV","2"
"자제/NNG","1"
"저있꺼든/UN","1"
"내용물/NNG","4"
"투자/NNG","8"
"자기/NP","3"
"거진/MAG","1"
"호환/NNG","9"
"경색/NNG","2"
"옅/VA","1"
"벌써/MAG","3"
"식/NNB","9"
"이서/NNG","1"
"짱/MAG","2"
"다석/NR","1"
"23/NR","1"
"한/NNG","4"
"학생/NNG","1"
"ㄴ데요/ECE","4"
"왜냐면/MAG","2"
"갤러리/NNG","1"
"내의/NNG","1"
"담당자/NNG","3"
"이러하/VA","2"
"밑에서/NNG","1"
"위로/NNG","5"
"편리성/NNG","2"
"건의/NNG","1"
"위주/NNG","2"
"어째/MAG","2"
"붙박이/NNG","1"
"백날/MAG","1"
"모시/VV","1"
"노출/NNG","1"
"군요/EFI","11"
"집어넣/VV","2"
"스크롤/NNG","4"
"족족/MAG","1"
"다반사/NNG","1"
"소형/NNG","2"
"하몀/UN","1"
"써보/VV","3"
"핻느/UN","1"
"위/NNM","5"
"스튜디오/NNG","1"
"빈티지/NNG","1"
"개별/NNG","1"
"명/NNG","3"
"까다롭/VA","1"
"데/MAG","6"
"라로크/UN","1"
"다그/VV","6"
"백설/NNG","2"
"공주/NNG","6"
"OST/OL","1"
"중임/NNG","3"
"준기/UN","1"
"전소/NNG","1"
"민/NNG","4"
"도입/NNG","3"
"마시/VV","5"
"삼일/NNG","1"
"배상/NNG","1"
"로딩하다/UN","3"
"이주일/NNG","1"
"보내/VV","3"
"컴컴/XR","1"
"스탠/UN","1"
"바이/MAG","2"
"그랜드/NNG","1"
"부/NNG","1"
"페스트/NNG","1"
"호텔/NNG","1"
"역시나/NNG","1"
"성/NNG","1"
"BTV/OL","2"
"슬프/VA","1"
"색/NNG","1"
"색깔/NNG","1"
"올르/VV","6"
"올/VV","1"
"코리아/NNG","4"
"그룹워치/UN","2"
"끼리/XSN","4"
"계획/NNG","6"
"친일파/NNG","1"
"작가/NNG","1"
"검증/NNG","2"
"안하/NNG","5"
"공/XPN","1"
"유기/NNG","2"
"작아지/VV","7"
"웹/NNG","9"
"뛰어들/VV","1"
"맡기/VV","4"
"맨날/MAG","1"
"14.6/NR","1"
"인치/NNG","3"
"잘리/VV","3"
"실/NNG","2"
"행시/NNG","1"
"우리/NNM","1"
"직해/NNG","1"
"튀/VV","1"
"직업/NNG","1"
"가져야겠어/UN","1"
"호호/MAG","1"
"지난주/NNG","1"
"공유/NNG","9"
"캐쉬/UN","1"
"없서/UN","1"
"귀찮/VV","2"
"멤버십/NNG","6"
"보류/NNG","1"
"한정적/NNG","1"
"주류/NNG","1"
"용하/NNG","1"
"실리/VV","1"
"피하/VV","3"
"16/NR","7"
"대망/NNG","1"
"완성/NNG","1"
"제계/NNG","1"
"기금/NNG","1"
"상식/NNG","1"
"참조/NNG","1"
"해고/NNG","1"
"개미/NNG","4"
"월트/UN","1"
"지하/NNG","1"
"프로그래밍/NNG","1"
"당/XSN","1"
"크레/UN","6"
"이지/NNG","1"
"러브/NNG","1"
"팔/VV","3"
"차단/NNG","1"
"팔/NNG","10"
"콘/NNG","14"
"앤윈터솔져/UN","1"
"윈터솔져/UN","3"
"이득/NNG","3"
"태/NNG","1"
"공짜/NNG","4"
"비추/NNG","4"
"시/VV","12"
"떠돌/VV","1"
"그대로/MAG","16"
"긁/VV","2"
"겁나/VV","3"
"별은/NNG","1"
"드리고/NNG","2"
"돈빼가/UN","1"
"고/JC","6"
"미치/VV","10"
"신/NNG","5"
"KOREAN/OL","1"
"고르/VV","7"
"이리저리/MAG","1"
"장황/XR","1"
"도움/NNG","1"
"창구/NNG","1"
"강하/VA","2"
"점수/NNG","1"
"화이팅하세/UN","1"
"저희/NP","3"
"화이팅할께/UN","1"
"벌금/NNG","2"
"쬐금/UN","1"
"신중/NNG","1"
"중도/NNG","1"
"가/XSN","1"
"갯수/UN","1"
"뭔소린지/UN","1"
"존대/NNG","4"
"통일성/NNG","1"
"불친절하/VA","1"
"짜/VV","5"
"식/VV","1"
"재주/NNG","1"
"단연/MAG","2"
"꼬딱/UN","1"
"저능아/NNG","1"
"관대/XR","1"
"봉/NNG","2"
"어쨌든/MAG","1"
"질/VV","3"
"에결/UN","1"
"제하/VV","2"
"자/NNB","1"
"래고/UN","1"
"나쁘/VV","2"
"스타일/NNG","12"
"피시/NNG","1"
"죄다/MAG","7"
"일나/VV","1"
"별루/NNG","3"
"어음/NNG","4"
"로봇/NNG","1"
"딱딱/XR","2"
"즉시/NNG","1"
"캐슬/UN","2"
"드이/VV","1"
"취/UN","2"
"솔/NNG","8"
"그래픽/NNG","9"
"방송/NNG","3"
"WICKED/OL","1"
"TUNA/OL","1"
"암튼/MAG","3"
"가라/VV","2"
"더하/VV","3"
"스페인어/NNG","1"
"흐름/NNG","1"
"만도/NNG","1"
"올해/NNG","2"
"비전/NNG","8"
"플스에서/UN","1"
"정렬/NNG","2"
"스토어/NNG","6"
"되걸/VV","1"
"강제로/UN","1"
"뜯/VV","2"
"작/NNM","2"
"와우/NNG","3"
"제랑/NNG","1"
"헷갈리/VV","1"
"치고/JX","3"
"앱로딩/NNG","1"
"놧/UN","1"
"말투/NNG","4"
"죵나/UN","2"
"넥플/UN","1"
"사용법/NNG","1"
"드릅/UN","1"
"딱하/VA","1"
"리브/NNG","1"
"돌비/NNG","6"
"비젼/NNP","3"
"애트/UN","3"
"모스/NNG","3"
"APP/OL","3"
"제품/NNG","4"
"테스트/NNG","6"
"일부제/NNG","1"
"조사/NNG","3"
"과/XSN","1"
"충격적/NNG","1"
"너무/UN","2"
"NAE/OL","1"
"MU/OL","1"
"HANEYO/OL","1"
"ZINZA/OL","1"
"BEASOC/OL","1"
"HANAMAN/OL","1"
"CHUGA/OL","1"
"HAEJUSAYO/OL","1"
"없슴/UN","1"
"천지/NNP","3"
"깜박거리/VV","1"
"럭/UN","1"
"그럭저럭/MAG","2"
"대충/MAG","4"
"하인드/NNG","1"
"초기화/NNG","2"
"와요/NNG","3"
"ULTRA/OL","1"
"수신/NNG","3"
">/SS","5"
"도대/MAG","1"
"잇/VA","1"
"해제/NNG","7"
"꼭꼭/MAG","2"
"숨기/VV","2"
"천국/NNG","1"
"일시/NNG","4"
"정지/NNG","5"
"B/OL","1"
"고침/NNG","1"
"×/SW","2"
"불변/NNG","1"
"친절/NNG","5"
"주심/NNG","2"
"2022/NR","2"
"정부/NNG","2"
"사기업/NNG","1"
"그지/NNG","1"
"경고문/NNG","4"
"가림/NNG","2"
"북/NNG","4"
"오브/NNG","4"
"펫/UN","7"
"심의/NNG","4"
"부자연/NNG","2"
"이어폰/NNG","2"
"음에도/ECS","3"
"불구하/VV","3"
"킹스/UN","6"
"찜/NNG","4"
"다루/VV","2"
"한둘/NR","1"
"점/NNB","2"
"궁금하/VA","2"
"어서요/ECD","1"
"인시/NNG","1"
"빠에겐/UN","1"
"실감/NNG","1"
"숨/NNG","1"
"그림/NNG","1"
"절약/NNG","1"
"모이/VV","2"
"시/NNM","6"
"새벽/NNG","1"
"전기료/NNG","1"
"아끼/VV","1"
"세분화/NNG","1"
"디퍼/NNG","1"
"구/XPN","2"
"내/EFN","3"
"젤/NNG","7"
"모험/NNG","3"
"힐/NNG","1"
"내부/NNG","1"
"잠/NNG","1"
"쟈/UN","1"
"전송/NNG","6"
"크롬캐스트/NNG","5"
"왜냐하면/MAG","2"
"답니다/EFN","4"
"다리/NNG","1"
"사이즈/NNG","9"
"방도/NNG","1"
"외화/NNG","1"
"과/NNG","3"
"금하/VV","1"
"이달/NNG","1"
"죄송/XR","2"
"멘트/NNG","1"
"뿐/JX","5"
"인식/NNG","1"
"왼편/NNG","1"
"절반/NNG","1"
"잡아먹/VV","2"
"문구/NNG","1"
"오래/VV","1"
"제조사/NNG","1"
"저작권/NNG","3"
"해서/NNG","1"
"시기/NNG","4"
"어렵/VV","3"
"결국/MAG","1"
"권/NNG","2"
"들여오/VV","3"
"해밀턴/NNG","2"
"있다/MAG","5"
"기싸움/NNG","1"
"아름/NNP","1"
"하녀/NNG","1"
"푹/MAG","2"
"블루투스/NNG","3"
"스피커/NNG","3"
"ㄴ답니다/EFN","1"
"꼬/EFN","1"
"위법/NNG","1"
"물면/NNG","1"
"후지/VA","3"
"도둑맞/VV","1"
"되돌/VV","2"
"환불/UN","1"
"비원/NNG","1"
"좋인/UN","1"
"시나리오/NNG","2"
"궁/NNG","1"
"금/XSN","1"
"IOS/OL","3"
"상대적/NNG","1"
"저냥/MAG","1"
"용/XSN","9"
"두개정/NNG","1"
"라면/NNG","2"
"크크크크크/UN","1"
"킄크/UN","1"
"크크크크크크크/UN","1"
"크크크/UN","2"
"흐/MAG","5"
"으크으으트릏/UN","1"
"틀/NNG","3"
"크/VV","1"
"느컿두느코뉴으오쟈지캬/UN","1"
"크크/UN","1"
"흧/UN","1"
"흐흐/MAG","3"
"애매/XR","5"
"국판/NNG","1"
"돋보기/NNG","1"
"최초/NNG","3"
"과다/NNG","1"
"서포트/NNG","1"
"인간적/NNG","3"
"점프/NNG","2"
"인생/NNG","2"
"백/NR","2"
"정주/NNG","1"
"행중/NNG","1"
"쓰이/VV","6"
"표현/NNG","1"
"생략/NNG","5"
"쯩/UN","1"
"역/NNG","2"
"최강/NNG","1"
"분명/MAG","7"
"본지/NNG","1"
"모름/NNP","3"
"GRAVITY/OL","1"
"FALLS/OL","1"
"방영/NNG","18"
"쌓/VV","1"
"니까요/ECD","1"
"티브이/NNG","1"
"큐/NNG","3"
"알/NNG","1"
"거로/NNG","2"
"쓰뤠/UN","1"
"풍/NNG","1"
"성함/NNG","1"
"솔솔/MAG","1"
"긍정적/NNG","1"
"오죽하/VA","1"
"반란군/NNG","2"
"씨리/MAG","2"
"가격/NNG","11"
"겅/UN","1"
"부당/NNG","1"
"비용/NNG","2"
"지나가/VV","5"
"현존/NNG","1"
"있습/UN","2"
"니더/NNG","2"
"분할/NNG","1"
"편리함/NNG","1"
"자신감/NNG","2"
"디즈니잖아/UN","1"
"여/JKI","1"
"몫/NNG","1"
"오죽/MAG","1"
"여기/MAG","1"
"91/NR","4"
"구/ECS","1"
"월요일/NNG","1"
"소지/NNG","1"
"나이/NNG","6"
"꺼꾸로/MAG","1"
"베/VV","4"
"즐겁/VA","2"
"쒼나/UN","1"
"코로나/NNG","2"
"쏘옥/MAG","1"
"릭스/UN","2"
"></EMO","1"
"릭/UN","1"
"잔인/NNG","1"
"ㅁ니다/EFN","2"
"평화/NNG","1"
"잔잔/XR","1"
"나/VXV","6"
"순식간/NNG","1"
"비어/NNG","1"
"결론/NNG","2"
"스티치/NNG","3"
"123/NR","2"
"친/NNG","1"
"꾀/VV","3"
"활성화/NNG","4"
"탈회/NNG","1"
"완벽히/MAG","1"
"다듬/VV","1"
"되/XSA","2"
"맞춤법/NNG","2"
"치/NNB","3"
"오른쪽/NNG","2"
"돼지/NNG","1"
"시원찮/VA","1"
"전부/MAG","6"
"콩알/NNG","2"
"덕/NNG","5"
"이자/NNG","2"
"킹스맨/UN","2"
"WOW/OL","1"
"환상적/NNG","3"
"중복/NNG","3"
"여러분/NP","4"
"돈독/NNG","1"
"내/VXV","2"
"하질/NNG","2"
"푸/VA","1"
"총/NNG","1"
"권익/NNG","1"
"위원회/NNG","1"
"호크/NNG","11"
"사실상/NNG","1"
"재방송/NNG","1"
"우회/NNG","1"
"수고/NNG","1"
"탐색/NNG","4"
"많습죠/UN","1"
"암유/NNG","1"
"봤슈/UN","1"
"채팅/NNG","5"
"너와/NNG","3"
"경찰/NNG","4"
"수업/NNG","3"
"매주/MAG","1"
"수요일/NNG","1"
"논란/NNG","6"
"응원/NNG","2"
"최소화/NNG","3"
"흉내/NNG","1"
"더빙이/UN","1"
"GOOD/OL","5"
"밀어/NNG","1"
"잡고/NNG","1"
"재미없/VA","4"
"얘보다/UN","1"
"쳐먹/VV","1"
"극도/NNG","1"
"마찬가지/NNG","4"
"해당/NNG","4"
"종/NNG","2"
"해당화/NNG","1"
"틀/VV","2"
"동하/VV","2"
"화재/NNG","2"
"생시/NNG","1"
"로딩이되/UN","1"
"화수/NNG","2"
"날/VV","1"
"생가/NNG","1"
"학교/NNG","1"
"소통/NNG","1"
"충이/VV","1"
"차오르/VV","1"
"ㄴ다네요/EFN","2"
"메이크영상/UN","1"
"듯이/NNB","1"
"게임/NNG","7"
"좋른/UN","1"
"이랑/NNG","7"
"데요/EFN","1"
"그래/JX","1"
"기로/ECD","1"
"따뜻/XR","1"
"풍부/XR","1"
"그런/MDT","4"
"바꾸기/NNG","1"
"앞뒤/NNG","3"
"SMART/OL","1"
"초보/NNG","2"
"52/NR","1"
"가슴/NNG","1"
"시원/XR","2"
"세/NNG","6"
"혀/XSV","1"
"고은/NNG","1"
"설레/NNB","1"
"이런저런/MDT","2"
"등급/NNG","7"
"새/MDT","2"
"폴더/NNG","1"
"부모님/NNG","2"
"브라우저/NNG","6"
"청각/NNG","1"
"손쉽/VA","1"
"홈페이지/NNG","2"
"인앱/NNG","4"
"애플/NNG","2"
"혼동/NNG","1"
"쿠키/NNG","4"
"THIS/OL","2"
"IS/OL","3"
"WAY/OL","1"
"몇몇/MDT","7"
"띄어쓰기/NNG","3"
"백두산/NNP","1"
"마르/VV","1"
"닳/VV","1"
"스무스/NNG","1"
"클립/NNG","1"
"주인공/NNG","1"
"적어도/MAG","5"
"도/XSN","1"
"그레이/NNM","5"
"자두/NNG","1"
"제주도/NNP","1"
"편도/NNG","1"
"부계/NNG","1"
"드리/VXV","2"
"딪플/UN","1"
"당일/NNG","5"
"혐즈/UN","2"
"으려고/ECD","2"
"발악/NNG","1"
"백업/NNG","1"
"다니엘/NNG","5"
"연기/NNG","3"
"낮/NNG","2"
"렵/UN","1"
"명이/NNG","2"
"나누/VV","2"
"중구난방/NNG","3"
"등장인물/NNG","2"
"아무튼/MAG","3"
"반응/NNG","8"
"만이/NNG","1"
"살길/NNG","1"
"나/ECS","1"
"아꿉/UN","1"
"들/JX","2"
"대요/EFN","1"
"첨/MAG","1"
"원/NNP","1"
"갓/NNG","3"
"성비/NNG","5"
"세라/NNP","1"
"32/NR","1"
"E/OL","2"
"라디오/NNG","3"
"게끔/ECD","2"
"박박/MAG","1"
"수로/NNG","1"
"생/XSN","1"
"남색/NNG","3"
"아마도/MAG","1"
"변동/NNG","1"
"미니/NNG","1"
"가보/VV","3"
"히어로/NNG","1"
"반감/NNG","1"
"유쾌/XR","1"
"캐스팅/NNG","1"
"넹/UN","1"
"멋있/VA","1"
"귀엽/VA","2"
"설레/VV","1"
"아름답/VA","1"
"선물/NNG","2"
"치명적/NNG","5"
"늘어나/VV","3"
"믿음/NNG","1"
"BM/OL","1"
"할인/NNG","2"
"이에/MAG","2"
"보상/NNG","4"
"알리/VV","2"
"SU/OL","2"
"단하/NNG","1"
"정신건강/NNG","1"
"해로/NNG","1"
"청춘/NNG","2"
"싱그럽/VA","1"
"풋풋/XR","2"
"믓/UN","1"
"찌/VV","1"
"예쁘/VA","1"
"헐크/UN","6"
"잡채/NNG","1"
"아이언/NNG","4"
"합법/NNG","1"
"2008/NR","1"
"당시/NNG","2"
"살의/NNG","1"
"왕따/NNG","1"
"시일/NNG","6"
"코스모스/NNG","1"
"괜/UN","2"
"추/VV","2"
"즈즈/UN","1"
"외의/NNG","1"
"무겁/VA","2"
"인내심/NNG","1"
"길르/VV","1"
"대표/NNG","1"
"에러코즈/UN","1"
"목로/NNG","1"
"웩/UN","1"
"않/VXA","4"
"정하/VV","5"
"세가지/NNG","1"
"미소/NNG","1"
"상큼/XR","1"
"생도/NNG","2"
"ON/OL","1"
"OFF/OL","1"
"둘/NR","2"
"문제없/VA","3"
"2021/NR","2"
"맘대로/MAG","5"
"아주/NNP","3"
"인질/NNG","1"
"멱살/NNG","1"
"끌어가/VV","1"
"몹시/MAG","1"
"향상/NNG","3"
"금방/MAG","3"
"나가버렸/UN","1"
"신선/NNG","1"
"수욜/NNG","1"
"해야겠어/UN","2"
"그로/NNG","1"
"이시/NNG","1"
"엉엉/MAG","1"
"UX/OL","4"
"멥버/UN","1"
"십/MDN","1"
"조아/NNG","4"
"창조/NNG","1"
"붙이/VV","1"
"어스/NNG","1"
"꺼/VV","8"
"이로/NNP","1"
"팅/UN","3"
"날개/NNG","1"
"뻔/NNB","4"
"리스닝/UN","1"
"구분/NNG","4"
"소개/NNG","2"
"플레이스테이션/NNG","3"
"반드시/MAG","4"
"커서/NNG","2"
"말소리/NNG","2"
"쾅/MAG","1"
"귀청/NNG","1"
"뱀파이어/NNG","4"
"현재/MAG","1"
"FIRE/OL","1"
"부족하/VA","4"
"저질/NNG","2"
"녕/UN","1"
"이터널/NNG","3"
"아니/MAG","1"
"어울리/VV","1"
"시대적/NNG","1"
"31/NR","5"
"제도/NNG","2"
"치우/VV","1"
"방학/NNG","1"
"잔뜩/MAG","4"
"고등학생/NNG","2"
"중학생/NNG","1"
"초등학생/NNG","1"
"유용/NNG","2"
"급급/XR","2"
"거/NNM","2"
"관람/NNG","7"
"더티/NNG","1"
"올리고/NNG","2"
"부실/NNG","3"
"지남/NNG","1"
"최신작/NNG","2"
"한물가/VV","1"
"13/NR","3"
"17/NR","2"
"관계자/NNG","2"
"계시/VXA","2"
"드디어/MAG","13"
"오신/NNG","1"
"럽/UN","4"
"영/NNM","1"
"다/XPN","1"
"음화/NNG","1"
"극/XPN","1"
"암/NNG","3"
"따라잡/VV","1"
"자료/NNG","2"
"중국인/NNG","1"
"만든어플/UN","1"
"억울/XR","3"
"진실/NNG","1"
"편만/NNG","1"
"썻/UN","1"
"번거롭/VA","1"
"속히/MAG","1"
"서양/NNG","1"
"배터리/NNG","3"
"순삭/NNG","1"
"삼/EFN","1"
"주옥같/VA","1"
"핍모드/UN","1"
"ㄹ래/EFQ","1"
"경쟁사/NNG","1"
"파악/NNG","4"
"암울/NNG","1"
"현질/NNG","1"
"자존심/NNG","1"
"지기/NNG","1"
"ㄴ데/EFN","1"
"송/NNG","1"
"버그/NNG","19"
"MCU/OL","3"
"40/NR","1"
"다요/ECS","1"
"도요/NNG","1"
"보는데/UN","1"
"양심/NNG","1"
"ㄴ다고요/ECE","1"
"에바자/UN","1"
"갯/UN","1"
"수/NNG","7"
"좀비/NNG","1"
"좋깄어/UN","1"
"징징대/VV","2"
"앵/UN","1"
"간한/NNG","2"
"들여놓/VV","1"
"수일간/NNG","1"
"물/XSN","4"
"86/NR","1"
"SJ/OL","1"
"9570/NR","1"
"휙/MAG","2"
"나가요/UN","1"
"얼렁/MAG","1"
"고딩/UN","1"
"거보/NNG","1"
"뒷/NNG","1"
"거래/NNG","1"
"톨/NNM","1"
"엔/NNG","3"
"독하/VA","2"
"재밋어/UN","1"
"플렉스/NNG","3"
"출력/NNG","2"
"둘/NNG","2"
"같/VXA","2"
"저장용량/NNG","1"
"덜/MAG","3"
"차지/NNG","2"
"직/NNG","2"
"점/XSN","2"
"나무라/VV","1"
"외주/NNG","2"
"오스틴/NNG","1"
"앨리/NNG","1"
"동석/NNG","1"
"쪼/VV","1"
"매/ECD","1"
"아쉅네/UN","1"
"백조/NNG","2"
"있엇으면좋겟습니/UN","1"
"으세요/EFA","3"
"유일한/NNG","2"
"매/XSN","1"
"몰아보기/NNG","1"
"불능/NNG","1"
"애간장/NNG","1"
"태우/VV","1"
"취향/NNG","6"
"분석/NNG","1"
"찾아내/VV","2"
"고쳐/VV","3"
"유명/NNG","3"
"품질/NNG","1"
"월등/MAG","1"
"변비/NNG","1"
"기념일/NNG","1"
"적/NNB","4"
"한번쯤/NNG","1"
"되도록/MAG","1"
"샹/UN","4"
"등/NNG","3"
"줄/NNG","3"
"깨/NNG","2"
"드로/NNG","2"
"살아나/VV","1"
"새해/NNG","1"
"근무/NNG","1"
"베트남/NNG","4"
"불찰/NNG","1"
"도리/NNG","1"
"시점/NNG","2"
"할것으/UN","1"
"코믹스/NNG","1"
"경쟁/NNG","2"
"슬/VA","1"
"사세/NNG","1"
"아쉽/VV","2"
"목마르/VA","1"
"구원/NNG","1"
"2.0/NR","1"
"욧/UN","2"
"괴짜/NNG","1"
"괴담/NNG","1"
"일기/NNG","1"
"뺏기/VV","1"
"유지가/NNG","1"
"이민/NNG","1"
"스한/UN","1"
"식구/NNG","1"
"괴/NNM","2"
"랄/UN","1"
"끊어야겠다/UN","1"
"미흡/NNG","2"
"장소/NNG","1"
"안정적/NNG","1"
"매일/MAG","2"
"매이/VV","1"
"투하/NNG","1"
"정확히/MAG","2"
"떠/VV","2"
"훨/MAG","2"
"정리되있어/UN","1"
"밤새/VV","1"
"선보/VV","1"
"딱히/MAG","4"
"산규/NNG","1"
"냐면/ECE","1"
"오후/NNG","1"
"시간대/NNG","2"
"인어/NNG","1"
"녀/VV","1"
"건너/NNG","2"
"띄/VV","3"
"여야/ECD","2"
"안심/NNG","1"
"으니까요/ECD","1"
"합돠/UN","1"
"설가/NNG","1"
"정독/NNG","1"
"극/NR","1"
"장/NNM","1"
"메가/NNG","2"
"히트/NNG","2"
"출퇴근/NNG","1"
"보급/NNG","1"
"터널/NNG","1"
"왜/UN","1"
"인뎁/UN","1"
"띠/MAG","1"
"타임/NNG","2"
"있/VXA","1"
"화로/NNG","5"
"들쭉날쭉/MAG","1"
"리/EFQ","2"
"ㄴ다니/EFN","1"
"텐츠들/UN","1"
"영화관/NNG","4"
"순서/NNG","2"
"뒤죽박죽/NNG","1"
"섞/VV","1"
"유사/NNG","2"
"자주/NNG","1"
"아무/NP","2"
"삥/MAG","2"
"셍/UN","1"
"사이드/NNG","1"
"골수/NNG","1"
"론/NNG","2"
"지만요/ECE","1"
"무빙/NNG","1"
"읎/VA","1"
"그때/NNG","5"
"그대로에/UN","1"
"이요/NNG","2"
"어지간/XR","1"
"사태/NNG","1"
"거울/NNG","1"
"앨리스/NNG","1"
"KT/OL","4"
"모션/NNG","2"
"항목/NNG","5"
"번창/NNG","1"
"정점/NNG","1"
"예고편/NNG","3"
"소드/NNG","1"
"당회/NNG","2"
"튀어나오/VV","1"
"직접/NNG","3"
"플레인/NNG","1"
"필수/NNG","4"
"진도/NNP","1"
"푸쉬알림/UN","1"
"→/SW","1"
"라이/NNG","1"
"권리/NNG","1"
"이고/JC","3"
"그제/NNG","1"
"작성/NNG","1"
"싹/NNG","1"
"쳐주/VV","1"
"판/NNB","3"
"주쇼/UN","1"
"낼/NNG","1"
"허구/NNG","1"
"허/XSV","1"
"물론/NNG","2"
"창만/NNG","2"
"영문/NNG","2"
"보바펫같/UN","1"
"다며/ECE","1"
"변역/NNG","1"
"맛보기/NNG","1"
"알아보/VV","3"
"복잡/NNG","2"
"어처구니/NNG","1"
"조선족/NNG","2"
"부부/NNG","1"
"남편/NNG","1"
"아내/NNG","1"
"회색/NNG","1"
"지단/NNG","1"
"말기/NNG","1"
"수가/NNG","3"
"거름/NNG","1"
"아무래도/MAG","1"
"노래/NNG","1"
"부르/VV","1"
"씽/UN","1"
"어롱/NNG","1"
"올레/NNG","2"
"한시/NNG","1"
"바삐/MAG","1"
"세부/NNG","2"
"블랙/NNG","3"
"ALL/OL","1"
"이사/NNG","1"
"가야/NNG","2"
"SK/OL","1"
"가까이/MAG","1"
"렌트/NNG","4"
"토익/UN","1"
"300/NR","1"
"간신히/MAG","2"
"최저/NNG","2"
"갈기/VV","2"
"니즈/NNG","1"
"팔아먹/VV","1"
"입히/VV","1"
"외/NNG","2"
"주주/NNG","2"
"구애/NNG","1"
"재상/NNG","2"
"왠지/MAG","1"
"흐르/VV","1"
"무용지물/NNG","1"
"이를테면/MAG","1"
"뉴/NNG","1"
"얼/VV","3"
"어야/ECS","6"
"꾸준히/MAG","2"
"개인/NNG","5"
"단순/NNG","1"
"알려주/VV","2"
"위험/NNG","2"
"소니/NNG","3"
"화해/NNG","1"
"늦음/UN","1"
"프레데터/UN","1"
"야잇/UN","1"
"HDMI/NNG","1"
"잖아/EFN","4"
"자/EFA","2"
"국은/NNG","1"
"선발/NNG","2"
"나치/NNG","3"
"미화/NNG","3"
"서두르/VV","1"
"멀쩡히/MAG","3"
"잡히/VV","1"
"보관함/NNG","1"
"갓/MAG","1"
"초오/NNG","1"
"연/NNG","2"
"곧바로/MAG","1"
"감사인/NNG","1"
"허겁지겁/MAG","1"
"증/NNG","2"
"HBO/OL","1"
"2.4/NR","1"
"클론/NNG","2"
"전쟁/NNG","2"
"간간이/MAG","1"
"보바팻/UN","1"
"느즈막/UN","1"
"즘/NNG","2"
"가여/NNG","1"
"토록/JX","1"
"초창기/NNG","1"
"중국어/NNG","3"
"민주주의/NNG","2"
"인가/NNG","1"
"공산/NNG","1"
"즐/MAG","3"
"핸/UN","1"
"펀/NNB","1"
"높이/VV","2"
"개꿀/NNG","2"
"내리기/NNG","3"
"스크린/NNG","2"
"락/NNG","3"
"마라/NNG","1"
"엉성/XR","3"
"후라/NNG","1"
"어두/NNG","1"
"상하/VV","1"
"꿀/NNG","1"
"잼스/UN","1"
"셈/NNG","1"
"선호도/NNG","1"
"기반/NNG","2"
"부재/NNG","2"
"현저/NNG","1"
"왜죠/UN","1"
"천만/NR","1"
"잠깐/MAG","3"
"쇼/NNG","2"
"120/NR","1"
"HZ/OL","3"
"60/NR","3"
"빅스/UN","1"
"루틴/NNG","1"
"엄청나/VA","4"
"재난/NNG","2"
"취급/NNG","1"
"연재/NNG","1"
"일일히/MAG","1"
"일치/NNG","1"
"퍼센트/NNM","1"
"예상/NNG","2"
"남미/NNG","1"
"특유/NNG","2"
"라틴/NNG","1"
"마술적/NNG","1"
"사실주의/NNG","1"
"북부/NNG","1"
"유럽/NNG","1"
"동화/NNG","2"
"세계/NNG","3"
"지구/NNG","1"
"반대편/NNG","1"
"확장/NNG","1"
"완전/MAG","2"
"운동/NNG","4"
"폄훼/NNG","1"
"썻으/UN","1"
"콘덴츠/UN","1"
"물이/NNG","1"
"자유로웠으면합니/UN","1"
"떨/VV","5"
"질르/VV","2"
"90/NR","1"
"동산/NNG","1"
"나위/NNB","1"
"어셈블드/UN","1"
"숨/VV","1"
"소비/NNG","2"
"자원/NNG","1"
"피해/NNG","1"
"구제/NNG","1"
"개선바래/UN","1"
"외계인/NNG","1"
"단계/NNG","5"
"잔/NNG","1"
"기능적/NNG","1"
"감이/NNG","1"
"일간/NNG","1"
"의하/VV","2"
"테스팅해/UN","1"
"조잡/NNG","2"
"유포/NNG","1"
"베끼/VV","1"
"원어/NNG","3"
"맥락/NNG","1"
"분위기/NNG","1"
"살리/VV","2"
"디플코/UN","1"
"아무데/NP","1"
"굴러다니/VV","1"
"심혈/NNG","1"
"기울이/VV","1"
"는다고/EFQ","1"
"십분/MAG","1"
"감수/NNG","1"
"저하/NNG","1"
"ㄴ다마는/ECE","1"
"시다/NNG","2"
"하도/MAG","1"
"고장/NNG","2"
"사담/NNG","1"
"아/JKI","1"
"봐주/VV","3"
"짧/VA","2"
"이봐/IC","2"
"보라/NNG","3"
"관두/VV","1"
"ㄹ라요/EFN","2"
"젭알/UN","1"
"글쓰/VV","1"
"독어/NNG","1"
"웬만/XR","2"
"해선/NNG","2"
"쓸모/NNG","1"
"동심/NNG","1"
"돌아오/VV","2"
"심심/XR","2"
"짤막/XR","1"
"능/NNG","2"
"달/VA","1"
"걀럭/UN","1"
"아도요/ECD","1"
"급하/VA","3"
"앉/VV","1"
"원하는댸/UN","1"
"고정/NNG","3"
"우리집/NNG","1"
"강아지/NNG","3"
"가르/NNB","1"
"을게/EFN","1"
"든지/JX","1"
"마니아/NNG","1"
"층/XSN","1"
"이라고/JX","2"
"문장/NNG","2"
"처하/VV","1"
"독성/NNG","4"
"거꾸로/MAG","1"
"쏟아지/VV","1"
"버실려/UN","1"
"컨트롤/NNG","2"
"복잡/XR","2"
"얽히/VV","1"
"어리/VV","3"
"차례/NNG","1"
"오류뿜뿜하다/UN","1"
"어쩌다/MAG","3"
"는다는/ETD","1"
"구조/NNG","1"
"가깝/VA","1"
"뜯기/VV","1"
"가독성/NNG","3"
"활기/NNG","1"
"과부하/NNG","1"
"구지네/NNG","1"
"자잘/XR","4"
"부둥부둥/MAG","1"
"불매/NNG","6"
"토막/NNG","1"
"딸/VV","1"
"들쑥날쑥/MAG","1"
"랬으/UN","1"
"현지/NNG","1"
"조용히/MAG","1"
"편들/VV","1"
"공들이/VV","1"
"ㄴ다면서/ECE","1"
"선보이/VV","1"
"결과물/NNG","1"
"정나미/NNG","1"
"알바/NNG","3"
"응/UN","2"
"당당히/MAG","1"
"눈꼴사납/VA","1"
"플등/UN","1"
"자본/NNG","1"
"K/OL","1"
"각국/NNG","1"
"전래/NNG","1"
"이미지/NNG","1"
"원작/NNG","1"
"콩고물/NNG","1"
"얻/VV","1"
"클라스/UN","1"
"양아치/NNG","2"
"행동/NNG","1"
"등지/VV","1"
"ㄹ락/ECD","1"
"버스터/NNG","1"
"정치적/NNG","1"
"모르쇠/NNG","1"
"하더/UN","1"
"그깟/MDT","1"
"느니/ECE","1"
"따름/NNB","1"
"바끼/VV","1"
"흔하/VA","1"
"열지/NNG","1"
"처절/NNG","1"
"기원/NNG","2"
"쁘/UN","3"
"본/NNG","3"
"성우/NNP","1"
"목소리/NNG","1"
"절차/NNG","2"
"HBOMAX/OL","1"
"철/NNG","1"
"수해/NNG","1"
"긴도/NNG","1"
"ㄴ데요/EFN","2"
"하마/NNG","1"
"고려/NNP","4"
"개로/NNG","1"
"긷/VV","2"
"엊그제/NNG","1"
"후문/NNG","1"
"말리/VV","1"
"선견/NNG","1"
"지명/NNG","1"
"칭찬/NNG","1"
"항의/NNG","2"
"인들/JX","1"
"싱행이안되어/UN","1"
"DELETE/OL","1"
"DRAMA/OL","1"
"SNOWDROP/OL","2"
"이대/NNG","2"
"풀/VV","5"
"TAS/OL","1"
"그달/NNG","1"
"사용료/NNG","3"
"전편/NNG","1"
"웨/VV","1"
"짝/NNG","1"
"랍니/UN","2"
"는지요/ECS","2"
"정서/NNG","2"
"ㄴ지요/ECS","2"
"한나라/NNG","1"
"국민/NNG","1"
"상처/NNG","1"
"트/VV","14"
"공산주의/NNG","1"
"옹호/NNG","1"
"부지/NNG","1"
"안기부/NNG","2"
"셀프/NNG","1"
"라이온/NNG","1"
"쩔/VV","2"
"온갖/MDT","2"
"철회/NNG","1"
"수동적/NNG","1"
"8.0/NR","1"
"슈/UN","2"
"포/NNG","2"
"민주화/NNG","3"
"희생자/NNG","1"
"명예/NNG","1"
"훼손/NNG","1"
"이야기/NNG","6"
"뭥/UN","1"
"여유/NNG","1"
"열심히/MAG","2"
"박리/NNG","1"
"다매/NNG","1"
"케이블/NNG","1"
"티브/UN","1"
"저렇/VA","2"
"가성/NNG","1"
"간주/NNG","1"
"만큼/JX","1"
"모뎀/NNG","1"
"아무것/NP","1"
"다양화/NNG","1"
"디자인/NNG","3"
"없애도/UN","1"
"윤곽선/NNG","1"
"밝/VA","2"
"굿바이/NNG","2"
"멀리/MAG","1"
"부가/NNG","1"
"강요/NNG","2"
"114/NR","2"
"계약/NNG","3"
"확/MAG","2"
"골/VV","1"
"와닿/VV","1"
"리얼/NNG","1"
"참으/VV","2"
"종강/NNG","1"
"기념/NNG","2"
"빡쳐/UN","1"
"만듬/NNG","1"
"리스트/NNG","4"
"서랍/NNG","1"
"꼽/VV","1"
"앞장서/VV","1"
"강조/NNG","1"
"흑인/NNG","1"
"배우/NNG","2"
"섭외/NNG","1"
"상관없다는/UN","1"
"평등/NNG","1"
"감명/NNG","1"
"앞장/NNG","2"
"서서/NNG","1"
"국/NNG","2"
"존중/NNG","1"
"새기/VV","1"
"반박/NNG","1"
"사과/NNG","1"
"타국/NNG","2"
"갖/VV","3"
"블록/NNG","1"
"이상한/NNG","2"
"맀/UN","1"
"애서/NNG","1"
"익스/UN","1"
"텐션/NNG","1"
"일부러/MAG","2"
"망가뜨리/VV","1"
"예고/NNG","2"
"가있지/UN","1"
"이루어지/VV","1"
"성은/NNG","2"
"매일/NNG","1"
"달팽이/NNG","1"
"ㄹ라고요/EFQ","1"
"ㄹ뿐더러/ECE","1"
"고용/NNG","2"
"산업/NNG","1"
"한글판/NNG","2"
"놔주/VV","1"
"팁/NNG","1"
"중독/NNG","1"
"인텔/NNP","1"
"아/IC","2"
"되/XPN","1"
"네오/NNP","3"
"파고/NNG","4"
"직역/NNG","3"
"감흥/NNG","2"
"자꾸만/MAG","1"
"저러/VV","2"
"유아/NNG","1"
"한두/MDN","6"
"꼬/VV","1"
"컴퍼니/NNG","1"
"돈즈/UN","1"
"하곸/UN","1"
"꽁짜/UN","1"
"머드/NNG","1"
"아야/ECS","1"
"뷸/UN","1"
"달리/VV","1"
"걔/UN","1"
"꼬임/NNG","1"
"당기/VV","1"
"통신사/NNG","5"
"ㄹ지/ECS","1"
"반쯤/NNG","1"
"대리점/NNG","1"
"개통/NNG","4"
"끼우/VV","2"
"명목/NNG","1"
"일쯤/NNG","1"
"득달/NNG","1"
"만족도/NNG","1"
"상품/NNG","3"
"눈살/NNG","1"
"찌푸리/VV","1"
"웍스/UN","1"
"선호/NNG","2"
"선지/NNG","1"
"탈주/NNG","2"
"려구요/ECD","1"
"영원히/MAG","1"
"매달/MAG","1"
"단절/NNG","1"
"쏟/VV","1"
"이프/UN","2"
"내보내/VV","1"
"첫날/NNG","3"
"소감/NNG","1"
"자르/VV","1"
"소문나/VV","2"
"잔치/NNG","2"
"신중히/MAG","1"
"높낮이/NNG","1"
"패드로/NNG","1"
"명암/NNG","1"
"색감/NNG","1"
"열광/NNG","1"
"인종/NNG","1"
"갈등/NNG","4"
"부모/NNG","1"
"자식/NNG","1"
"맞쥬/UN","1"
"바닥/NNG","2"
"풀/UN","1"
"신나/VV","1"
"싹/MAG","1"
"그룹/NNG","3"
"최선/NNG","2"
"스맨/UN","1"
"자회사/NNG","1"
"도중/NNG","2"
"WIFI/OL","1"
"\/SW","1"
"젠장/IC","1"
"사서/NNG","1"
"공/NNG","2"
"유해/NNG","1"
"가같/UN","1"
"도쿄/NNP","1"
"잖아요/EFN","8"
"달아보/VV","1"
"천천히/MAG","2"
"재하/VV","1"
"둘째/NR","2"
"포스터/NNG","1"
"명란/NNG","1"
"다큐멘터리/NNG","2"
"을하/UN","1"
"검열/NNG","1"
"지연/NNG","1"
"하나하나/MAG","2"
"열거/NNG","1"
"잡음/NNG","1"
"교/NNG","3"
"체하/NNG","1"
"숑/UN","1"
"불리/NNG","1"
"극복/NNG","1"
"뛰어나/VA","1"
"월등히/MAG","1"
"구축/NNG","1"
"실패/NNG","4"
"가시성/NNG","1"
"가임/NNG","1"
"아이러니/NNG","1"
"다소/NNG","1"
"인내/NNG","1"
"가시/NNG","1"
"성과/NNG","1"
"작업함/NNG","1"
"뒤떨어지/VV","1"
"목적/NNG","1"
"우위/NNG","1"
"점하/VV","1"
"어린아이/NNG","1"
"투/NNB","1"
"패/NNG","2"
"옮기/VV","4"
"겠다/UN","1"
"설마/MAG","4"
"엄마/NNG","2"
"달리하/VV","1"
"깜깜/MAG","1"
"했제/UN","1"
"댓/NR","7"
"25/NR","1"
"쟈스/UN","1"
"감안/NNG","2"
"겹쳐지/VV","1"
"WEB/OL","2"
"3.0/NR","2"
"4.5/NR","1"
"추후/NNG","1"
"우/EFO","2"
"베리/NNP","1"
"치/NNG","1"
"수시/NNG","1"
"차가/NNG","2"
"척/NNB","1"
"올릴려/UN","1"
"확실/XR","2"
"카톡/NNG","3"
"주식/NNG","2"
"꼬라박/VV","1"
"빨리빨리/MAG","1"
"마침/MAG","1"
"주니어/NNG","5"
"조을/VV","1"
"겟백/UN","1"
"쏙/MAG","1"
"빼놓/VV","1"
"비추하/VV","2"
"떳/UN","1"
"올라가/VV","2"
"있네/UN","1"
"몇/NR","1"
"순위/NNG","1"
"다즈니/UN","1"
"소소/XR","1"
"개념/NNG","2"
"로딩이다/UN","1"
"학원/NNG","1"
"고하/VV","5"
"뽀로로/UN","1"
"매니아/NNG","1"
"겐/UN","1"
"딜레이/NNG","2"
"밀리/VV","2"
"엑스/NNG","2"
"적당/XR","1"
"깨끗하/VV","1"
"맞춰놧는데/UN","1"
"인트로/UN","1"
"약/NNG","1"
"이천/NNG","1"
"핵심/NNG","1"
"수정안/NNG","1"
"저/NNG","1"
"왓이프/UN","6"
"내년/NNG","2"
"쉬/NNG","1"
"미즈/NNG","1"
"네셔널/UN","1"
"론/XSN","2"
"잇/NNG","2"
"때리/VV","3"
"뭣하/VA","1"
"생각해봐야겠네/UN","1"
"구래/NNG","1"
"찾았잖/UN","1"
"마디/NNG","2"
"잠그/VV","1"
"초/XPN","1"
"기라/NNG","2"
"거만/NNG","1"
"개구리/NNG","3"
"다중/NNG","2"
"주라/NNG","2"
"사소/NNG","1"
"연기력/NNG","1"
"똥칠/NNG","2"
"나누기/NNG","1"
"많지만/UN","1"
"채우/VV","1"
"2.2/NR","1"
"4.4/NR","2"
"엘레/NNM","1"
"화요/NNG","1"
"은지/ECS","3"
"전공/NNG","1"
"뎅/MAG","1"
"지정/NNG","2"
"공통적/NNG","1"
"감도/NNG","1"
"이끌/VV","1"
"측/NNB","1"
"대처/NNG","1"
"즉각적/NNG","1"
"실망감/NNG","2"
"같잖/VA","1"
"대목/NNG","1"
"조선/NNG","1"
"졷/UN","1"
"필/NNB","1"
"표방/NNG","1"
"막상/MAG","2"
"영미/NNG","1"
"찬밥/NNG","1"
"신세/NNG","1"
"묻히/VV","1"
"옴/NNM","1"
"고프/VA","1"
"견주/VV","1"
"한가/XR","1"
"양질/NNG","1"
"등에/NNG","1"
"업고/NNG","1"
"값어치/NNG","1"
"을지/ECS","2"
"장기말/NNG","1"
"잦/VV","1"
"버그/UN","1"
"멉춰져잇어/UN","1"
"노버/UN","4"
"P/OL","6"
"베타/NNG","5"
"테스터/NNG","4"
"반이/NNG","1"
"지키/VV","1"
"깟/UN","1"
"미안/NNG","2"
"미디즈니플러스/NNG","1"
"의외로/MAG","1"
"빡세/VA","1"
"고급/NNG","2"
"ㅁ다/EFN","1"
"젯/UN","1"
"ㄴ감/EFQ","1"
"그놈/NP","1"
"와이/NNG","1"
"파티/NNG","2"
"다크/UN","1"
"세이버/NNG","1"
"흑광선검/UN","1"
"지옥/NNG","1"
"갇히/VV","1"
"차이나/NNG","1"
"요거/NNG","1"
"의욕/NNG","1"
"슬쩍/MAG","1"
"대가리/NNG","1"
"너그럽/VA","1"
"당연/MAG","1"
"헐/VV","1"
"8282/NR","1"
"플리즈/UN","1"
"성급/XR","3"
"언급/NNG","2"
"정돈/NNG","1"
"증시/NNG","2"
"윈도우/NNG","2"
"98/NR","1"
"준/XPN","1"
"인줄/NNG","1"
"킼/UN","1"
"황당/XR","2"
"별의별/MDT","1"
"사이다/NNG","1"
"던/EFQ","5"
"로써/JKM","2"
"내수/NNG","1"
"퍼센트/NNG","1"
"잘나/VA","1"
"뚜드리/VV","1"
"쥰/UN","1"
"라요/EFN","1"
"흥행/NNG","1"
"안가/NNG","1"
"아진/NNP","1"
"앨/UN","1"
"갸/UN","1"
"도스/NNG","1"
"다이/NNG","1"
"맥스/NNP","1"
"있오/UN","1"
"엉터리/NNG","1"
"얼굴/NNG","1"
"스스로/MAG","1"
"셈/NNB","1"
"아깝/VV","3"
"로만/NNG","1"
"질리/VV","1"
"률/XSN","1"
"엑박/UN","1"
"버벅임/UN","1"
"8.3/NR","1"
"혜/UN","1"
"견디/VV","1"
"교육/NNG","1"
"쳐지/VV","2"
"쩝/IC","1"
"많아요/UN","1"
"배려/NNG","1"
"어플들/UN","1"
"쌩으/UN","1"
"왜인/NNG","1"
"거랑/NNG","2"
"꺅/UN","1"
"시꺼멓/VA","1"
"ㄴ대/EFN","2"
"가없/VA","1"
"일어/NNG","1"
"잔도/NNG","1"
"총괄/NNG","1"
"TT/OL","1"
"던/NNP","2"
"단지/NNG","1"
"게스트/NNG","1"
"권한/NNG","2"
"분리/NNG","2"
"바램/NNG","1"
"생각나/VV","1"
"다면서/ECE","1"
"소홀히/MAG","1"
"어짜/VV","1"
"디/VV","2"
"지주/NNG","1"
"니어/NNG","1"
"잃/VV","1"
"상어/NNG","1"
"다행/NNG","2"
"이도/UN","1"
"사벽/NNG","1"
"이곳/NP","1"
"개/VV","1"
"조악/XR","1"
"맞춤/NNG","1"
"균열/NNG","1"
"일어나/VV","2"
"메/VV","1"
"아는/UN","1"
"건전/NNG","1"
"참신/NNG","1"
"욷/UN","1"
"아상/NNG","1"
"찮/UN","1"
"도/NNM","3"
"고리/NNG","1"
"묶/VV","1"
"슬럼/NNG","1"
"밀레/NNP","1"
"얼간이/NNG","1"
"영상화/NNG","1"
"안정/NNG","2"
"WAR/OL","1"
"딸아이/NNG","1"
"유튜버들/UN","1"
"빠돌이/UN","1"
"무/XPN","1"
"듣보잡/NNG","1"
"변두리/NNG","1"
"에버/UN","1"
"깅/UN","1"
"속도랑/NNG","1"
"헤/VV","2"
"뿨/UN","1"
"롸/UN","2"
"그중/NNG","2"
"절/VV","2"
"점도/NNG","1"
"괭/UN","1"
"장히/MAG","1"
"워싱턴/NNG","1"
"DC/OL","1"
"꼴/VV","2"
"쎄/VV","1"
"뇨/EFQ","1"
"성격/NNG","2"
"아재/NNG","1"
"개그/NNG","1"
"개차반/NNG","1"
"숟가락/NNG","1"
"포크/NNG","1"
"처참/XR","1"
"나읍/UN","1"
"받아먹/VV","2"
"AOS/OL","1"
"학년/NNG","1"
"빛/NNG","1"
"절하/NNG","1"
"진부/XR","1"
"핑퐁/NNG","1"
"레이/NNG","1"
"두/JX","5"
"타어/NNG","1"
"계/XSN","1"
"신분/NNG","1"
"통화/NNG","7"
"YOU/OL","1"
"DEFINITELY/OL","1"
"SHOULD/OL","1"
"MODE/OL","1"
"THING/OL","1"
"COSTS/OL","1"
"DOLLARS/OL","1"
"YEAR/OL","1"
"하마트면/MAG","1"
"뻔/NNG","1"
"조심/NNG","1"
"기한/NNG","2"
"보통/NNG","1"
"내서/NNG","1"
"오그라/NNG","1"
"나우/NNP","1"
"읍/VA","1"
"명품/NNG","1"
"웃/VV","2"
"준비성/NNG","1"
"지사/NNG","2"
"안받/VV","2"
"어딘가/UN","1"
"쓰임/NNG","2"
"퀄/UN","3"
"실력/NNG","2"
"구하/VV","1"
"초월/NNG","1"
"파이/NNG","1"
"아마존/NNG","1"
"파이어/NNG","1"
"스틱/NNG","1"
"혈압/NNG","1"
"상/XSN","2"
"요함/NNG","1"
"STARWARS/OL","1"
"VISIONS/OL","1"
"빙/MAG","1"
"을께/EFN","1"
"지질/NNG","1"
"음질/NNG","2"
"녹화/NNG","1"
"응집/NNG","1"
"마련/NNG","1"
"누릏/VA","1"
"인크/UN","2"
"레저/NNG","1"
"허/VV","3"
"생기/VXA","1"
"해쥬세/UN","1"
"비이/VV","1"
"너희/NP","1"
"불/NNB","1"
"군가/NNG","1"
"생성/NNG","2"
"상영/NNG","2"
"디플에/UN","1"
"대여/NNG","1"
"OCN/OL","1"
"못나/VA","2"
"속이/VV","1"
"끝내/VV","1"
"이룰려/UN","1"
"맛깔/NNG","1"
"얼르/VV","1"
"선결/NNG","1"
"기재/NNG","1"
"별하/VA","1"
"우선/NNG","2"
"PAIR/OL","1"
"OF/OL","1"
"KINGS/OL","1"
"비스/UN","1"
"공동/NNG","1"
"약관/NNG","1"
"미루기/NNG","1"
"을라/EFN","1"
"아버님/NNG","1"
"께서/JKS","1"
"웅앵웅/UN","1"
"멋/NNG","1"
"대루/NNG","1"
"뚝/MAG","1"
"포인트/NNG","2"
"아라/EFO","1"
"오시/NNG","1"
"계시/VV","1"
"니만/NNG","1"
"각자/NNG","1"
"시커멓/VA","1"
"사안/NNG","1"
"수용/NNG","1"
"보안/NNG","1"
"어지/NNG","1"
"무료어플/UN","1"
"적임/NNG","1"
"보드/NNG","1"
"없노/UN","1"
"150/NR","4"
"설정/UN","1"
"하노/UN","1"
"세/VV","1"
"옥/UN","1"
"발송/NNG","1"
"남의/NNG","1"
"유치/NNG","1"
"끌어올리/VV","1"
"변경되/UN","1"
"표/NNG","1"
"그쪽/NP","1"
"꽉차/VV","2"
"거같에/UN","1"
"없애주셔/UN","1"
"줄/VV","2"
"도둑놈/NNG","1"
"완전/XR","1"
"본체/NNG","1"
"보재/NNG","1"
"세팅/NNG","2"
"자판/NNG","2"
"가인/NNG","1"
"궁리/NNG","1"
"OO/OL","1"
"신뢰도/NNG","1"
"실제/NNG","1"
"들어보/VV","1"
"유머/NNG","1"
"정석/NNG","1"
"전달/NNG","1"
"컨셉/UN","1"
"그렇지만/MAC","1"
"달구/VV","1"
"73/NR","1"
"6000/NR","1"
"LOVE/OL","1"
"위대/XR","1"
"넘버/NNG","2"
"혹/NNG","2"
"용도/NNG","1"
"저기/NP","1"
"인걸/NNG","1"
"파리/NNG","1"
"익스플로러/NNG","1"
"엣/UN","1"
"걱정/NNG","1"
"경과/NNG","1"
"메/NR","1"
"갱/NNG","1"
"널리/VV","1"
"데리/VV","1"
"선행/NNG","1"
"ABC/OL","1"
"유니/NNP","1"
"섹터/NNG","1"
"위스퍼러/UN","1"
"잠재우/VV","1"
"속삭임/NNG","1"
"개안/NNG","1"
"본래/NNG","1"
"뜻/NNG","2"
"대충대충/MAG","1"
"비싸/VA","3"
"써야/UN","1"
"지문/NNG","1"
"왼쪽/NNG","2"
"치우치/VV","1"
"루/NNG","1"
"홍보하더/UN","1"
"밀/VV","1"
"구면/NNG","2"
"구인/NNG","1"
"첨보/NNG","1"
"일반인/NNG","1"
"배포/NNG","1"
"던데요/ECD","1"
"퇴근/NNG","1"
"로딩만하다/UN","1"
"도착/NNG","1"
"머리/NNG","2"
"장식/NNG","1"
"저딴/MDT","1"
"놀람/NNG","1"
"절수/NNG","1"
"핸펀으/UN","1"
"최상/NNG","2"
"먹히/VV","4"
"꽤나/MAG","1"
"주싶/UN","1"
"짴/UN","1"
"어이/MAG","1"
"가동성/NNG","1"
"해줘야겠어/UN","1"
"타어플들/UN","1"
"햐/UN","1"
"소름/NNG","1"
"쫙/MAG","2"
"미만/NNG","1"
"어색/NNG","2"
"직역체/NNG","1"
"남발/NNG","1"
"이해도/NNG","1"
"제죠/UN","1"
"시기상조/NNG","1"
"라지만/ECE","2"
"필체/NNG","1"
"삼류/NNG","1"
"중소기업/NNG","1"
"대환/NNG","1"
"복불복/NNG","1"
"폭주/NNG","1"
"래나/UN","1"
"마루/NNG","2"
"단순히/MAG","1"
"뻗/VV","1"
"심해/NNG","1"
"선일/NNG","1"
"개심/NNG","1"
"각/XSN","1"
"구도/NNG","1"
"껏/XSN","2"
"털어먹/VV","1"
"한나/NNP","1"
"빠라/UN","1"
"땡/MAG","2"
"그저/MAG","1"
"옳/VA","1"
"TVBOX/OL","2"
"안방/NNG","1"
"여행용/NNG","1"
"대/NNM","1"
"어플/NNG","2"
"두던/NNG","1"
"가혹/NNG","1"
"어차피/MAG","1"
"뻔하/VA","1"
"아이피/NNG","1"
"비빔/NNG","1"
"톰/UN","1"
"홀/NNG","1"
"랜드/NNG","1"
"엔드/NNG","1"
"손보/VV","2"
"될겄/UN","1"
"화이팅/IC","1"
"대륙/NNG","1"
"남극/NNG","1"
"구멍가게/NNG","1"
"잔액/NNG","2"
"땅/NNG","1"
"세월/NNG","1"
"것/EPT","1"
"딴/NNB","1"
"WAVVE/OL","2"
"무턱대고/MAG","1"
"아야지/EFN","3"
"화의/NNG","1"
"몈/UN","1"
"은데요/ECD","2"
"간하/VV","1"
"하필/MAG","1"
"키패드/NNG","1"
"기쁘/VA","1"
"풀이/NNG","1"
"으니깐/ECD","1"
"‥/SE","4"
"됫/UN","1"
"횐/UN","1"
"제이/NNG","1"
"트해/UN","1"
"얇팍/UN","1"
"수량/NNG","1"
"달이/VV","1"
"더이상/MAG","1"
"류느/UN","1"
"티나/VV","1"
"드글드글/MAG","1"
"어마어마/XR","1"
"고소/NNG","2"
"엊그제/MAG","1"
"감쪽같이/MAG","1"
"CC/OL","4"
"ㄴ지라/ECE","1"
"연령층/NNG","1"
"대만족/NNG","1"
"지속적/NNG","2"
"왕실/NNG","2"
"탐정/NNG","2"
"미/XPN","1"
"라가/NNG","1"
"놀랍/VA","1"
"에에/IC","1"
"죠잉/UN","1"
"장애/NNG","2"
"성/XPN","1"
"인용/NNG","1"
"언플/UN","1"
"이따위/MDT","1"
"서로/NNG","1"
"떠넘기/VV","1"
"회피/NNG","1"
"가시/VV","1"
"출연진/NNG","1"
"조리/NNG","1"
"저리/NNG","1"
"이러/XR","1"
"지/XSA","1"
"마/MAG","1"
"띠/NNG","3"
"마트/NNG","1"
"구입/NNG","1"
"을래요/EFN","1"
"경재/NNG","1"
"효과/NNG","1"
"단조/NNG","1"
"까지/VV","1"
"태어나/VV","1"
"법/NNG","2"
"밥/NNG","1"
"지나치/VA","1"
"시급히/MAG","1"
"온/MDT","1"
"존대말/NNG","1"
"명도/NNG","1"
"이정/NNG","1"
"리다/NNP","1"
"정정/NNG","1"
"MX/OL","1"
"PLAYER/OL","1"
"재생기/NNG","1"
"별반/MAG","1"
"오락가락/MAG","1"
"떠들/VV","1"
"읭/UN","1"
"암호/NNG","1"
"좋와/UN","1"
"지면/NNG","1"
"일/XSN","1"
"꼬박/MAG","1"
"생일/NNG","3"
"자/XSN","1"
"불/XPN","1"
"가하/NNG","1"
"자막싱크/UN","2"
"인거/NNG","1"
"불합리/NNG","1"
"꽉/MAG","2"
"화살표/NNG","1"
"가운데/NNG","1"
"몰리/VV","1"
"드래그/NNG","2"
"최종/NNG","1"
"기대되/VV","2"
"붙/VV","1"
"봣/UN","1"
"순수/NNG","1"
"뭐람/UN","1"
"인제/MAG","1"
"동기화/NNG","2"
"세세/NNG","1"
"가격대비/NNP","1"
"위도/NNP","1"
"돈치/VV","1"
"정액제/NNG","1"
"48/NR","1"
"잃어버리/VV","1"
"설계/NNG","1"
"75/NR","1"
"윈도/NNG","1"
"방향키/NNG","1"
"별다르/VA","1"
"바래봅니/UN","1"
"리모콘/NNG","1"
"버트/NNG","1"
"촤/UN","1"
"보편적/NNG","1"
"장문/NNG","1"
"삭/MAG","1"
"제함/NNG","1"
"벌쓰/VV","1"
"화남/NNP","1"
"초대장/NNG","2"
"상대/NNG","1"
"심지/NNG","1"
"거부감/NNG","1"
"업뎃하면/UN","1"
"특별히/MAG","1"
"올인원/NNG","1"
"차량/NNG","2"
"시네마/NNG","2"
"무지/MAG","1"
"다양성/NNG","2"
"위기/NNG","1"
"주부/NNG","1"
"핬/UN","1"
"WITH/OL","1"
"ATOMS/OL","1"
"상의/NNG","1"
"이때/NNG","1"
"2470/NR","1"
"말씀드리/VV","1"
"복/NNG","1"
"빨/NNB","1"
"바쁘/VV","1"
"현대인/NNG","1"
"지점/NNG","1"
"차서/NNG","1"
"대학생/NNG","1"
"200/NR","2"
"구성/NNG","1"
"킷캣/UN","1"
"레드/NNG","1"
"아동용/NNG","2"
"계의/NNG","1"
"볼드/NNG","1"
"모트/NNG","1"
"져스/UN","3"
"년도/NNM","1"
"차원/NNG","1"
"영상시/NNG","1"
"청중/NNG","1"
"하주/NNG","1"
"시고/NNG","1"
"하개/UN","1"
"비교적/MAG","1"
"안타깝/VV","1"
"풀등/NNG","1"
"겔갤럭시폴드/NNG","1"
"왔다갔다하/VV","1"
"마자/NNG","1"
"콘솔/NNG","4"
"얼/NNG","2"
"이드/NNG","2"
"좀/UN","1"
"다인/NNG","1"
"쯤/XSN","1"
"챕터/UN","1"
"한숨/NNG","1"
"대/VXV","1"
"아버지/NNG","1"
"딸/NNG","1"
"극존칭/NNG","2"
"레지던트/NNG","1"
"제자/NNG","1"
"사수/NNG","1"
"반말질/NNG","1"
"99/NR","1"
"000/NR","1"
"당첨/NNG","1"
"으려는/ETD","1"
"필도/NNG","1"
"와이프/NNG","1"
"화보/NNG","1"
"말씀/NNG","1"
"개/XPN","1"
"지지도/NNG","1"
"냔/UN","1"
"어딨/VA","1"
"많아서/UN","1"
"반하/VV","1"
"으란/ECD","1"
"연/XPN","1"
"간권/NNG","1"
"쿠폰/NNG","2"
"일로/NNG","2"
"헛돈/NNG","1"
"폭발/NNG","1"
"직전/NNG","1"
"백만/NR","1"
"한없이/MAG","1"
"이모/NNG","1"
"이만/XR","1"
"예시/NNG","1"
"양보/NNG","1"
"검색기능/NNG","1"
"불받/UN","1"
"을리/VV","1"
"답장/NNG","1"
"오나/NNG","1"
"소중/XR","1"
"달랑/MAG","1"
"세부뷴류/UN","1"
"빵/NNG","1"
"NGO/OL","1"
"가/VXV","1"
"비비/VV","1"
"할거/NNG","1"
"봐야/UN","1"
"고서/ECD","2"
"집안일/NNG","1"
"아얘안보여/UN","1"
"톱니바퀴/NNG","1"
"1.10/NR","1"
"복원/NNG","1"
"환하/VA","1"
"작업가능/NNG","1"
"갑옷/NNG","1"
"CG/OL","1"
"장금/NNG","1"
"처지/VV","1"
"아우/NNG","1"
"내구/NNG","1"
"소유/NNG","1"
"작용/NNG","1"
"TCL/OL","1"
"로딩중이기/UN","1"
"만든/VV","1"
"왔다갔다/MAG","1"
"GUI/OL","1"
"행/NNG","1"
"폴트/NNG","1"
"두지/NNG","1"
"ㄹ까말까/ECS","1"
"GROUP/OL","1"
"WATCH/OL","1"
"호스트/NNG","1"
"참여/NNG","1"
"해결하셔야겠어/UN","1"
"절대적/NNG","1"
"체감/NNG","1"
"노력해야겠네/UN","1"
"초창/NNG","1"
"다이어리/NNG","1"
"비아/NNG","1"
"소신/NNG","1"
"갑/NNG","1"
"발음/NNG","1"
"받아쓰/VV","1"
"조로/NNG","1"
"10000/NR","1"
"대가/NNG","1"
"돌려보/VV","1"
"늦어지/VV","2"
"으로써/JKM","1"
"조만간/MAG","1"
"차후/NNG","2"
"어떠하/VA","1"
"조속/XR","1"
"졀/VV","1"
"아메리카/NNG","1"
"다음주/NNG","1"
"페이즈/UN","4"
"비공식/NNG","1"
"촌스럽/VA","1"
"완결/NNG","1"
"체류/NNG","1"
"한국판/NNG","1"
"신속/NNG","1"
"이쯤/MAG","1"
"보더/NNG","2"
"댐/NNG","2"
"더디/VA","1"
"간결/NNG","1"
"만하/VV","1"
"쿠플에/UN","1"
"요하/VV","1"
"벼/NNG","1"
"제약/NNG","1"
"에오/NNG","1"
"쉬/VV","2"
"팔/NR","1"
"완비/NNG","1"
"메리트/NNG","1"
"크루/NNG","1"
"에다/JC","1"
"코/NNG","1"
"시국/NNG","1"
"껄끄럽/VA","1"
"부담/NNG","1"
"자사/NNG","1"
"XBOX/OL","1"
"다가리/NNG","1"
"스포츠/NNG","1"
"ESPN/OL","1"
"IPTV/OL","1"
"빼간거냐/UN","1"
"불투명/NNG","2"
"그리기/NNG","1"
"기술력/NNG","1"
"효율적/NNG","1"
"HYUNJI/OL","1"
"KIM/OL","1"
"저분/NP","1"
"대중성/NNG","1"
"인사이드/NNG","1"
"북한/NNG","1"
"왕조/NNG","1"
"ㄴ다구요/EFQ","1"
"간편/NNG","1"
"갑갑/XR","1"
"지니/VV","1"
"PAYCO/OL","1"
"내세우/VV","1"
"스팀/NNG","1"
"캐리/NNG","2"
"해적/NNG","2"
"자/VA","1"
"소피아/NNG","1"
"꼬마/NNG","1"
"의사/NNG","1"
"닥/UN","1"
"반투명/NNG","1"
"막판/NNG","1"
"특/UN","1"
"뮬/UN","1"
"란/NNG","1"
"라든지/ECE","1"
"나도/NNG","1"
"KM/OL","1"
"몬/MAG","1"
"매력적/NNG","1"
"계/NNG","1"
"몬스터/NNG","1"
"주식회사/NNG","1"
"시인/NNG","1"
"감성/NNG","1"
"자극/NNG","1"
"눈물/NNG","1"
"자맙음성지원됍니/UN","1"
"미녀/NNG","1"
"야수/NNG","1"
"해설자/NNG","1"
"해설/NNG","1"
"오래전/NNG","1"
"101/NR","1"
"달마/NNG","1"
"시안/NNP","1"
"렐/UN","1"
"같애요/UN","1"
"야이/UN","1"
"충고/NNG","1"
"일걸/NNG","1"
"지장/NNG","1"
"결정적/NNG","1"
"비교시/NNG","1"
"지에/NNG","1"
"관/NNG","1"
"업뎃으/UN","1"
"저제/MAG","1"
"00/NR","1"
"걸리/NNG","1"
"거림/NNG","1"
"반/XPN","1"
"성해/NNG","1"
"샹치/UN","2"
"톱/NNG","1"
"ENGLISH/OL","1"
"AUDIO/OL","1"
"DISCRIPTION/OL","1"
"5.1/NR","1"
"까락/NNG","1"
"부러지/VV","1"
"뮌/UN","1"
"탈/NNG","1"
"크키/UN","1"
"떵/UN","1"
"구멍/NNG","1"
"안구/NNG","1"
"돌출/NNG","1"
"반갑/VV","1"
"뽀뽀/NNG","1"
"역기/NNG","1"
"미라/NNG","1"
"정면/NNG","1"
"배치/NNG","1"
"어떻까/UN","1"
"세욤/UN","1"
"품목/NNG","1"
"좌절감/NNG","1"
"맞/XPN","1"
"묵/VV","1"
"경/NNG","1"
"우지/NNG","1"
"돈즈니/UN","1"
"노예/NNG","1"
"보잣/UN","1"
"기사/NNG","1"
"와/JKO","1"
"첫판/NNG","1"
"콘테츠/UN","2"
"도/VV","1"
"투박/XR","1"
"점차/MAG","1"
"세련/NNG","1"
"21.11/NR","1"
"DTS/OL","1"
"전에/UN","1"
"받아놓고/UN","1"
"매크로/NNG","1"
"식/NNG","1"
"두뇌/NNG","1"
"엥/IC","1"
"쏟아붓/VV","1"
"그르/VA","1"
"개선되지/UN","1"
"는다면/ECE","1"
"슈퍼/NNG","1"
"츄럴/UN","1"
"건데/MAG","1"
"명작/NNG","1"
"반절/NNG","1"
"볼품없/VA","1"
"전화번호/NNG","1"
"구근/NNG","1"
"고함/NNG","1"
"방통/NNG","1"
"가만히/MAG","1"
"악플/UN","1"
"보/XSN","1"
"주더만/NNG","1"
"대단/XR","1"
"WHERE/OL","1"
"AIR/OL","1"
"CRASH/OL","1"
"INVESTIGATION/OL","1"
"DISAPPOINTING/OL","1"
"벨리/NNG","1"
"긴장/NNG","1"
"작전/NNG","1"
"투명/NNG","1"
"재구/NNG","1"
"라이트/NNG","1"
"2.35/NR","1"
"장기적/NNG","1"
"함정/NNG","1"
"제각/NNG","1"
"하여튼/MAG","1"
"2021.11/NR","1"
"가가/NNG","1"
"내레이션/NNG","1"
"힛/IC","1"
"드뎌/UN","1"
"낚이/VV","1"
"환영/NNG","1"
"면서요/ECE","1"
"아시/NNG","1"
"창과/NNG","1"
"자동설정/NNG","1"
"늘/VA","1"
"오늘/MAG","1"
"밤새야겠어/UN","1"
"꼬꼬마/NNG","1"
"에이/NNG","1"
"무야/NNG","1"
"호/NNB","1"
"군/EFI","1"
"물건/NNG","1"
"선생님/NNG","1"
"저처럼/NNG","1"
"깆/UN","1"
"커스텀/NNG","1"
"방구/NNG","1"
"적소/NNG","1"
"등/NNM","1"
"괴물/NNG","1"
"아이맥스/NNG","1"
"뻐/UN","1"
"OH/OL","1"
"MY/OL","1"
"GOD/OL","1"
"KOREANS/OL","1"
"없죸/UN","1"
"SIMPSONS/OL","1"
