"어느/MDT","17"
"순간/NNG","7"
"팝업/NNG","255"
"기능/NNG","235"
"이/JKS","2031"
"안/MAG","1715"
"되/VV","1662"
"길래/ECD","21"
"없/VA","707"
"어/ECD","514"
"지/VXV","168"
"ㄴ/ETD","1786"
"줄/NNB","47"
"알/VV","122"
"고/ECE","2725"
"한동안/NNG","2"
"티빙/NNG","66"
"만/JX","476"
"쓰/VV","278"
"었/EPT","1531"
"음/ETN","192"
"날/NNG","25"
"전화/NNG","37"
"로/JKM","809"
"물어보/VV","3"
"았/EPT","377"
"더니/ECD","92"
"스마트폰/NNG","233"
"설정/NNG","72"
"을/JKO","817"
"바꾸/VV","142"
"어야/ECD","235"
"하/VV","1911"
"는/ETD","1649"
"거/NNB","486"
"이/VCP","1879"
"는데/ECD","1415"
"공/NNG","10"
"지도/NNG","17"
"없었/VV","10"
"이것/NP","74"
"뭐하/VV","32"
"자고/ECD","13"
"것/NNB","1289"
"ㄴ지/ECD","87"
"이런/MDT","79"
"건/NNM","70"
"미리/MAG","59"
"공지/NNG","19"
"되/XSV","545"
"아니/VCN","150"
"ㄴ가/ECS","57"
"묻/VV","5"
"상담/NNG","17"
"사/NR","1"
"분/NNB","14"
"은/JX","523"
"예/IC","2"
"이러/VV","79"
"끝/NNG","8"
"그리고/MAC","34"
"에서/JKM","501"
"10/NR","66"
"초/NNM","50"
"앞뒤/NNG","11"
"이동/NNG","20"
"버튼/NNG","117"
"도/JX","1543"
"얻/VV","2"
"은/ETD","517"
"보다/JKM","113"
"잃/VV","3"
"더/MAG","191"
"많/VA","493"
"은데/ECD","166"
"이렇/VA","64"
"개선/NNG","117"
"서비스/NNG","186"
"라고/JX","54"
"하나/NR","52"
"요/JX","301"
"컴퓨터/NNG","16"
"으로/JKM","710"
"보/VV","2368"
"ㄹ/ETD","1371"
"때/NNG","331"
"잠깐/MAG","7"
"스쳑/UN","1"
"늘/VV","53"
"장면/NNG","13"
"자세히/MAG","2"
"려고/ECD","166"
"일시/NNG","9"
"정지/NNG","20"
"빠르/VA","72"
"게/ECD","806"
"누르/VV","162"
"면/ECE","716"
"영상/NNG","294"
"처음/NNG","75"
"부터/JX","167"
"다시/MAG","377"
"재상/NNG","1"
"ㅁ/ETN","372"
"예/NNG","29"
"전/NNG","146"
"불편/NNG","329"
"하/XSV","3390"
"더/EPT","261"
"들/NNM","22"
"진짜/NNG","38"
"듣/VV","89"
"쓸데없/VA","4"
"일/NNG","66"
"에/JKM","1215"
"왜/MAG","457"
"그렇/VA","76"
"집착/NNG","1"
"는지/ECS","106"
"./SF","5827"
"이/NR","14"
"것/NNM","5"
"뿐/NNB","16"
"라/ECD","158"
"라/NNG","46"
"든/JX","11"
"가/NNG","9"
"등/NNB","63"
"마찬가지/NNG","11"
"웨이비보다/UN","1"
"는/JX","866"
"덜하/VA","1"
"지만/ECE","130"
"임/NNG","65"
"업데이트/NNG","624"
"이후/NNG","72"
"겁/NNG","6"
"나/VV","65"
"아/ECS","311"
"느리/VV","3"
"어/ECS","1370"
"짐/NNG","15"
"를/JKO","695"
"ㄹ수록/ECD","3"
"개판/NNG","4"
"이/JKC","121"
"갈/VV","44"
"느낌/NNG","8"
"내가/NNG","24"
"진짜/MAG","124"
"뭐/NP","84"
"사용/NNG","368"
"면서/ECE","129"
"그냥/MAG","100"
"불변/NNG","1"
"데/NNB","117"
"사람/NNG","92"
"디/NNG","12"
"건/ECE","31"
"너무하/VA","17"
"지/ECD","427"
"나/EFQ","39"
"싶/VXA","234"
"네요/EFN","1012"
"결제/NNG","598"
"어서/ECD","946"
"시청/NNG","270"
"접속/NNG","40"
"원할하/VV","2"
"다고/EFN","88"
"ㄴ지/ECS","102"
"모/NNG","7"
"르/NNG","10"
"그/VV","44"
"또/MAG","112"
"무료/NNG","148"
"어요/EFN","907"
"이딴/MDT","11"
"경우/NNG","42"
"가/JKS","1305"
"있음/NNG","33"
"장난/NNG","31"
"아니/VV","119"
"같/VA","411"
"앱/NNG","575"
"9/NR","30"
"월/NNM","62"
"5/NR","65"
"일/NNM","44"
"검색/NNG","66"
"ㄴ다고/ECE","68"
"문의/NNG","51"
"15/NR","8"
"니/ECD","185"
"기다리/VV","30"
"고만하/VV","1"
"담당자/NNG","3"
"연결/NNG","247"
"건/NNG","33"
"고객/NNG","69"
"문제/NNG","106"
"접수/NNG","3"
"계속/MAG","151"
"기/ETN","363"
"밖에/JX","15"
"웨이브/NNG","853"
"로고/NNG","4"
"봐주/VV","3"
"만하/VXA","7"
"ㄴ데/ECE","237"
"들어가/VV","74"
"누/VV","6"
"뽕/NNG","3"
"너무/MAG","538"
"심하/VA","46"
"ㅂ니다/EFN","958"
"하다못해/MAG","2"
"다크모드/UN","1"
"키/VV","47"
"을/ETD","185"
"라도/ECD","23"
"화면/NNG","271"
"어둡/VV","1"
"톤/NNG","1"
"조정/NNG","21"
"고려/NNP","12"
"보시/VV","10"
"어/VV","32"
"떻/UN","3"
"까/VV","56"
"그리고/MAG","64"
"밝기/NNG","19"
"음량/NNG","12"
"조절/NNG","63"
"제스처/NNG","3"
"이제/MAG","36"
"없애/VV","23"
"어떻/VA","76"
"ㄴ가요/EFQ","188"
"시대/NNG","6"
"뒤떨어지/VV","3"
"아직/MAG","47"
"존재/NNG","4"
"모르/VV","106"
"겠/EPT","365"
"습니다/EFN","665"
"마지막/NNG","17"
"일부/NNG","9"
"메뉴/NNG","18"
"속도/NNG","19"
"느리/VA","20"
"점/NNB","1"
"제외/NNG","3"
"ㄴ다면/ECE","12"
"굉장히/MAG","9"
"마음/NNG","13"
"드/VV","23"
"드라마/NNG","338"
"좋/VV","60"
"보다/MAG","21"
"많이/MAG","146"
"디자인/NNG","9"
"꽤/MAG","9"
"깔끔/XR","16"
"해지/VV","32"
"고요/EFN","26"
"전후방/NNG","1"
"가능/NNG","84"
"부탁/NNG","105"
"가/VV","87"
"적용/NNG","32"
"바라/VV","50"
"회원/NNG","38"
"창/NNG","112"
"수/NNB","619"
"있/VV","1172"
"좀/MAG","312"
"주세/NNG","77"
"다른/MDT","178"
"티비어플들/UN","2"
"주/VXV","578"
"나요/EFQ","260"
"?/SF","1004"
"유료/NNG","135"
"플레이어/NNG","23"
"어디/NP","36"
"가장/MAG","38"
"요긴/XR","2"
"하/XSA","235"
"이엇/UN","1"
"돌려주/VV","17"
"여/NNG","59"
"다/MAG","328"
"좋/VA","1131"
"갤럭시/NNG","49"
"해당/NNG","13"
"재생/NNG","391"
"중/NNB","276"
"어둡/VA","10"
"현상/NNG","39"
"발생/NNG","26"
"스마트/NNP","62"
"과/JKM","39"
"태블릿/NNG","33"
"두/MDN","29"
"가지/NNB","21"
"구글/NNG","87"
"토스/NNG","1"
"3/NR","190"
"뒤/NNG","36"
"취소/NNG","81"
"돈/NNG","239"
"환불이됫네/UN","1"
"이유/NNG","66"
"없이/MAG","81"
"가/JKC","107"
"이해/NNG","30"
"자체/NNG","59"
"여러/MDT","42"
"들/XSN","341"
"그런/MDT","17"
"다는/ETD","52"
"말/NNG","84"
"대하/VV","18"
"신경/NNG","11"
"시/EPH","315"
"으면/ECD","234"
"첫/MDT","72"
"달/NNG","112"
"100/NR","97"
"원/NNM","184"
"2/NR","122"
"개월/NNM","20"
"50/NR","14"
"할/NNM","4"
"혜택/NNG","16"
"참/MAG","27"
"개/NNG","46"
"같이/JKM","5"
"편하/VA","125"
"만들/VV","143"
"노/VV","21"
"아서/ECD","286"
"편/NNB","18"
"제대/NNG","21"
"적도/NNG","3"
"삭제/NNG","129"
"본인/NNG","13"
"인증/NNG","43"
"신규/NNG","10"
"가입/NNG","89"
"이용권/NNG","235"
"구매/NNG","263"
"페이지/NNG","14"
"가보/VV","7"
"있/VXV","731"
"무엇/NNG","64"
"방법/NNG","68"
"뒤적대/VV","1"
"다가/ECD","178"
"T/OL","18"
"부가/NNG","8"
"앤/NNG","8"
"데이터/NNG","40"
"한/MDN","69"
"이/MDT","96"
"ㄴ가/EFQ","31"
"결국/NNG","12"
"그/VA","11"
"월드/NNP","5"
"제공/NNG","30"
"네/EFN","139"
"그래서/MAG","23"
"해지/NNG","168"
"날르/VV","2"
"가있/UN","1"
"네/MDN","42"
"죠/EFN","144"
"나/NP","97"
"따/VV","10"
"러/ECD","17"
"티비/NNG","191"
"프로그램/NNG","171"
"마다/JX","82"
"무조건/MAG","14"
"번/NNB","61"
"이상/NNG","62"
"오류/NNG","155"
"남/NNG","19"
"스트리밍/NNG","15"
"잦/VA","6"
"듯/NNB","51"
"전체/NNG","45"
"가기/NNG","23"
"세로/NNG","9"
"보기/NNG","105"
"그/MDT","92"
"후/NNG","152"
"고치/VV","51"
"세요/EFN","403"
"개편/NNG","5"
"시작/NNG","43"
"색감/NNG","2"
"쨍하/VV","1"
"눈/NNG","12"
"아프/VA","3"
"아요/EFN","671"
"눈감/VV","1"
"거나/ECE","45"
"못/MAG","143"
"쳐다보/VV","1"
"괜찮/VA","29"
"아쉽/VA","56"
"야구/NNG","12"
"게임/NNG","17"
"동시/NNG","14"
"시/NNG","95"
"경기/NNG","3"
"전환/NNG","37"
"버벅거리/VV","3"
"탭/NNG","36"
"S/OL","19"
"7/NR","24"
"FE/OL","2"
"사양/NNG","1"
"떨어지/VV","18"
"테스트/NNG","8"
"해보/VV","32"
"안드로이드/NNG","38"
"6.0/NR","4"
"1/NR","192"
"기기/NNG","63"
"WAVVE/OL","48"
"설치/NNG","129"
"스토어/NNG","11"
"아예/MAG","41"
"조차/JX","5"
"는군요/EFI","6"
"버전/NNG","43"
"얼마/NNG","14"
"라야/ECD","1"
"몰르/VV","11"
"PC/OL","33"
"통하/VV","14"
"정보/NNG","23"
"확인/NNG","65"
"접근/NNG","6"
"권한/NNG","4"
"관련/NNG","11"
"설명/NNG","16"
"권장/NNG","2"
"ㄴ다는/ETD","41"
"그런데/MAG","5"
"참고/NNG","12"
"넷플릭스/NNG","218"
"나/JC","70"
"타/NNM","31"
"OTT/OL","131"
"아무/MDT","12"
"문제없이/MAG","2"
"상황/NNG","24"
"시/XSN","19"
"자막/NNG","162"
"뜸/NNG","15"
"해제/NNG","20"
"끄/VV","46"
"틀/VV","9"
"려/ECD","64"
"자동/NNG","218"
"회/NNB","28"
"차/NNG","108"
"선택도/NNG","1"
"혼자/NNG","13"
"무용지물/NNG","1"
"하/NNB","24"
"정규/NNG","7"
"방송/NNG","148"
"VOD/OL","37"
"대부분/NNG","13"
"후퇴/NNG","3"
"기분/NNG","18"
"아니/IC","73"
"팔아먹/VV","1"
"로그인/NNG","97"
"기계/NNG","5"
"중복/NNG","4"
"잘/MAG","550"
"중간/NNG","67"
"로그/NNG","38"
"아웃/NNG","29"
"그러/VV","129"
"B/OL","4"
"깔/VV","87"
"언제/NP","10"
"ㄴ/JX","4"
"질/VV","4"
"키/NNG","17"
"아래/NNG","11"
"방향키/NNG","1"
"숫자판/NNG","1"
"문자/NNG","14"
"입력/NNG","12"
"불가능/NNG","12"
"라구요/EFN","16"
"거실/NNG","1"
"안방/NNG","1"
"둘/NR","6"
"동일/NNG","13"
"으며/ECE","7"
"자판/NNG","2"
"지요/EFN","4"
"필요/NNG","38"
"화질/NNG","143"
"돌비/NNG","3"
"애트/UN","2"
"모스/NNG","2"
"UI/OL","24"
"그지/NNG","5"
"HBO/OL","17"
"땋/VV","6"
"품질/NNG","3"
"한국/NNG","44"
"독점/NNG","15"
"공급/NNG","1"
"빡/NNG","12"
"침/NNG","5"
"비트/NNG","3"
"레이트/NNG","2"
"쓰레기/NNG","26"
"서/JKM","138"
"차라리/MAG","18"
"불법/NNG","1"
"선명/NNG","3"
"다/EFN","137"
"우측/NNG","6"
"볼륨/NNG","13"
"민감/XR","2"
"여/ECS","22"
"갑자기/MAG","162"
"커지/VV","7"
"깜짝/MAG","2"
"놀/VV","3"
"ㄹ라/ECD","26"
"길/NNG","4"
"여러번/NNG","1"
"출시/NNG","4"
"말하/VV","11"
"분/NNG","39"
"그리하/VV","40"
"여도/ECD","15"
"의지/NNG","9"
"드러나/VV","1"
"답변/NNG","64"
"싫/VA","27"
"콘텐츠/NNG","165"
"랍시/UN","1"
"꼴/NNG","7"
"동성애/NNG","6"
"영화/NNG","278"
"대문짝/NNG","2"
"만하/XSA","2"
"띄우/VV","22"
"띄/VV","12"
"개/VV","2"
"적/NNB","11"
"별/NNG","56"
"반쪽/NNG","1"
"아깝/VA","52"
"와/VV","4"
"죠/VA","7"
"구림/NNG","3"
"고사/NNG","1"
"양/NNG","2"
"셀/NNG","1"
"룰/NNG","1"
"런/NNG","5"
"데/NNG","15"
"튕기/VV","21"
"경운/NNG","1"
"첨/NNG","7"
"황/NNG","4"
"당/XSN","1"
"어도/ECD","191"
"점/NNG","47"
"보유/NNG","6"
"없다/VA","49"
"뜨/VV","298"
"분/NR","6"
"명/NNM","13"
"스/VV","73"
"나가/VV","30"
"이력/NNG","1"
"지우/VV","48"
"아도/ECD","61"
"현재/NNG","16"
"니/NP","26"
"지금/NNG","66"
"베이직/NNG","18"
"이용/NNG","286"
"ㄴ다/ECS","37"
"고/NNG","28"
"이거/NP","85"
"다/ECS","175"
"찾/VV","108"
"힘들/VA","26"
"놓/VXV","52"
"추석/NNG","2"
"연휴/NNG","3"
"동안/NNG","29"
"오늘/NNG","56"
"유도/NNG","15"
"그런데/MAC","5"
"일은/NNG","1"
"제가/NNG","47"
"산/NNG","2"
"걸/VV","21"
"ㄹ까요/EFQ","48"
"아/ECD","181"
"센터/NNG","43"
"공휴일/NNG","2"
"불가/NNG","29"
"상태/NNG","30"
"못하/VX","103"
"날리/VV","7"
"셈/NNB","3"
"ㄴ데요/ECE","12"
"적어도/MAG","7"
"대책/NNG","2"
"준비/NNG","1"
"맞이하/VV","1"
"실행/NNG","51"
"시/VV","8"
"행이/NNG","1"
"라이브/NNG","102"
"목록/NNG","40"
"프로필/NNG","19"
"잠금/NNG","32"
"꼭/MAG","32"
"요즘/NNG","67"
"유행/NNG","1"
"듣보/UN","1"
"정기/NNG","42"
"구독/NNG","108"
"개별/NNG","78"
"하라/NNP","78"
"누/NNG","21"
"엄청/MAG","44"
"소리/NNG","54"
"였/EPT","31"
"여요/ECD","9"
"지금/MAG","17"
"으니까/ECD","8"
"꺼/NNG","30"
"시키/XSV","29"
"이나/JX","47"
"버퍼링/NNG","58"
"걸리/VV","36"
"모드/NNG","111"
"이대로/MAG","2"
"작/VA","51"
"실/NNG","9"
"ㄴ가요/ECS","4"
"PIP/NNG","85"
"그만/MAG","11"
"니까/ECD","54"
"고정도/NNG","1"
"맘/NNG","14"
"대로/JX","23"
"이리저리/MAG","1"
"던데/ECD","42"
"좋아지/VV","18"
"크기/NNG","40"
"넣/VV","46"
"자꾸/MAG","87"
"나요/ECE","22"
"어찌/MAG","6"
"인앱/NNG","5"
"프로/NNG","84"
"모션/NNG","11"
"플레이/NNG","65"
"제대로/MAG","17"
"알려주/VV","5"
"어야지요/EFN","2"
"내/NP","35"
"먹/VV","24"
"연동/NNP","21"
"중인/NNG","25"
"주/VV","51"
"이전/NNG","35"
"최신/NNG","43"
"확대/NNG","17"
"는데요/ECD","52"
"받/VV","101"
"을까요/EFQ","21"
"곰/NNG","2"
"빠지/VV","16"
"스텐다드/UN","3"
"오/VV","76"
"릴려/UN","1"
"어떻게/MAG","19"
"하나/NNG","32"
"요/EFN","69"
"저/NP","149"
"포켓몬스터/NNP","6"
"W/OL","4"
"화/NNG","11"
"오르/VV","111"
"목요일/NNG","1"
"엠/NNG","4"
"스틱/NNG","3"
"한번/NNG","39"
"계속/NNG","125"
"매번/MAG","30"
"유독/MAG","11"
"먹통/NNG","16"
"국어/NNG","1"
"지원/NNG","47"
"X/OL","7"
"어리/VA","1"
"해/NNG","82"
"링/NNG","55"
"턱없이/MAG","2"
"부족/NNG","17"
"컨텐츠/NNG","256"
"라고/ECD","45"
"이사/NNG","1"
"럼/NNM","2"
"그리/VV","34"
"시즌/NNG","40"
"맨날/MAG","13"
"8/NR","13"
"제/XPN","11"
"발/NNG","13"
"장르/NNG","16"
"국가별/NNG","1"
"나누/VV","9"
"렴/EFO","2"
"짱드/UN","1"
"대/NNB","3"
"드/XPN","14"
"거/NNG","1"
"다그/VV","7"
"손목/NNG","1"
"어/EFN","7"
"자회사/NNG","1"
"핑핑/MAG","1"
"야/EFN","8"
"대체/NNG","16"
"도스/NNG","1"
"냐/EFQ","75"
"고/JKQ","14"
"도착/NNG","2"
"0/NR","16"
"지연/NNG","72"
"어제/NNG","27"
"까지/JX","188"
"메세지/NNG","9"
"라는/ETD","78"
"10.1/NR","2"
"기/VV","3"
"기에/ECD","16"
"서도/NNG","1"
"열받/VV","10"
"리뷰/NNG","51"
"들어오/VV","22"
"뭔/MDT","48"
"이래/MAG","3"
"ㅂ니까/EFQ","90"
"을/JX","3"
"만원/NNG","5"
"넘/VV","93"
"짜증/NNG","37"
"담/NNG","5"
"든지/ECE","9"
"온에어/NNG","4"
"타임머신/NNG","4"
"TV/OL","172"
"채널/NNG","112"
"광고즁/UN","1"
"하단/NNG","15"
"검/VA","14"
"네모/NNG","2"
"구멍/NNG","1"
"쓰이/VV","1"
"손보/VV","1"
"기본/NNG","23"
"캐스트/NNG","83"
"리모컨/NNG","1"
"넘/NNB","22"
"재/XPN","46"
"부팅/NNG","13"
"앙/UN","4"
"기모/NNG","1"
"띠/NNG","3"
"4.4/NR","1"
"종료/NNG","35"
"황당/XR","7"
"안녕/NNG","17"
"호환/NNG","13"
"알림/NNG","4"
"개발자/NNG","15"
"님/XSN","16"
"해결/NNG","64"
"푹/MAG","11"
"으/UN","6"
"나오/VV","356"
"다르/VA","50"
"리/NNB","7"
"뷰/NNG","18"
"생기/VV","49"
"갱신/NNG","2"
"4/NR","50"
"오랜만/NNG","10"
"와/JKM","47"
"변경/NNG","43"
"모든/NNP","16"
"기종/NNG","3"
"도록/ECD","20"
"수정/NNG","63"
"드리/VV","75"
"볼만/NNG","19"
"다음/NNG","86"
"사라지/VV","93"
"다르/VV","36"
"작업/NNG","12"
"줄이/VV","4"
"놓도/UN","1"
"멀티/NNG","11"
"알리/VV","7"
"편리/NNG","53"
"어야지/EFN","15"
"어쩌/VV","31"
"어이/NNG","22"
"위/NNG","15"
"신청/NNG","11"
"해외/NNG","39"
"구/ECE","35"
"보디/NNG","1"
"못하/VV","2"
"ㄴ다구/EFQ","1"
"죽/VV","10"
"은/JKS","62"
"놈/NNB","4"
"정말/MAG","127"
"들/VV","27"
"하루/NNG","41"
"수십/NR","2"
"씩/MAG","18"
"가도/NNG","5"
"여/ECD","7"
"무보/NNG","1"
"초기화/NNG","1"
"시간/NNG","124"
"스킵/NNG","18"
"멈추/VV","58"
"도대체/MAG","17"
"언제/MAG","37"
"꺼/VV","8"
"평소/NNG","8"
"확실히/MAG","9"
"변환/NNG","4"
"당황/NNG","16"
"스럽/XSA","35"
"심지어/MAG","17"
"사/VV","26"
"아/VV","64"
"개인적/NNG","12"
"궁금증/NNG","1"
"뮤직뱅크/NNP","1"
"9.2/NR","1"
"일/NR","4"
"블루투스/NNG","17"
"키보드/NNG","8"
"직접/MAG","6"
"서/ECD","65"
"번거롭/VA","12"
"기가/NNG","9"
"A/OL","7"
"크롬/NNG","85"
"년/NNM","44"
"평점/NNG","7"
"점/NNM","22"
"두/VV","2"
"방향/NNG","4"
"중국/NNG","10"
"최대/NNG","7"
"단점/NNG","9"
"는/EPT","2"
"거니/ECE","1"
"문제없/VA","4"
"조선족/NNG","1"
"신경질/NNG","1"
"체널/NNG","7"
"순서/NNG","6"
"제각기/MAG","1"
"기고/NNG","1"
"화남/NNP","1"
"스트레스/NNG","11"
"질/NNG","5"
"높이/VV","2"
"화/XSN","40"
"최악/NNG","41"
"가격/NNG","29"
"2750/NR","3"
"코/NNG","79"
"인/NNG","60"
"밖/NNG","18"
"충전/NNG","14"
"1000/NR","5"
"1400/NR","2"
"표시/NNG","41"
"잖아요/EFN","19"
"읽/VV","9"
"표/NNG","2"
"시해/NNG","1"
"내리/VV","18"
"화살표/NNG","2"
"소비자/NNG","9"
"당연히/MAG","9"
"생각/NNG","108"
"되게/MAG","19"
"혹하/VV","4"
"첫인상/NNG","2"
"망치/VV","1"
"지뢰/NNG","1"
"작용/NNG","1"
"이번/NNG","57"
"여전/XR","1"
"사용자/NNG","63"
"만/NR","21"
"의/JKG","292"
"그동안/MAG","5"
"사항/NNG","19"
"의견/NNG","8"
"남기/VV","31"
"다니/EFN","16"
"재구/NNG","2"
"독/NNG","6"
"복붙답변/UN","1"
"기지/NNG","1"
"마시/VV","5"
"구독자/NNG","6"
"적극/NNG","3"
"장점/NNG","35"
"던/EFQ","22"
"떨/VV","2"
"나/ECE","59"
"원래/NNG","32"
"복원/NNG","1"
"메크/UN","1"
"후회/NNG","3"
"보고/JKO","2"
"ㄹ걸/EFN","1"
"쪼만해가지/UN","1"
"고/JC","13"
"라디오/NNG","11"
"수준/NNG","11"
"느껴지/VV","3"
"화면크기/NNG","1"
"이벤트/NNG","45"
"보고/NNG","34"
"안내대/NNG","1"
"진행하/VV","3"
"금액/NNG","15"
"정상/NNG","21"
"결재/NNG","36"
"참/VV","8"
"알아보/VV","4"
"예외적/NNG","1"
"보통/NNG","8"
"편의성/NNG","12"
"위해/NNG","1"
"진화/NNG","2"
"퇴보/NNG","2"
"선택/NNG","60"
"무엇/NP","23"
"ㄹ까/ECD","16"
"지나/VV","34"
"적응/NNG","2"
"려나/EFQ","1"
"답/NNG","20"
"손/NNG","7"
"절이/VV","1"
"플랫폼/NNG","49"
"대비/NNG","8"
"나랑/MAG","2"
"맞/VV","42"
"잼/NNG","19"
"민/NNG","4"
"딸랑/MAG","1"
"구가/NNG","1"
"여기/NP","46"
"9000/NR","16"
"기로/ECD","15"
"7900/NR","11"
"거든요/EFN","15"
"요금/NNG","62"
"때문/NNB","70"
"리셋/NNG","3"
"그래서/MAC","17"
"재가/NNG","1"
"입하/VV","2"
"업그레이드/NNG","15"
"기존/NNG","28"
"관리/NNG","20"
"환불/NNG","89"
"제발/MAG","56"
"청각/NNG","4"
"장애인/NNG","4"
"네/XSN","22"
"스토브리그/NNP","1"
"업/VV","4"
"데/EFN","7"
"스크린/NNG","3"
"기록/NNG","21"
"새로/MAG","11"
"자주/MAG","53"
"ㄴ데/ECD","45"
"16000/NR","8"
"원/NNG","19"
"프리미엄/NNG","10"
"KT/OL","3"
"04/NR","2"
"시/NNM","16"
"28/NR","4"
"분/NNM","54"
"완료/NNG","18"
"조치/NNG","17"
"하/VX","23"
"측/NNB","13"
"요청/NNG","21"
"ㄴ다고만/ECE","1"
"경과/NNG","1"
"미/NNG","24"
"중국산/NNG","2"
"쥭/UN","1"
"허위/NNG","2"
"광고/NNG","215"
"랄/UN","2"
"아야/ECD","94"
"인은/NNG","5"
"1500/NR","1"
"유효/NNG","2"
"기간/NNG","21"
"다운로드/NNG","43"
"미치/VV","12"
"두렵/VA","1"
"움직이/VV","5"
"부드럽/VA","1"
"홈/NNG","49"
"유툽/UN","1"
"처럼/JKM","81"
"할인/NNG","31"
"12500/NR","7"
"라고요/EFN","14"
"구/NR","8"
"야/JX","22"
"바로/MAG","83"
"회/NNG","102"
"돌아오/VV","17"
"나름/NNG","3"
"불/XPN","3"
"가피/NNG","1"
"하다/NNP","31"
"번/NNM","33"
"금방/MAG","4"
"내/VV","85"
"고서/ECD","2"
"제때/NNG","1"
"솔직히/MAG","16"
"중계/NNG","9"
"땜/NNB","4"
"그대로/MAG","19"
"삼/VV","1"
"월정/NNG","4"
"액/NNG","3"
"12/NR","23"
"터무니없/VA","1"
"어렵/VV","2"
"지상파/NNG","82"
"사/NNG","15"
"배째/VV","1"
"퀵/MDT","16"
"동영상/NNG","27"
"나도/NNG","1"
"방치/NNG","3"
"허다/XR","2"
"ㅂ시다/EFA","13"
"이용자/NNG","30"
"닿/VV","24"
"얘기/NNG","11"
"의문/NNG","6"
"매우/MAG","35"
"만족/NNG","59"
"중이/NNG","17"
"원하/VV","33"
"위치/NNG","12"
"놔두/VV","2"
"외/NNB","12"
"오/VX","23"
"우잫자/UN","1"
"웋/UN","1"
"조/NNG","7"
"보어/NNG","1"
"옹/NNB","2"
"예전/NNG","56"
"주르륵/MAG","1"
"며/ECE","42"
"일부러/MAG","5"
"라도/NNP","9"
"저장/NNG","21"
"없애버리셨네/UN","1"
"너무너무/MAG","23"
"특히/MAG","43"
"리모콘/NNG","1"
"하나하나/MAG","3"
"이리/MAG","4"
"되살/VV","1"
"한테/JKO","19"
"느/VV","22"
"너무나/MAG","3"
"치명적/NNG","4"
"계정이멊어/UN","1"
"ㄴ다니/EFN","5"
"마/NNG","9"
"따박따박/MAG","2"
"돈빼가면/UN","1"
"빨리/MAG","56"
"키즈/NNG","3"
"아이/NNG","51"
"만/NNB","13"
"인해/NNG","1"
"아이디/NNG","23"
"게끔/ECD","7"
"한지/NNG","1"
"몇/MDT","110"
"년/NNB","20"
"느무/UN","1"
"중국인/NNG","4"
"전혀/MAG","15"
"한국인/NNG","3"
"식/NNB","33"
"버리/VXV","45"
"갈아타/VV","15"
"암/NNG","3"
"쪼록/MAG","2"
"쟁이/XSN","1"
"주시/NNG","4"
"쓸리/VV","1"
"잔/NNG","2"
"벌이/VV","1"
"아주/MAG","49"
"가관/NNG","2"
"이라서/JKS","1"
"닫/VV","10"
"위하/VV","24"
"의하/VV","1"
"빌/VV","2"
"이렇/VV","11"
"면/NNG","18"
"검색어/NNG","2"
"웨/VV","4"
"추천/NNG","32"
"놓/VV","35"
"취향/NNG","38"
"맞춤/NNG","1"
"알고리즘/NNG","1"
"아/NNG","6"
"걸/NNG","7"
"따라하/VV","3"
"ㄴ답시고/ECE","3"
"사용시/NNG","7"
"리스트/NNG","17"
"사이/NNG","10"
"한번/MAG","16"
"가중/NNG","1"
"어쩧/VA","5"
"그나마/MAG","5"
"최근/NNG","42"
"조금/NNG","11"
"이젠/NNP","20"
"조/NR","4"
"차/NNM","4"
"없애버렸네/UN","1"
"POOQ/OL","7"
"갈수록/MAG","7"
"국내/NNG","31"
"주로/MAG","10"
"운영/NNG","8"
"라면/NNG","4"
"남녀노소/NNG","1"
"누구/NP","5"
"나/JX","31"
"터/NNB","27"
"30/NR","9"
"대인/NNG","1"
"점점/MAG","11"
"어르신/NNG","2"
"더더욱/MAG","2"
"복붙하/UN","1"
"질리/VV","2"
"진행/NNG","19"
"다/NNG","13"
"비슷/XR","6"
"불만/NNG","7"
"표출/NNG","1"
"효/NNG","1"
"ㅁ니다/EFN","5"
"되버/UN","2"
"리/NNG","13"
"재생되버리/UN","1"
"니/JC","24"
"그전/NNG","3"
"어떤/MDT","26"
"내용/NNG","18"
"ㄹ지/ECD","37"
"간단/XR","6"
"클릭/NNG","36"
"니깐/ECD","15"
"미드/NNG","12"
"수퍼/NNG","3"
"내추럴/NNG","3"
"정주행/NNG","20"
"내역/NNG","18"
"한마디/NNG","2"
"ㄴ다/EFN","42"
"대한민국/NNG","4"
"외국/NNG","11"
"따라가/VV","6"
"와우/NNG","2"
"게다/NNG","4"
"차이/NNG","6"
"천/NR","15"
"멋/NNG","1"
"졍/UN","1"
"제작진/NNG","1"
"19/NR","20"
"금/NNG","11"
"비밀/NNG","13"
"번호/NNG","34"
"는지요/EFQ","3"
"애니메이션/NNG","48"
"비밀번호/NNG","2"
"멀/VA","22"
"벌/VV","15"
"겨우/MAG","5"
"정도/NNG","49"
"려는/ETD","32"
"월래/NNG","1"
"안됫었나/UN","1"
"됫엇/UN","1"
"외/VV","12"
"이/NNG","34"
"예능/NNG","141"
"씩/XSN","28"
"항상/MAG","47"
"든/ECE","17"
"연속/NNG","31"
"쫌/MAG","10"
"가끔/MAG","29"
"발음/NNG","2"
"세/VA","1"
"배우/NNG","10"
"무슨/MDT","58"
"알아듣/VV","3"
"이건/NNP","7"
"무시/NNG","2"
"계시/VXA","5"
"때/VV","15"
"노트/NNG","18"
"재/NNG","16"
"아쉬움/NNG","9"
"전원/NNG","5"
"일기/NNG","4"
"치/VV","32"
"백/NR","8"
"편/NNM","9"
"띄엄/UN","1"
"있었/VV","10"
"차도/NNG","3"
"차별/NNG","3"
"복붙/UN","8"
"성의/NNG","3"
"전반적/NNG","7"
"시스템/NNG","26"
"보임/NNG","6"
"다운/NNG","61"
"다양/NNG","152"
"켜/VV","15"
"추가/NNG","70"
"감사/NNG","56"
"주말/NNG","19"
"처리/NNG","17"
"듯하/VXA","14"
"대처/NNG","3"
"보라/NNG","6"
"이미/MAG","30"
"종류/NNG","9"
"TVN/OL","23"
"CJ/OL","1"
"얼/VV","2"
"업로드/NNG","13"
"2012/NR","1"
"년도/NNM","6"
"그럼/MAG","11"
"이런저런/MDT","1"
"은/NNG","8"
"어플들/UN","6"
"무한/NNG","35"
"로딩/NNG","58"
"대체/MAG","10"
"돌아가/VV","34"
"반복/NNG","28"
"종료/UN","1"
"살아나/VV","1"
"좀비/NNG","1"
"죄/VV","1"
"장/NNG","2"
"고/ECS","9"
"웬만/XR","7"
"유지/NNG","15"
"우/EFO","2"
"파/NNG","2"
"형님/NNG","2"
"사실/NNG","8"
"에요/EFN","41"
"요새/NNG","5"
"삼성/NNG","31"
"유튜브/NNG","36"
"꼽/VV","1"
"옛날/NNG","49"
"음/NNG","5"
"비율/NNG","17"
"16/NR","8"
"늘어지/VV","1"
"원본/NNG","3"
"꽉차/VV","1"
"말/VV","35"
"같이/MAG","29"
"잘못/MAG","13"
"줄/NNG","6"
"순/NNG","18"
"무의미/NNG","1"
"먼저/MAG","6"
"대/NNM","3"
"만약/NNG","2"
"앞/NNG","84"
"연장/NNG","4"
"시키/VV","21"
"끊기/VV","140"
"캐시/NNG","6"
"돌리/VV","20"
"줌/NNG","6"
"구로/NNG","2"
"버겁/VA","1"
"시장/NNG","4"
"랑/JC","76"
"미러/NNG","54"
"다면/ECE","19"
"쿠팡/NNP","12"
"이나/JC","42"
"제어/NNG","2"
"수록/NNG","2"
"구리/VA","9"
"사이즈/NNG","17"
"강점/NNG","4"
"이제/NNG","30"
"지요/ECD","17"
"늘/MAG","11"
"고생/NNG","2"
"으시/EPH","13"
"니/EFQ","2"
"줄/VV","6"
"원래/MAG","11"
"보/NNG","13"
"일드/NNG","8"
"위주/NNG","4"
"노인/NNG","1"
"말르/VV","9"
"거지/NNG","20"
"똑같이/MAG","8"
"변화/NNG","2"
"이래/NNB","8"
"상하/VV","1"
"개/NNM","57"
"수수료/NNG","3"
"여기/MAG","5"
"안타깝/VV","3"
"지속/NNG","7"
"탈퇴/NNG","38"
"롯데/NNP","1"
"카드/NNG","25"
"해서/NNG","3"
"행사/NNG","1"
"참/NNG","6"
"픽/MAG","3"
"웃음/NNG","1"
"여/NR","18"
"근데/MAG","47"
"변동/NNG","2"
"크/VA","59"
"건느/VV","4"
"뛰/VV","3"
"덜/VV","35"
"시점/NNG","11"
"기억/NNG","8"
"20/NR","26"
"자유/NNG","13"
"롭/XSA","15"
"어플전환/UN","1"
"매끄럽/VA","3"
"스와/UN","1"
"프/UN","5"
"두/VXV","10"
"그것/NP","29"
"예상/NNG","3"
"금요일/NNG","8"
"밤/NNG","7"
"빠져나가/VV","19"
"정작/NNG","5"
"고만/MAG","3"
"농락/NNG","1"
"당하/XSV","9"
"저녁/NNG","3"
"내일/NNG","1"
"쉬/VV","7"
"토/NNG","5"
"물/NNG","5"
"건너가/VV","1"
"화나/VV","10"
"짓/NNG","9"
"다하/VV","13"
"제자리/NNG","1"
"짜증나/VV","64"
"매크로/NNG","7"
"느끼/VV","12"
"말/VXV","33"
"ㄹ라고/EFQ","11"
"달/VXV","3"
"기어코/MAG","1"
"달/VV","4"
"양해/NNG","5"
"구하/VV","5"
"식/NNG","4"
"으니/ECD","28"
"어쨌든/MAG","1"
"사과/NNG","4"
"뉘앙스/NNG","1"
"비추/VV","2"
"복/NNG","8"
"붙한/UN","1"
"단축/NNG","1"
"컨트롤/NNG","2"
"씨/NNG","3"
"브이/NNG","2"
"굳이/MAG","10"
"일일이/MAG","4"
"베끼/VV","1"
"입장/NNG","9"
"으니까요/ECD","1"
"고객센터/NNG","11"
"달리/VV","2"
"채팅/NNG","3"
"평가/NNG","5"
"시/NNB","7"
"업뎃이후/UN","4"
"업뎃전/UN","3"
"훨/MAG","3"
"이랑/JC","34"
"곧/MAG","3"
"경쟁이/NNG","1"
"째/XSN","34"
"돈대/NNG","1"
"기만/NNG","7"
"일하/VV","5"
"침대/NNG","1"
"눕/VV","5"
"소중/XR","2"
"개빡치네/UN","1"
"자/ECE","6"
"마음대로/MAG","3"
"막/VV","13"
"고치실/NNG","2"
"영구/NNG","3"
"제품/NNG","4"
"따로/MAG","36"
"카테고리/NNG","22"
"J/OL","4"
"UJUJ/OL","1"
"블/VV","11"
"501/NR","1"
"즈/UN","2"
"I/OL","1"
"OHUUJ/OL","1"
"UJGRJ/OL","1"
"늫/VV","5"
"F/OL","3"
"OI/OL","1"
"EAN/OL","1"
"투/NNG","9"
"버스/NNG","4"
"이래/NNG","4"
"닫히/VV","4"
"즐기/VV","38"
"짱/MAG","6"
"증말/NNG","1"
"네트워크/NNG","10"
"환경/NNG","13"
"타어플/UN","2"
"비교시/NNG","3"
"넘기기/NNG","7"
"심각/XR","5"
"오래/MAG","12"
"작전/NNG","1"
"방송사/NNG","14"
"타임/NNG","4"
"내내/MAG","7"
"대신/NNP","6"
"꼼짝없이/MAG","1"
"게다가/MAG","4"
"라도/JX","10"
"어렵/VA","15"
"정책/NNG","7"
"강제/NNG","27"
"거기/NP","8"
"실시간/NNG","100"
"가리/VV","5"
"거슬리/VV","8"
"려면/ECE","34"
"개발/NNG","9"
"팀/NNG","3"
"던지/ECD","12"
"하세/NNG","8"
"우선/MAG","7"
"시일/NNG","7"
"내/NNB","18"
"예정/NNG","9"
"나루토/NNG","3"
"질풍/NNG","2"
"기/NNM","29"
"6/NR","21"
"기/NNG","12"
"스토리/NNG","3"
"하필/MAG","1"
"중지/NNG","6"
"욷/UN","1"
"식사/NNG","3"
"들/VX","2"
"별로/MAG","44"
"요/NNG","17"
"부분/NNG","44"
"잠들/VV","2"
"이어/MAG","6"
"방식/NNG","13"
"회선/NNG","10"
"오후/NNG","4"
"모든/MDT","30"
"다네요/EFN","5"
"사용료/NNG","6"
"어/NNG","9"
"보상/NNG","9"
"정/NNG","13"
"맨/MDT","8"
"예속/NNG","1"
"곳/NNG","31"
"구석/NNG","1"
"음악/NNG","8"
"제목/NNG","3"
"옥수수/NNG","14"
"당/NNG","8"
"비싸/VA","16"
"나선/NNG","1"
"화/NNM","22"
"신기/XR","3"
"이렇게/MAG","50"
"만들기/NNG","2"
"힌들/UN","1"
"새벽/NNG","4"
"최적화/NNG","7"
"그닥/MAG","3"
"분명/MAG","13"
"적/XSN","12"
"에러/NNG","13"
"메일/NNG","4"
"날라가/VV","1"
"웃기/VV","9"
"고요/NNG","9"
"매달/VV","11"
"이체/NNG","4"
"가지/VV","5"
"이따/MAG","3"
"위로/NNG","1"
"심심/XR","12"
"쯤/NNG","3"
"일시적/NNG","8"
"열/VV","17"
"24/NR","5"
"대기/NNG","40"
"타/VV","8"
"핸/UN","3"
"얘/UN","3"
"제/XSN","22"
"월/NNG","10"
"정액/NNG","29"
"못하/VA","14"
"여럿/NNG","1"
"서/VV","9"
"답장/NNG","4"
"댓/NR","20"
"글/NNG","51"
"날짜/NNG","4"
"오래되/VA","6"
"복사/NNG","4"
"붙이기/NNG","1"
"크롬캐스트/NNG","13"
"차로/NNG","14"
"집중/NNG","3"
"와장/NNG","1"
"구요/EFN","25"
"여전히/MAG","6"
"짜리/XSN","19"
"얼마나/MAG","12"
"유일/NNG","3"
"버젓이/MAG","1"
"아침/NNG","7"
"그때/NNG","7"
"못하/VXV","2"
"ㄴ데요/ECD","3"
"불안정/NNG","7"
"서버/NNG","12"
"응대/NNG","4"
"불능/NNG","1"
"정답/NNG","1"
"운/NNG","4"
"영진/NNG","1"
"합리적/NNG","5"
"지/ECS","19"
"자정/NNG","3"
"와이파이/NNG","33"
"며칠/NNG","14"
"대응/NNG","4"
"님/NNG","5"
"탐사/NNG","1"
"보도/NNG","2"
"다면서/ECE","9"
"문/NNG","20"
"정신/NNG","4"
"차리/VV","2"
"뛰우/VV","2"
"욕/NNG","11"
"똑바로/MAG","2"
"폴/VV","7"
"팔/VV","3"
"그/NP","9"
"마저/MAG","3"
"만큼/JX","1"
"드물/VA","2"
"듯/ECD","2"
"땡/MAG","2"
"꺼죠/UN","1"
"오픈/NNG","3"
"쭉/MAG","15"
"통합/NNG","4"
"하기/NNG","6"
"를/JX","19"
"지/VV","2"
"무슨/UN","1"
"베타/NNG","1"
"근간/NNG","1"
"같/VV","5"
"니/VV","7"
"내부/NNG","1"
"직원/NNG","4"
"끼리/VV","1"
"롤/NNG","5"
"백하/NNG","1"
"22/NR","6"
"기준/NNG","13"
"틀어지/VV","3"
"자주/NNG","7"
"귀로/NNG","1"
"흘리/VV","1"
"기술/NNG","2"
"반영/NNG","15"
"걍/MAG","17"
"쓰셈/UN","1"
"똑같/VA","23"
"만명/NNG","1"
"낭비/NNG","5"
"둘째치/VV","1"
"툭하면/MAG","3"
"므/UN","2"
"지/NNG","22"
"증말/MAG","2"
"삿/UN","2"
"써비스/NNG","1"
"콜/NNG","1"
"연락/NNG","16"
"올르/VV","6"
"으면서/ECE","12"
"라니/NNP","15"
"방금/MAG","8"
"일전/NNG","6"
"하구/NNG","1"
"그만/XR","1"
"가치/NNG","4"
"신선/XR","1"
"무비/NNG","1"
"선보이/VV","2"
"터치/NNG","22"
"뉴/NNG","1"
"얼/NNG","5"
"가요/NNG","37"
"다고만/ECE","1"
"정기권/NNG","4"
"일반/NNG","3"
"원인/NNG","3"
"감지/NNG","1"
"관리자/NNG","4"
"달라/VV","5"
"비싸/VV","5"
"주고/NNG","17"
"저/XPN","1"
"기요/NNG","1"
"이중/NNG","15"
"주면/NNG","2"
"종일/NNG","19"
"같으/UN","1"
"개똥/NNG","5"
"처먹/VV","1"
"허구/NNG","2"
"허/XSV","2"
"권/XSN","5"
"많으/UN","4"
"돈만/NNG","3"
"빼먹/VV","1"
"나아지/VV","3"
"기미/NNG","1"
"안보/NNG","1"
"이보/IC","1"
"안/NNG","23"
"안하/NNG","2"
"ㄹ까/EFQ","4"
"가면/NNG","3"
"엉망/NNG","9"
"주/NNG","16"
"메리트/NNG","3"
"에게/JKM","17"
"중요/NNG","9"
"지/EFN","6"
"낫/VA","19"
"상품권/NNG","2"
"구입/NNG","4"
"하란/NNG","3"
"할거/NNG","2"
"세요/NNP","7"
"으나/ECE","17"
"끼치/VV","2"
"원상/NNG","4"
"복구/NNG","11"
"증상/NNG","17"
"흥/NNG","4"
"깨지/VV","13"
"용권/NNG","2"
"21/NR","10"
"유출/NNG","2"
"늘어나/VV","6"
"꺼지/VV","28"
"가까이/MAG","2"
"하리/VV","1"
"니요/ECD","1"
"실망/NNG","10"
"그동안/NNG","12"
"생이/NNG","1"
"뱉어내/VV","1"
"짱나/VV","5"
"특정/NNG","11"
"음성/NNG","7"
"출력/NNG","2"
"괜히/MAG","5"
"탓/NNG","6"
"통신사/NNG","7"
"딱/MAG","16"
"끝내/VV","2"
"이용료/NNG","9"
"어째/MAG","3"
"야/NNG","5"
"한두/MDN","16"
"아니/MAG","3"
"바끼/VV","8"
"데이/NNG","6"
"트지/UN","1"
"찧/VV","4"
"되있/UN","1"
"똥/NNG","1"
"데이트/NNG","2"
"저기/NP","5"
"정기적/NNG","1"
"배짱/NNG","2"
"아까/NNG","5"
"겪/VV","4"
"이정/NNG","6"
"도로/NNG","4"
"심각/NNG","4"
"00/NR","4"
"23/NR","3"
"다만/ECE","7"
"계속되/UN","1"
"셜/UN","1"
"명/NNG","4"
"있/VXA","3"
"다며/ECE","5"
"원활/NNG","3"
"않/VXA","4"
"작동/NNG","12"
"셋톱박스/NNG","4"
"모두/MAG","14"
"장애/NNG","3"
"미디어/NNG","2"
"거의/MAG","34"
"횟수/NNG","2"
"따라오/VV","3"
"개인/NNG","4"
"오/NNG","11"
"류래/UN","1"
"최초/NNG","3"
"되질/NNG","15"
"도심/NNG","1"
"남/VV","21"
"예시/NNG","1"
"35/NR","2"
"다음번/NNG","1"
"지점/NNG","8"
"더이상/MAG","6"
"명확/XR","2"
"자신/NNG","2"
"이/NP","9"
"해결책/NNG","7"
"적/VV","7"
"위기/NNG","2"
"탈출/NNG","1"
"넘버원/NNG","3"
"2005/NR","1"
"2011/NR","2"
"방영/NNG","12"
"천천히/MAG","1"
"14/NR","7"
"무대/NNG","2"
"주제/NNG","3"
"적히/VV","2"
"읍니다/EFN","7"
"라면서/ECE","7"
"모두/NNG","9"
"얄팍/XR","1"
"속지/NNG","3"
"마/VV","23"
"거하/VV","4"
"업뎃하/UN","2"
"선생님/NNG","1"
"출근/NNG","2"
"루/NNG","1"
"팡/UN","2"
"딸/NNG","1"
"외/VA","1"
"불/NNG","5"
"가죠/UN","1"
"CX/OL","1"
"DX/OL","1"
"류/NNG","3"
"TF/OL","1"
"DSCVXD/OL","1"
"ZFSFF/OL","1"
"교/NNG","1"
"욮/UN","1"
"퐃/UN","1"
"FFC/OL","1"
"XCVESF/OL","1"
"R/OL","1"
"SDXDD/OL","1"
"FR/OL","1"
"D/OL","5"
"끝나/VV","37"
"기아/NNG","1"
"빅/NNG","3"
"당장/NNG","8"
"멀쩡히/MAG","3"
"머/NP","4"
"공유/NNG","4"
"비용/NNG","8"
"비/NNG","12"
"물어내/VV","1"
"시정/NNG","1"
"STORE/OL","1"
"강요/NNG","5"
"이레/NNG","2"
"SK/OL","20"
"소장/NNG","10"
"어떡하/VV","6"
"오프라인/NNG","1"
"고지/NNG","4"
"야죠/UN","4"
"캡처/NNG","1"
"방지/NNG","2"
"라면/ECD","14"
"내/NNG","17"
"감상/NNG","4"
"든가요/EFN","1"
"500/NR","6"
"홍보/NNG","8"
"베/NNG","2"
"너/NP","8"
"도깨비/NNG","2"
"빼/VV","20"
"워/UN","6"
"이브/NNG","4"
"갑자/NNG","1"
"끈/NNG","4"
"국가/NNG","4"
"재난/NNG","3"
"나라/NNG","11"
"우리나라/NNG","6"
"와/JC","24"
"두개/NNG","7"
"배/NNG","21"
"경도/NNG","1"
"강색/NNG","1"
"번역/NNG","6"
"겍/UN","1"
"아이콘/NNG","44"
"되돌리/VV","8"
"워크/NNG","1"
"넷/NNG","12"
"혹은/MAG","2"
"실수/NNG","10"
"트/VV","8"
"느라고/ECD","1"
"흐름/NNG","9"
"망가지/VV","1"
"시도/NNG","17"
"오디오/NNG","6"
"나중/NNG","6"
"괴롭히/VV","1"
"잘리/VV","4"
"근무/NNG","1"
"중임/NNG","1"
"별점/NNG","16"
"플러스/NNG","13"
"취하/VV","5"
"장사치/NNG","2"
"눌리/VV","6"
"쿠폰/NNG","21"
"지급/NNG","4"
"32/NR","5"
"소름/NNG","1"
"그렇/VV","8"
"속/NNG","18"
"후련/XR","1"
"포스터/NNG","3"
"편/NNG","16"
"당연/XR","2"
"차주/NNG","1"
"새/MDT","8"
"LG/OL","14"
"또는/MAG","10"
"충돌/NNG","1"
"걀/UN","1"
"제/NNG","16"
"한글/NNG","10"
"없/VV","13"
"ㄹ게요/EFN","25"
"시리/VA","1"
"시퍼렇/VA","1"
"낮/VA","5"
"블루스/NNG","1"
"크린/NNP","1"
"필터/NNG","1"
"파스텔톤/NNG","1"
"주실/NNG","5"
"수/NNG","3"
"ㄴ지요/EFQ","2"
"이지만/NNG","1"
"마땅/XR","1"
"작성/NNG","4"
"이번/NP","1"
"APP/OL","1"
"성/XSN","11"
"나락/NNG","1"
"가버리/VV","5"
"고르/VV","6"
"올/NNG","1"
"반/NNG","4"
"목표/NNG","1"
"인하/VV","7"
"오히려/MAG","11"
"선택권/NNG","6"
"완전/NNG","26"
"라/EFN","32"
"TIZEN/OL","1"
"여기/VV","9"
"중/NNG","16"
"써/VV","11"
"옮겨가/VV","1"
"전달/NNG","2"
"궁금/XR","9"
"사이트/NNG","8"
"터트리/VV","1"
"퇴화/NNG","2"
"일단/MAG","15"
"가장자리/NNG","1"
"덜렁/MAG","1"
"전후/NNG","2"
"귀찮/VA","6"
"코드/NNG","6"
"다없애/UN","1"
"대충/MAG","1"
"소소/XR","1"
"고작/NNG","1"
"안해/NNG","6"
"밑/NNG","10"
"홧병나/UN","1"
"뒤지/VV","4"
"다고요/EFN","2"
"모델/NNG","8"
"멀쩡/XR","5"
"이기기/NNG","1"
"소프트웨어/NNG","1"
"년/NNG","11"
"PJP/OL","1"
"갈아타야겠네/UN","1"
"호소/NNG","6"
"촌/NNG","2"
"쪽/NNG","1"
"대박/NNG","10"
"낳/VV","18"
"군요/EFI","9"
"Z/OL","6"
"폴더/NNG","2"
"버리/VV","7"
"조속히/MAG","1"
"드럽/VA","5"
"안타깝/VA","4"
"별/XSN","9"
"바닥/NNG","1"
"구간/NNG","6"
"편의/NNG","13"
"싹/MAG","2"
"날아가/VV","3"
"백/NNG","17"
"희망/NNG","2"
"웹/NNG","12"
"툰/UN","1"
"승인/NNG","2"
"이드/NNG","3"
"김/NNG","9"
"슬라이드/NNG","4"
"넘기/VV","26"
"스치/VV","2"
"넘/MAG","42"
"길리/VV","2"
"숨기/VV","8"
"조작/NNG","5"
"요망/NNG","1"
"재미/NNG","169"
"모르겏어/UN","1"
"왓차/NNG","25"
"인수/NNG","2"
"와베챠/UN","1"
"방/NNG","8"
"향/NNG","1"
"잡/VV","5"
"들/NNG","6"
"훨씬/MAG","12"
"깔끔/MAG","4"
"피/NNG","8"
"환장/NNG","6"
"일/VV","23"
"흐릿/MAG","2"
"쩝/IC","2"
"전체적/NNG","8"
"형편없/VA","3"
"무/NNG","15"
"답답/XR","36"
"반응/NNG","4"
"스크롤/NNG","15"
"좌우/NNG","4"
"초/NNG","8"
"단위/NNG","2"
"둔감/NNG","1"
"더럽/VA","11"
"당기/VV","2"
"엉망진창/NNG","2"
"딜레이/NNG","4"
"양옆/NNG","2"
"상하/NNG","3"
"인식/NNG","2"
"오작동/NNG","1"
"불륨/UN","1"
"제로/NNG","12"
"몰입/NNG","1"
"미완성/NNG","1"
"작/NNG","6"
"인터넷/NNG","30"
"이/JX","11"
"꾸/VV","1"
"끊키/UN","1"
"안/VA","1"
"피해/NNG","3"
"공짜로/NNG","4"
"선전/NNG","2"
"걸르/VV","2"
"자기/NP","8"
"편안/NNG","1"
"끊/VV","24"
"곤란/NNG","5"
"와중/NNG","2"
"수고/NNG","6"
"편집/NNG","1"
"당회/NNG","3"
"과/JC","12"
"저번/NNG","6"
"백/XSN","1"
"하위/NNG","3"
"OS/OL","4"
"유명/NNG","4"
"고도화/NNG","1"
"고도화되/VV","1"
"안이/XR","1"
"나이/NNG","2"
"드시/VV","1"
"친정/NNG","1"
"엄마/NNG","2"
"구형/NNG","5"
"투/NNB","2"
"LMZM/OL","1"
"66/NR","1"
"츄/UN","2"
"푸/VXA","1"
"있엇/UN","3"
"고는/ECE","14"
"고하/VV","9"
"복잡/XR","3"
"약간/NNG","1"
"집/NNG","24"
"는/JKS","28"
"한데/NNG","10"
"약간/MAG","2"
"오래되/VV","13"
"536/NR","1"
"어이없/VA","3"
"ㄹ까요/ECD","5"
"이메일/NNG","6"
"커서/NNG","2"
"글자/NNG","6"
"부모님/NNG","7"
"께서/JKS","4"
"어려워하/VV","1"
"900/NR","4"
"가/VXV","4"
"려니/EFN","10"
"려고요/ECD","2"
"매몰차/VA","1"
"매달/MAG","7"
"뻥/MAG","1"
"차/VV","4"
"배가/NNG","1"
"부르/VV","1"
"돌려놓/VV","1"
"신령님/NNG","1"
"OVA/OL","1"
"비/XPN","2"
"추요/NNG","1"
"아니/VA","1"
"맘대로/MAG","7"
"권이/NNG","1"
"바/NNB","6"
"선호/NNG","3"
"에이/NNG","3"
"닷/NNG","1"
"풀/NNG","4"
"원금/NNG","1"
"서로/MAG","1"
"떠넘기/VV","1"
"오지/VV","2"
"그딴/MDT","4"
"오래가/VV","1"
"지하/NNG","2"
"란/ETD","9"
"디즈니플러스/NNG","8"
"및/MAG","12"
"결정/NNG","1"
"짤르/VV","2"
"살/VV","19"
"생방송/NNG","4"
"나가/VXV","4"
"구/JC","2"
"최소/NNG","2"
"감사히/MAG","1"
"회사/NNG","12"
"어플에서/UN","4"
"회/NNM","47"
"고/XSN","4"
"25/NR","5"
"안녕하/VA","2"
"5.6/NR","1"
"41/NR","2"
"다만/MAG","15"
"왓/UN","4"
"그중/NNG","1"
"제일/NNG","17"
"팅/UN","4"
"비추이/VV","1"
"모두/VV","1"
"대체적/NNG","2"
"튿/VV","15"
"전철/NNG","1"
"철/NNG","1"
"도쿄/NNP","1"
"굽/VV","1"
"봣/UN","5"
"봄/NNG","11"
"진지/XR","1"
"애/NNG","13"
"니르/VV","2"
"축소/NNG","8"
"원복/NNG","1"
"단계/NNG","1"
"늘이/VV","2"
"둘/NNG","3"
"왔다갔다/MAG","5"
"나/VXV","10"
"기능적/NNG","1"
"역행/NNG","1"
"살리/VV","7"
"이점/NNG","3"
"지/NNB","7"
"급/NNG","7"
"시리즈/NNG","38"
"왜케/UN","6"
"테두리/NNG","4"
"흰색/NNG","2"
"밝/VA","1"
"배경/NNG","2"
"수두룩/XR","2"
"상단/NNG","11"
"회화/NNG","1"
"공부/NNG","7"
"고마워하/VV","1"
"억지로/MAG","2"
"작품/NNG","42"
"WOW/OL","1"
"시카고/NNG","3"
"피디/NNG","2"
"검/NNG","3"
"겉/NNG","1"
"힘들/VV","5"
"용/NNG","8"
"욧/UN","3"
"쿠플/UN","1"
"젤/MAG","6"
"지나가/VV","8"
"떳/UN","3"
"끝없이/MAG","1"
"링크/NNG","3"
"돌/VV","12"
"수임/NNG","1"
"키우/VV","8"
"작고/NNG","3"
"돋/VV","5"
"가닿/VV","1"
"나한/NNG","3"
"테/NNG","5"
"최고/NNG","51"
"진심/NNG","7"
"포기/NNG","7"
"짜/VV","11"
"놔주/VV","4"
"세요/EFA","7"
"음/IC","6"
"랩/NNG","1"
"려요/ECD","6"
"라이트/NNG","10"
"유료잖아/UN","1"
"비하/VV","23"
"법/NNG","6"
"공해/NNG","1"
"ㄹ라구요/EFQ","2"
"차월/NNG","1"
"실패/NNG","5"
"겸사겸사/MAG","1"
"훑/VV","1"
"어만/ECE","1"
"삭/MAG","3"
"계정/NNG","38"
"딴/NNB","2"
"래서/UN","1"
"긴하/VA","7"
"개뿔/NNG","2"
"구석기/NNG","1"
"볼랬더/UN","1"
"회당/NNG","1"
"1700/NR","1"
"훠/UN","1"
"씬/NNG","1"
"낫/NNG","1"
"감기/NNG","4"
"좀더/MAG","8"
"쉽/VA","31"
"자세/XR","2"
"7.1/NR","1"
"오직/MAG","2"
"잘못하/VV","5"
"회피/NNG","2"
"건지/NNG","5"
"대/NNG","12"
"ㄴ들데/ECE","4"
"비디오/NNG","3"
"메리/NNG","3"
"퀴/UN","4"
"나쁘/VA","10"
"역겹/VA","3"
"구취/NNG","1"
"성/NNG","4"
"소수/NNG","2"
"자르/VV","2"
"배려/NNG","3"
"다수자/NNG","1"
"는지요/ECS","2"
"의향/NNG","3"
"잇엇/UN","3"
"저/VV","18"
"수정안/NNG","1"
"거로/NNG","5"
"현재/MAG","6"
"지가/NNG","6"
"갑/NNG","4"
"지기/XSN","1"
"무조건/NNG","2"
"메리퀴어같/UN","1"
"차단/NNG","8"
"옹호/NNG","1"
"잡한/NNG","2"
"매리/NNG","1"
"혐오/NNG","4"
"메인/NNG","9"
"사진/NNG","9"
"치우/VV","2"
"싫/VV","3"
"하기는/MAG","2"
"헤매/VV","2"
"명탐정/NNG","3"
"몽크/UN","2"
"감동/NNG","5"
"올미/NNG","1"
"다도/NNG","1"
"NCIS/OL","2"
"오리지널/NNG","34"
"클로저/NNG","1"
"스핀/NNG","1"
"오프/NNG","5"
"화이트칼라/NNG","1"
"아무튼/MAG","4"
"대대/NNG","1"
"대만족/NNG","4"
"길/VA","13"
"전부/NNG","14"
"ㄴ데요/EFN","7"
"각/NNB","3"
"곤/ECS","8"
"겹치/VV","4"
"압도적/NNG","1"
"하면서/NNG","17"
"유용/NNG","26"
"지방/NNG","1"
"ㄴ단/ETD","3"
"수시로/MAG","2"
"돌려보/VV","2"
"주방/NNG","1"
"모자르/VV","1"
"하며/JC","1"
"소비/NNG","1"
"절대적/NNG","1"
"글쓰/VV","2"
"놓치/VV","30"
"돌려봐야겠네요/UN","1"
"사실상/MAG","2"
"구독어플들/UN","1"
"이래저래/MAG","1"
"딱히/MAG","2"
"하차/NNG","1"
"싶/VV","10"
"로서/JKM","6"
"과언/NNG","1"
"디바이스/NNG","1"
"떳기/UN","1"
"PAY/OL","1"
"G/OL","7"
"월급/NNG","1"
"잠/NNG","3"
"오디/NNG","2"
"공중파/NNG","20"
"JTBC/OL","9"
"기타/NNG","3"
"볼/NNG","8"
"수가/NNG","5"
"저렴/XR","10"
"하지만/MAC","18"
"따지/VV","1"
"도움/NNG","4"
"바/NNG","34"
"주기적/NNG","1"
"작/NNM","4"
"태스킹/NNG","3"
"라든지/ECE","2"
"무/NNM","3"
"쳥/UN","1"
"JONNA/OL","1"
"정확/NNG","6"
"아끼/VV","5"
"못되/VV","1"
"단지/MAG","1"
"돌아가시/VV","1"
"꼇/UN","1"
"역사/NNG","6"
"저널/NNG","3"
"그날/NNG","3"
"정체성/NNG","1"
"학교/NNG","2"
"다니/VV","6"
"시험/NNG","2"
"어른/NNG","1"
"덕분/NNG","34"
"관심/NNG","3"
"갖/VV","1"
"KBS/OL","12"
"불성실/NNG","1"
"거든요/ECD","4"
"일괄적/NNG","1"
"바꿔주/VV","2"
"이것저것/NNG","4"
"블루/NNG","2"
"수많/VA","1"
"덕/NNG","6"
"애용/NNG","25"
"갖다버리/VV","1"
"☞/SW","2"
"고정/NNG","9"
"정착/NNG","4"
"이자/NNG","1"
"극찬/NNG","1"
"안정적/NNG","6"
"동작/NNG","4"
"수신/NNG","2"
"창이/NNG","6"
"쥐꼬리/NNG","1"
"제일/MAG","18"
"이/VV","4"
"OKSUSU/OL","2"
"합체/NNG","1"
"우수/NNG","1"
"난/NNG","4"
"그렇게/MAG","2"
"관계자/NNG","3"
"한편/NNG","5"
"ㄴ지요/ECD","1"
"이상한/NNG","4"
"충분/XR","3"
"조사/NNG","1"
"이루/VV","2"
"빼버/UN","1"
"ㅂ시오/EFN","2"
"중심/NNG","6"
"띠딛/UN","1"
"틷/UN","1"
"트띹/UN","1"
"딛/VV","1"
"붙해/UN","1"
"직접/NNG","3"
"차가/NNG","3"
"찜/NNG","4"
"됫/UN","1"
"영수증/NNG","5"
"날라오/VV","1"
"NEW/OL","1"
"몬/MAG","1"
"놀리/VV","1"
"종/NNG","4"
"채/NNG","2"
"여신/NNG","2"
"자/VV","10"
"강/NNG","1"
"나열/NNG","2"
"새/NNG","16"
"바탕/NNG","1"
"분석/NNG","3"
"선택지/NNG","2"
"있/VA","7"
"CM/OL","1"
"너비/NNG","1"
"아무리/MAG","5"
"결/NNG","7"
"아이디어/NNG","3"
"AI/OL","1"
"복붙만/UN","1"
"하고/JC","11"
"해야겠네/UN","3"
"마우스/NNG","5"
"기/XSN","3"
"복잡/NNG","4"
"업무/NNG","1"
"아/IC","5"
"아적/MAG","1"
"영/NNG","6"
"이랑/NNG","6"
"성한/NNP","1"
"찬란/XR","1"
"냐요/EFQ","2"
"하질/NNG","4"
"젠/UN","7"
"아마도/MAG","2"
"뜻/NNG","3"
"뜻하/VV","1"
"대로/NNB","2"
"사용중/NNG","7"
"죽/NNG","1"
"어휴/IC","8"
"우/NNG","4"
"문장/NNG","2"
"표현/NNG","1"
"반감/NNG","1"
"공통적/NNG","1"
"검토/NNG","8"
"애초/NNG","4"
"뭣/UN","3"
"각/MDT","6"
"문제점/NNG","4"
"야기/NNG","1"
"점/XSN","3"
"타당/XR","1"
"마이/NNG","3"
"한참/NNG","11"
"정액제/NNG","4"
"따위/NNB","3"
"젠장/IC","3"
"싱크/NNG","6"
"입/NNG","7"
"모양/NNG","2"
"타이밍/NNG","1"
"유저/NNG","10"
"낫/VV","9"
"발열/NNG","2"
"하/NNG","6"
"으세요/EFA","8"
"져쏘/UN","1"
"이대/NNG","1"
"로/XSN","4"
"구/NNG","10"
"편리성/NNG","3"
"안정성/NNG","3"
"을까/EFQ","8"
"현저히/MAG","1"
"줄어들/VV","2"
"됙/UN","1"
"악랄/NNG","2"
"샛/UN","1"
"ㄴ다면서/ECE","7"
"육/NR","1"
"빼가/UN","2"
"콰/UN","1"
"어트/UN","1"
"플레이스/NNG","1"
"했더/UN","2"
"이어지/VV","8"
"초/NNB","4"
"한화/NNG","2"
"빠짐없이/MAG","2"
"영상물/NNG","2"
"상당히/MAG","7"
"방해/NNG","4"
"지진/NNG","1"
"만화/NNG","7"
"밌/UN","1"
"혹시/MAG","27"
"가가/NNG","2"
"오랜/MDT","3"
"발전/NNG","7"
"기대/NNG","25"
"응원/NNG","4"
"특별/NNG","2"
"예측/NNG","1"
"최소화/NNG","2"
"가꼬/UN","1"
"쳐주/VV","3"
"파악/NNG","1"
"까놓/VV","1"
"말해/NNG","1"
"경쟁력/NNG","2"
"죄다/MAG","5"
"코딱지/NNG","1"
"만하/VV","4"
"질문/NNG","2"
"말씀/NNG","2"
"허용/NNG","3"
"열기/NNG","4"
"오프닝/NNG","24"
"줄거리/NNG","5"
"로/NNG","14"
"작아지/VV","6"
"용량/NNG","7"
"창만/NNG","2"
"분하/VV","2"
"해하/VV","1"
"이라/JX","2"
"식이/NNG","2"
"잇다가/MAG","1"
"없어졋네/UN","1"
"환/NNG","4"
"불안/NNG","5"
"는구나/EFI","1"
"신중/NNG","1"
"생난리/NNG","2"
"가야/NNG","5"
"독채/NNG","1"
"동/NNM","2"
"박/NNM","4"
"예약/NNG","4"
"적당/XR","5"
"절대/NNG","9"
"입다/UN","1"
"이후/MAG","1"
"불평/NNG","1"
"타/NNG","9"
"더니만/ECE","1"
"없애버리네/UN","1"
"진작에/MAG","1"
"용/XSN","7"
"중고/NNG","1"
"개이/VV","1"
"카톡/NNG","9"
"유/NNG","37"
"단/ETD","2"
"요/JC","1"
"망하/VV","3"
"허/VV","2"
"BTV/OL","9"
"시절/NNG","5"
"거치/VV","2"
"그다지/MAG","1"
"더러/JX","1"
"비교/NNG","8"
"알차/VA","5"
"없엔/UN","2"
"왔다갔다하/VV","1"
"난리/NNG","3"
"없엤냐/UN","1"
"명색/NNG","1"
"십/NR","3"
"년째/UN","1"
"티/NNG","26"
"×/SW","2"
"등등/NNB","20"
"볼거리/NNG","43"
"반개/NNG","1"
"골르/VV","3"
"소/NNG","6"
"린지/UN","2"
"딬/UN","1"
"배속/NNG","9"
"대사/NNG","7"
"싸이즈/NNG","1"
"90/NR","4"
"년대/NNM","6"
"2000/NR","3"
"후반/NNG","1"
"합치/VV","4"
"법/NNB","1"
"개빡쳐/UN","2"
"움직임/NNG","3"
"건만/ECE","2"
"이에/MAG","11"
"플립/NNG","7"
"계획/NNG","4"
"막상/MAG","4"
"정가/NNG","4"
"당한/NNG","1"
"렵니다/EFN","4"
"일어나/VV","4"
"기적/NNG","2"
"ON/OL","2"
"OFF/OL","2"
"안내/NNG","10"
"달리/MAG","5"
"좌/NNG","3"
"쓸데없이/MAG","2"
"문구/NNG","10"
"붙이/VV","5"
"그거/NP","11"
"SM/OL","2"
"815/NR","1"
"N/OL","2"
"7.0/NR","1"
"제거/NNG","6"
"네이버/NNG","12"
"라고/JKQ","8"
"빨간색/NNG","1"
"나타나/VV","16"
"못/NNG","7"
"그레이드/NNG","5"
"없애버려/UN","1"
"레/NNG","11"
"비번/NNG","16"
"하려/NNG","9"
"썰/VV","3"
"의/NNG","6"
"전당/NNG","2"
"도/NNG","17"
"QUICK/OL","9"
"시간대/NNG","5"
"구해줘홈즈/NNP","2"
"교양/NNG","1"
"판/NNB","1"
"거해/NNG","1"
"안정화/NNG","4"
"이야기/NNG","7"
"업체/NNG","4"
"지에/NNG","1"
"고민해봐야겠네/UN","1"
"어느/MAG","2"
"기획자/NNG","2"
"머리/NNG","2"
"생색내/VV","1"
"최적화하/VV","1"
"고유/NNG","1"
"온라인/NNG","1"
"쇼핑/NNG","1"
"서리/NNG","2"
"회가/NNG","1"
"짧/VA","3"
"열심히/MAG","6"
"불/VV","3"
"당분간/MAG","3"
"칠전/NNG","1"
"시급/XR","2"
"부작/NNG","2"
"상관없이/MAG","2"
"본데/NNG","1"
"분리/NNG","1"
"팝/NNG","2"
"가로/NNG","7"
"꽉/MAG","2"
"채워지/VV","1"
"여백/NNG","1"
"다음달/NNG","9"
"멤버쉽/NNG","1"
"저/MDT","11"
"건지/MAG","4"
"따르/VV","11"
"상/NNG","12"
"최소한/NNG","3"
"사용가능/NNG","2"
"가이드/NNG","1"
"갈고/NNG","1"
"우연히/MAG","4"
"저렇/VA","2"
"호/VV","1"
"활성화/NNG","3"
"멋대로/MAG","4"
"너희/NP","1"
"변하/VV","3"
"LIVE/OL","18"
"어찌하/VV","3"
"매/NNG","4"
"우/MAG","1"
"어플들과/UN","1"
"옥수/NNG","1"
"역/NNG","1"
"귀신/NNG","1"
"망/NNG","2"
"테크/NNP","1"
"최종/NNG","3"
"해고/NNG","1"
"감/NNG","9"
"더블/NNG","4"
"즉/MAG","4"
"영/NNM","3"
"건너뛰/VV","21"
"속보/NNG","1"
"가족/NNG","14"
"않/MAG","12"
"았어도/UN","1"
"벌써/MAG","7"
"5500/NR","5"
"5000/NR","2"
"8400/NR","2"
"사기치/VV","3"
"인질/NNG","1"
"정상적/NNG","6"
"받으/VV","7"
"만큼/NNB","4"
"미니/NNG","2"
"스탠다드/NNG","8"
"시청가능/NNG","6"
"지경/NNB","4"
"더군요/EFI","14"
"기동/NNG","1"
"발걸음/NNG","1"
"시급히/MAG","1"
"오기/NNG","1"
"이즈/NNG","2"
"되살리/VV","1"
"의미/NNG","8"
"업띄/UN","1"
"을/NNG","7"
"바뀌였네/UN","1"
"사용법/NNG","1"
"뿐/JX","5"
"개황/NNG","1"
"뜯/VV","2"
"만료/NNG","10"
"능하/VA","1"
"썻/UN","3"
"인지/NNG","4"
"잇/NNG","2"
"자유로워/UN","1"
"서/JKS","6"
"아쉽/VV","7"
"지네/NNG","2"
"싸/VV","2"
"이월/NNG","1"
"처/NNG","9"
"더라도/ECD","13"
"들이/VV","6"
"없어져서/UN","1"
"그라운드/NNG","14"
"오/NR","2"
"아우/NNG","2"
"씨/NNB","2"
"E/OL","1"
"있습/UN","1"
"마녀/NNG","2"
"14000/NR","6"
"11000/NR","1"
"모/MDT","2"
"르겠/UN","1"
"습/NNG","2"
"높/VA","10"
"띄우기/NNG","1"
"모야/NNG","2"
"겜/UN","2"
"늘리/VV","5"
"안내도/NNG","1"
"언어/NNG","5"
"타사/NNG","3"
"보조/NNG","1"
"변/NNG","1"
"성도/NNG","1"
"움/NNG","4"
"빠르개/UN","1"
"신/NNG","5"
"전채/NNG","1"
"성과/NNG","1"
"NETFLIX/OL","1"
"TVING/OL","3"
"고려해야겠지/UN","1"
"ㄴ다며/ECE","3"
"아무것/NNG","12"
"도중/NNG","4"
"ENA/OL","1"
"변호사/NNG","1"
"영우/NNG","1"
"빨/VV","2"
"리/EFQ","6"
"죄송/XR","2"
"실제/NNG","2"
"기막히/VA","1"
"255/NR","1"
"407/NR","1"
"지루/XR","4"
"300/NR","1"
"우기/VV","1"
"당하/VV","5"
"주연/NNG","1"
"소개/NNG","5"
"루/UN","1"
"라인/NNG","4"
"SD/OL","5"
"옵션/NNG","5"
"셈/NNG","3"
"잠시/MAG","9"
"내보내/VV","2"
"자제/NNG","1"
"합/NNG","1"
"서너/MDN","3"
"저의/NNG","2"
"아버지/NNG","1"
"심야/NNG","3"
"괴담/NNG","3"
"회/XSN","2"
"재방송/NNG","4"
"아빠/NNG","3"
"ㅁ에도/ECD","1"
"불구하/VV","1"
"노력/NNG","4"
"소용/NNG","1"
"편히/MAG","2"
"공유자/NNG","2"
"럿/UN","2"
"내장메모리/NNG","1"
"애플/NNG","4"
"옶어/UN","1"
"거위/NNG","1"
"주/XSN","1"
"마감/NNG","1"
"2022.07/NR","1"
"에피소드/NNG","7"
"노출/NNG","4"
"업/NNG","20"
"딩/UN","1"
"독하/VA","1"
"에디터/NNG","1"
"왠/MDT","3"
"더빙/NNG","15"
"청소/NNG","1"
"게요/EFN","2"
"지켜보/VV","1"
"초/XPN","1"
"퍽/MAG","1"
"나같/VA","1"
"에잇/IC","1"
"놀라/VV","8"
"개불편/NNG","4"
"파도/NNG","6"
"에/JC","8"
"니들/NNG","5"
"끈기/NNG","1"
"전편/NNG","2"
"빔/NNG","9"
"프로젝터/NNG","1"
"패드/NNG","17"
"맞추/VV","10"
"군/NNG","3"
"직장/NNG","3"
"가나/NNG","1"
"퇴근/NNG","6"
"DRM/NNG","9"
"는다는/ETD","2"
"슈퍼/NNG","1"
"츄럴/UN","1"
"낮추/VV","3"
"때/NNB","2"
"에는/JKM","2"
"높이/NNG","1"
"게/NNG","5"
"트레이서/NNG","10"
"끝부분/NNG","1"
"네이버페이/NNG","3"
"오늘/MAG","5"
"여의도/NNG","1"
"자살/NNG","1"
"부활/NNG","2"
"테라/NNG","1"
"쏘/VV","6"
"었/VV","3"
"바람/NNG","12"
"잖아/EFN","1"
"사극/NNG","2"
"시대인/NNG","1"
"만큼/NNG","7"
"제도/NNG","6"
"요즘/MAG","4"
"가구/NNG","1"
"낙/NNG","3"
"일내/NNG","1"
"주신/NNG","5"
"다고/XR","1"
"SNS/OL","3"
"도와주/VV","2"
"도현/NNG","1"
"오빠/NNG","1"
"♂/SW","1"
"금보/NNG","1"
"동생/NNG","2"
"낭/NNB","4"
"닥/UN","2"
"낭만/NNG","1"
"닥터/NNG","2"
"사부/NNG","1"
"없애버렸/UN","1"
"싹/NNG","2"
"정리/NNG","6"
"제작/NNG","10"
"자랑/NNG","1"
"인터뷰/NNG","1"
"행보/NNG","1"
"당신/NP","4"
"자녀/NNG","4"
"태도/NNG","1"
"변함없/VA","1"
"카/NNG","2"
"뱅/UN","1"
"야/NNB","1"
"시원/XR","1"
"000/NR","5"
"보험/NNG","4"
"마냥/MAG","3"
"조그마/XR","2"
"글씨/NNG","5"
"히/NNG","10"
"유입/NNG","1"
"더라면/ECE","1"
"장사/NNG","5"
"제기/NNG","2"
"음에도/ECS","1"
"널리/VV","1"
"이니/JC","1"
"덜/MAG","3"
"자극적/NNG","1"
"습니다만/ECE","4"
"노골적/NNG","1"
"미화/NNG","2"
"고자/ECD","2"
"목적/NNG","1"
"없애주/UN","1"
"디즈니/NNG","13"
"엔딩/NNG","8"
"에느/UN","1"
"왕좌/NNG","2"
"MAX/OL","2"
"계약/NNG","7"
"로딩표시/UN","6"
"파란색/NNG","3"
"동글동글/MAG","1"
"결하/VV","5"
"브로/UN","1"
"그램/NNM","5"
"열리/NNG","2"
"뜨구뜨/UN","1"
"즐겁/VA","20"
"숨/NNG","5"
"엄/VA","1"
"뻔/NNB","3"
"뽑/VV","2"
"한가지/NNG","4"
"회전/NNG","10"
"필/NNG","29"
"무난/XR","1"
"만기/NNG","1"
"인상/NNG","2"
"서민/NNG","1"
"울리/VV","1"
"들어보/VV","1"
"그렇지만/MAC","1"
"지불/NNG","2"
"라서/ECD","9"
"가지/VXV","6"
"다시금/MAG","1"
"다음날/NNG","2"
"먹히/VV","3"
"등록/NNG","11"
"잘못/NNG","6"
"채/NNB","2"
"아무런/MDT","5"
"통/NNG","1"
"선/NNG","10"
"계좌/NNG","3"
"종편/NNG","7"
"협업/NNG","1"
"시너지/NNG","1"
"두/JX","4"
"거재/NNG","1"
"불과/MAG","1"
"베리/VV","1"
"프리/NNG","1"
"진료/NNG","3"
"진료비/NNG","3"
"세부/NNG","4"
"질병/NNG","5"
"퇴원/NNG","3"
"확인서/NNG","2"
"병원/NNG","1"
"확/MAG","4"
"넵/IC","2"
"산모/NNG","2"
"특약/NNG","3"
"모성/NNG","5"
"자/NNG","8"
"드리/VXV","4"
"예정일/NNG","1"
"내드리/VV","3"
"청약서/NNG","2"
"종합/NNG","2"
"납/NNG","2"
"합산/NNG","2"
"입금/NNG","2"
"원시/NNG","1"
"입원/NNG","1"
"진단서/NNG","2"
"드릴/NNG","1"
"께/XSN","1"
"요인/NNG","2"
"서/NNG","2"
"현대/NNG","2"
"해상/NNG","1"
"이윤구/NNG","1"
"지점장/NNG","1"
"궁/NNG","3"
"굼/UN","2"
"말씀드리/VV","2"
"진단/NNG","1"
"있는/UN","1"
"뒷부분/NNG","1"
"어지/NNG","1"
"굿/NNG","40"
"성인/NNG","19"
"짇/UN","1"
"사실/MAG","2"
"나/NNG","1"
"합성동/NNP","1"
"딧/UN","1"
"유익/NNG","7"
"비추/NNG","4"
"제값/NNG","1"
"심정/NNG","3"
"가져가/VV","2"
"혹시나/MAG","1"
"고민/NNG","9"
"세/MDN","5"
"되돌아가/VV","1"
"스와이프하/UN","1"
"다/JC","6"
"맨/NNG","4"
"상세/XR","6"
"들락날락/MAG","1"
"끌/VV","8"
"던지/VV","3"
"뭐가잘안된다던지/UN","1"
"말자/NNG","2"
"영어/NNG","10"
"차별화/NNG","1"
"즐거움/NNG","6"
"한층/MAG","1"
"그레이/NNG","1"
"나름/NNB","2"
"거지/VV","3"
"싸이트/NNG","1"
"더욱/MAG","6"
"애청/NNG","1"
"빼주/VV","1"
"비슷하/VA","1"
"어짜/VV","2"
"사기꾼/NNG","4"
"족스/UN","1"
"한정/NNG","1"
"수시/NNG","1"
"심/NNG","8"
"바로바로/MAG","7"
"종종/MAG","5"
"밀/VV","2"
"넘어오/VV","9"
"업뎃하래/UN","2"
"개/XSN","1"
"티빙은/UN","1"
"하래/NNG","10"
"함/NNG","13"
"뒤집/VV","1"
"엎/VV","2"
"졸라/MAG","3"
"포함되있어/UN","1"
"SKT/OL","13"
"마가/NNG","1"
"흐리/VA","3"
"플/UN","5"
"빙/MAG","1"
"스카이/NNG","2"
"라이프/NNG","2"
"수단/NNG","5"
"못쓰/VV","3"
"쓸/VV","3"
"레/UN","1"
"상담원/NNG","3"
"람/ECD","1"
"미/NNM","5"
"평일/NNG","1"
"이틀/NNG","5"
"맨윗렬/UN","1"
"느림/NNG","4"
"왜업뎃/UN","1"
"분간/NNG","1"
"정시/NNG","2"
"가량/NNG","1"
"연애/NNG","3"
"상영/NNG","3"
"반대/NNG","3"
"절대/MAG","6"
"일상/NNG","3"
"에이즈/NNG","1"
"감염/NNG","1"
"경로/NNG","2"
"동성/NNG","1"
"간/NNB","4"
"관계/NNG","1"
"현실/NNG","1"
"팩/NNG","1"
"트이/VV","1"
"치료비/NNG","1"
"둘째/NR","2"
"사망률/NNG","1"
"조장/NNG","1"
"칭/NNM","2"
"ㄴ다고요/EFN","1"
"영향/NNG","3"
"동성애자/NNG","2"
"새롭/VA","5"
"양산/NNG","1"
"남의/NNG","1"
"오고/NNG","2"
"9900/NR","1"
"울화통/NNG","1"
"터지/VV","3"
"ALP/OL","1"
"인되/VV","1"
"하찮/VA","1"
"노림수/NNG","1"
"게시판/NNG","1"
"유인/NNG","1"
"판관/NNG","1"
"포청천/NNG","1"
"당일/NNG","6"
"금년/NNG","1"
"금은/NNG","1"
"식/XSN","1"
"비전/NNG","1"
"으러/ECD","1"
"결제취소가/UN","1"
"반복되/UN","1"
"쾌/NNM","1"
"근육/NNG","1"
"간주/NNG","1"
"점프/NNG","2"
"통신/NNG","1"
"절대아/NNG","1"
"재해/NNG","1"
"억울/XR","3"
"저하/NNG","4"
"엇/XPN","4"
"에/VV","5"
"색/NNG","1"
"칠/NNG","2"
"셋/NR","1"
"되야지/NNG","1"
"집어넣/VV","2"
"1200/NR","1"
"낙전/NNG","1"
"수입/NNG","1"
"노리/VV","2"
"락/NNG","1"
"효과/NNG","1"
"봐/VV","3"
"QVOD/OL","1"
"런닝맨/NNP","7"
"미우/NNG","2"
"신뢰성/NNG","1"
"엄청나/VA","4"
"대기/MAG","1"
"긷/VV","9"
"내지/MAG","2"
"703/NR","1"
"호/NNM","1"
"65111/NR","1"
"175/NR","1"
"1612/NR","1"
"화로/NNG","3"
"출연/NNG","1"
"섭외/NNG","1"
"핀/NNG","5"
"여간/MAG","1"
"SMS/OL","1"
"퀴어리/NNG","1"
"리/XSN","4"
"한데/MAG","5"
"누를려/UN","1"
"동그라미/NNG","6"
"매달/NNG","2"
"낮/NNG","4"
"는다고/EFQ","3"
"적인/NNG","3"
"실화/NNG","2"
"탐사대/NNG","1"
"발/NNM","1"
"늦/VV","2"
"민정/NNG","1"
"잠시/NNG","3"
"신용/NNG","3"
"M/OL","1"
"WEB/OL","1"
"데/MAG","4"
"주가/NNG","2"
"거란/NNG","1"
"보장/NNG","1"
"상품/NNG","8"
"봐야/UN","2"
"칼/NNG","2"
"플랫/NNG","1"
"폼/NNG","2"
"강력/XR","6"
"유독/NNG","3"
">/SS","8"
"보내주/VV","3"
"쿠/ECE","1"
"화해/NNG","1"
"내요/EFN","17"
"모라/NNG","1"
"다되/VA","7"
"개설/NNG","1"
"쪽/NNB","9"
"출고/NNG","1"
"한/NNG","4"
"출금/NNG","1"
"통화/NNG","9"
"여자/NNG","3"
"어처구니없/VA","1"
"용서/NNG","1"
"쉿/UN","1"
"툭/MAG","2"
"안떳다/UN","1"
"엇으/UN","1"
"좋앗을꺼같아/UN","1"
"내려가/VV","2"
"오래도록/MAG","1"
"여지/NNG","2"
"궁금하/VA","3"
"개꿀/NNG","3"
"곧바로/MAG","1"
"매일/MAG","9"
"파일/NNG","11"
"단/MAG","1"
"전회/NNG","4"
"글/VV","3"
"가믄/UN","1"
"직전/NNG","2"
"탐색/NNG","2"
"시/XPN","1"
"작하/NNG","1"
"믄/UN","3"
"회로/NNG","2"
"번거로움/NNG","1"
"고침/NNG","2"
"어플깔았다/UN","1"
"국민/NNG","6"
"구동/NNP","2"
"간편/NNG","9"
"이름/NNG","11"
"인도/NNG","5"
"대놓고/MAG","1"
"콩알/NNG","1"
"학생/NNG","2"
"부담/NNG","6"
"께/JKM","3"
"라요/EFN","2"
"여직껏/MAG","1"
"연속극/NNG","1"
"단막/NNG","1"
"톡/MAG","5"
"저도/UN","1"
"바쁘/VA","1"
"일정/NNG","3"
"까먹/VV","3"
"역시/MAG","8"
"보내/VV","10"
"자로/NNG","1"
"과한/NNG","1"
"이년/NP","1"
"어쩌다/MAG","1"
"의무적/NNG","1"
"용하/NNG","3"
"보여/NNG","4"
"유선/NNG","4"
"연결로/NNG","1"
"악마/NNG","1"
"음/XSN","2"
"200/NR","1"
"편인/NNG","1"
"210/NR","1"
"싶/VXV","3"
"참말/NNG","1"
"러/NNP","5"
"그저/MAG","1"
"처벌/NNG","2"
"왜죠/UN","1"
"사서/NNG","3"
"블랙클로버/NNP","2"
"구/XPN","3"
"매해/NNG","1"
"48/NR","1"
"대여/NNG","5"
"질/XSN","8"
"롱/UN","1"
"작작/MAG","2"
"프리파라/NNP","2"
"려구요/ECD","5"
"초반/NNG","5"
"보람/NNG","1"
"에다가/JKO","1"
"점검/NNG","8"
"본적/NNG","2"
"삼류/NNG","1"
"편이/NNG","1"
"구나/EFI","3"
"만점/NNG","4"
"기업/NNG","4"
"특기/NNG","1"
"믿/VV","9"
"통수/NNG","2"
"꾸준히/MAG","17"
"심해/NNG","2"
"사랑/NNG","10"
"통장/NNG","1"
"미루/VV","2"
"누르/VA","3"
"독되/UN","1"
"있다/MAG","10"
"꽁꽁/MAG","2"
"WAVVIE/OL","1"
"인기/NNG","14"
"의도/NNG","3"
"텍스트/NNG","1"
"밟히/VV","1"
"샃럿/UN","1"
"컾/UN","1"
"우주/NNG","7"
"LITE/OL","6"
"체험/NNG","7"
"혹시나/NNG","7"
"다회/NNG","1"
"선도/NNG","1"
"세분화/NNG","3"
"안받/VV","2"
"안주/NNG","3"
"이미지/NNG","2"
"나빠지/VV","3"
"저작권/NNG","3"
"조금/MAG","18"
"막/MAG","6"
"11/NR","21"
"죽/MAG","1"
"자/EFA","2"
"저희/NP","4"
"몰/VV","6"
"ㄹ라요/ECD","2"
"근성/NNG","1"
"가보/NNG","3"
"대행사/NNG","1"
"어려움/NNG","2"
"신비/NNG","2"
"동물/NNG","2"
"사전/NNG","2"
"여/XPN","2"
"기서/NNG","1"
"막히/VV","2"
"캠핑/NNG","1"
"수능/NNG","1"
"금지/NNG","2"
"곡인/NNG","1"
"냥/NNM","1"
"8900/NR","1"
"접하/VV","4"
"글로/MAG","2"
"증발/NNG","2"
"먹튀/UN","1"
"충/NNG","1"
"전하/VV","1"
"7000/NR","4"
"10000/NR","5"
"실제적/NNG","1"
"사기/NNG","9"
"없애버리시/UN","1"
"돼지/NNG","1"
"호구/NNG","1"
"언론사/NNG","1"
"언급/NNG","1"
"티븨/UN","1"
"븨/UN","1"
"통해/NNG","4"
"방금/NNG","3"
"반성/NNG","3"
"쪼/VV","2"
"이고/JC","2"
"여야/ECS","1"
"연간/NNG","1"
"내놓/VV","3"
"보지/NNG","1"
"선택가능/NNG","1"
"600/NR","1"
"장편/NNG","1"
"피드백/NNG","4"
"완벽/NNG","3"
"트위터/NNG","1"
"인생/NNG","3"
"며칠간/NNG","1"
"일주일/NNG","9"
"보름/NNG","1"
"허/NNG","1"
"무선/NNG","4"
"WIFI/OL","2"
"랜/NNG","1"
"이더넷/NNG","6"
"가깝/VA","1"
"괘씸/XR","2"
"다큐/NNP","2"
"부제/NNG","1"
"게스트/NNG","1"
"CAN/OL","1"
"YOU/OL","1"
"로드/NNG","6"
"각각/MAG","1"
"명의/NNG","2"
"받을려/UN","2"
"새롭/VV","2"
"XBOX/OL","1"
"콘/NNG","4"
"솔/NNG","2"
"갤럭시폴드/NNG","4"
"음소/NNG","2"
"거가/NNG","1"
"VAVVE/OL","1"
"삼성덱스/UN","1"
"의도적/NNG","1"
"교묘/XR","1"
"어딨/VA","3"
"습니까/EFQ","7"
"판매/NNG","5"
"인임/NNG","1"
"코/NNB","1"
"1.4/NR","1"
"시되/UN","1"
"싸/VA","3"
"페이크/NNG","1"
"400/NR","1"
"자세/NNG","4"
"신뢰/NNG","2"
"뚝/MAG","1"
"플럿/UN","1"
"시기/NNG","1"
"별하/VA","5"
"구독료/NNG","3"
"센타/NNG","2"
"뻔하/VA","1"
"캡/NNG","2"
"와/JKO","2"
"핑계/NNG","4"
"난무/NNG","1"
"ㄹ게/EFN","6"
"뻔/NNG","2"
"그만이/VA","1"
"불쌍/XR","1"
"햐/UN","1"
"복/XPN","1"
"근/NNG","3"
"일간/MAG","1"
"이곳/NP","1"
"박스/NNG","3"
"매월/MAG","5"
"지만요/ECE","2"
"그로/NNG","2"
"마세/NNG","7"
"돌리/NNP","1"
"쥬/UN","4"
"로즈/NNG","1"
"테일즈/UN","1"
"구성/NNG","10"
"속터지/VV","2"
"승/NNG","2"
"물/VV","1"
"스타일/NNG","2"
"는지라/ECE","1"
"옆/NNG","4"
"메시지/NNG","2"
"참여/NNG","1"
"요새/MAG","2"
"전송/NNG","9"
"거꾸로/MAG","4"
"오랫동안/NNG","2"
"경험/NNG","9"
"UX/OL","3"
"거시/NNG","1"
"라프/NNG","1"
"텔/UN","1"
"구조/NNG","2"
"엑소/NNP","38"
"사다리/NNG","21"
"타고/NNG","18"
"세계/NNG","21"
"여행/NNG","22"
"하나하나/NNG","1"
"위/NNM","6"
"엑사세/UN","14"
"가득/MAG","9"
"다소/MAG","1"
"타기/NNG","3"
"단독/NNG","7"
"추억/NNG","7"
"옛/MDT","9"
"혼/NNG","2"
"밥/NNG","11"
"김치/NNG","1"
"보완/NNG","1"
"엑/UN","75"
"사세/NNG","74"
"도하/NNG","1"
"물론/MAG","7"
"무척/MAG","1"
"랑/UN","2"
"유쾌/XR","1"
"행복/NNG","17"
"올레/NNG","3"
"케이블/NNG","6"
"만료일/NNG","3"
"되야/UN","1"
"윈/UN","2"
"음질/NNG","3"
"제이슨/NNG","1"
"본/NNG","2"
"세/NNG","5"
"맷/UN","2"
"윌/NNG","1"
"헌팅/NNG","1"
"살펴보/VV","3"
"행동/NNG","1"
"수지/NNG","1"
"도/NNM","2"
"힘/NNG","3"
"일본/NNG","3"
"미국/NNG","5"
"부/XPN","12"
"터/NNG","12"
"간/NNG","14"
"계세/NNG","1"
"짱/NNG","18"
"권/NNG","1"
"저절로/MAG","2"
"주기/NNG","4"
"랐다/UN","1"
"함께/MAG","16"
"화이팅/IC","6"
"마음껏/MAG","2"
"EXO/OL","2"
"나로/NNG","1"
"못가/NNG","1"
"대리/NNG","1"
"률/XSN","1"
"스타/NNG","3"
"페스트/NNG","1"
"친구/NNG","14"
"기웃기웃/MAG","1"
"점심/NNG","1"
"내서/NNG","1"
"퇴근길/NNG","1"
"더군다나/MAG","1"
"삶/NNG","4"
"랍니다/EFN","2"
"별도/NNG","3"
"많네요/UN","1"
"카코/NNG","1"
"술/NNG","1"
"미지/NNG","1"
"오로시/NNG","1"
"당근/NNG","1"
"문화/NNG","1"
"검수/NNG","1"
"내려놓/VV","1"
"간헐적/NNG","1"
"스로/UN","1"
"생각나/VV","2"
"분류/NNG","2"
"간편/XR","3"
"재미나/VV","4"
"세가/NNG","2"
"뜬금없이/MAG","1"
"무제한/NNG","3"
"꼬라지/NNG","1"
"사타리/NNG","1"
"미진/NNG","1"
"삼사/MDN","3"
"욕하/VV","1"
"방법론/NNG","1"
"지키/VV","4"
"설명도/NNG","2"
"번가/NNG","1"
"랍니/UN","2"
"DEX/OL","9"
"제안함/NNG","1"
"잃어버리/VV","1"
"림/NNM","2"
"책임/NNG","1"
"무섭/VA","2"
"붙/VV","5"
"활용/NNG","5"
"폭풍/NNG","1"
"연인/NNG","1"
"다양성/NNG","2"
"은데요/EFN","7"
"밝이/UN","1"
"맘껏/MAG","4"
"원피스/NNG","8"
"18/NR","6"
"좋으네/UN","3"
"매주/MAG","6"
"금욜/NNG","1"
"오전/NNG","1"
"찍/MAG","1"
"먹/NNG","1"
"거짓말/NNG","1"
"삼/NR","1"
"사의/NNG","1"
"꼬꼬/MAG","5"
"챙기/VV","9"
"옥탑/NNG","1"
"방의/NNG","1"
"아들/NNG","1"
"176/NR","1"
"추후/NNG","2"
"과/NNG","4"
"자꾸만/MAG","1"
"쭈욱/MAG","2"
"시간대상관얷/UN","1"
"돟아/UN","1"
"견결/NNG","1"
"체/NNG","4"
"최상/NNG","1"
"단/NNG","5"
"지난주/NNG","2"
"도통/MAG","2"
"찾아들어가/VV","1"
"엔진/NNG","1"
"가능성/NNG","2"
"빈도/NNG","1"
"아야지/EFN","3"
"항목/NNG","2"
"안본/NNG","1"
"소드/NNG","1"
"관심없/VV","1"
"노/NNG","4"
"출되/UN","1"
"예능과/NNG","2"
"나뉘/VV","3"
"적/VA","7"
"공간/NNG","3"
"뎅/MAG","1"
"하자/NNG","1"
"석/XSN","4"
"현/NNG","5"
"종대/NNG","1"
"찬/NNG","1"
"열/NR","4"
"경수/NNG","1"
"종인/NNG","1"
"훈/NNG","1"
"금융/NNG","1"
"부정/NNG","1"
"금감원/NNG","1"
"민원/NNG","2"
"으라/EFO","2"
"PLAY/OL","2"
"옥/NNG","10"
"수수/NNG","10"
"리얼리티/NNG","3"
"중단/NNG","8"
"온데간데없/VA","1"
"원일/NNG","1"
"웰케/UN","1"
"하쥬/UN","1"
"편법/NNG","1"
"룸/NNG","1"
"일시정지/NNG","1"
"재성/NNG","1"
"한둘/NR","1"
"늦/VA","7"
"깨닫/VV","2"
"역할/NNG","1"
"라니/EFQ","8"
"ㄴ다네/EFN","1"
"조그만하/VA","1"
"뜨잖/UN","1"
"앉/VV","2"
"적이/MAG","5"
"삼/NNG","1"
"엉/UN","1"
"넘가/VV","1"
"뒤죽박죽/NNG","2"
"래요/UN","1"
"메/NNG","2"
"새/VV","1"
"편성표/NNG","1"
"천국/NNG","2"
"자면/ECE","1"
"수동/NNP","4"
"재시/NNG","1"
"골고루/MAG","1"
"타회사/NNG","1"
"베스트/NNG","1"
"포터블/NNG","1"
"모니터/NNG","3"
"완결/NNG","5"
"조용히/MAG","1"
"라며/ECE","1"
"만듬/NNG","1"
"어저께/MAG","1"
"패스/NNG","6"
"짧으/UN","1"
"텔레비전/NNG","1"
"최적화되/VV","1"
"갔다오/VV","2"
"부수/VV","1"
"정해지/VV","1"
"한국어/NNG","2"
"분명히/MAG","2"
"하루하루/MAG","3"
"지내/VV","1"
"본방/NNG","14"
"악/NNG","2"
"언제쯤/NNG","4"
"초점/NNG","1"
"하거/UN","1"
"패키지/NNG","4"
"일치/NNG","1"
"드립/NNG","2"
"쯤/XSN","1"
"등/NNG","3"
"풀리/VV","7"
"IHQ/OL","2"
"맛있/VA","2"
"녀석/NNB","2"
"귀가/NNG","1"
"명확히/MAG","2"
"정확히/MAG","3"
"리때/UN","1"
"출퇴근/NNG","7"
"이어폰/NNG","7"
"리눅스/NNG","1"
"사요/NNG","1"
"NETRANGE/OL","1"
"겔텝/UN","1"
"진적/NNG","1"
"마당/NNG","1"
"황스럽/UN","1"
"거부/NNG","1"
"벌/VA","1"
"준기/UN","2"
"미연/NNG","1"
"ㄴ단다/EFN","2"
"96/NR","1"
"취소권/NNG","1"
"한없/VA","1"
"조심/NNG","3"
"할머니/NNG","2"
"U/OL","1"
"라서/JKS","6"
"발견/NNG","3"
"웃/VV","1"
"느라/ECD","4"
"2022/NR","5"
"직관적/NNG","6"
"작품/UN","1"
"게끔요/ECD","1"
"17/NR","3"
"총/NNG","2"
"21500/NR","1"
"랫/UN","1"
"순차/NNG","1"
"일일/NNG","4"
"갘/UN","1"
"돰/UN","1"
"배속재생/NNG","2"
"배치/NNG","4"
"BASIC/OL","1"
"금제/NNG","2"
"주심/NNG","1"
"찌/VV","5"
"통학/NNG","1"
"휴식/NNG","2"
"조그맣/VA","1"
"고리/VV","1"
"릿/UN","1"
"버그/NNG","13"
"지/XSN","1"
"생/NNG","2"
"되엇네/UN","1"
"슬금슬금/MAG","1"
"끼/VV","3"
"푸/VV","6"
"며/JC","5"
"엑세사/UN","2"
"공짜/NNG","11"
"거리/NNG","5"
"꽁/UN","3"
"의외/NNG","1"
"출연자/NNG","1"
"감독/NNG","1"
"연관/NNG","2"
"명작/NNG","1"
"광대/NNG","2"
"긴장/NNG","1"
"의아/NNG","1"
"충실하/VV","1"
"영역/NNG","1"
"출연진/NNG","2"
"올라가/VV","4"
"흥미/NNG","3"
"배터리/NNG","1"
"번인/NNG","1"
"려구/ECD","4"
"2022.04/NR","1"
"군더더기/NNG","2"
"씨/VV","1"
"올리/MAG","1"
"넥플같아/UN","1"
"하이라이트/NNG","5"
"주년/NNM","2"
"축하/NNG","1"
"겠네/UN","3"
"푸시/NNG","1"
"알람/NNG","2"
"보곡/NNG","1"
"꾸준/XR","3"
"최/XPN","3"
"화도/NNG","1"
"멤버/NNG","1"
"예쁘/VA","4"
"찍/VV","2"
"유가/NNG","3"
"가늘/VA","1"
">.</EMO","6"
"세세/XR","3"
"주제별/NNG","1"
"남해/NNG","1"
"목/NNG","1"
"공개/NNG","11"
"본/MDT","2"
"설레/VV","1"
"최/NNP","3"
"엑사세같/UN","1"
"취침/NNG","3"
"중만/NNG","6"
"라고만/ECE","3"
"두말/NNG","1"
"아픔/NNG","1"
"겐/UN","3"
"딱이/NNG","1"
"필요없/VA","4"
"써보/VV","2"
"계산/NNG","1"
"답/XSA","2"
"도안/NNG","2"
"야외/NNG","1"
"비욘드라이브/UN","1"
"슬기/NNG","1"
"사생활/NNG","2"
"대중/NNG","1"
"만지/VV","2"
"밝아지/VV","1"
"아마존/NNG","2"
"생활/NNG","2"
"리듬/NNG","1"
"이태원클랴스/UN","1"
"압데이트/UN","1"
"아냐/IC","1"
"성질/NNG","1"
"가주/NNG","1"
"매체/NNG","1"
"제한/NNG","9"
"지겹/VA","1"
"카카오톡/NNG","3"
"카카오/NNG","8"
"아홉/NNG","1"
"스푼/NNG","2"
"더하/VV","5"
"골/VV","1"
"일/XSN","2"
"유난히/MAG","2"
"오래전/NNG","4"
"뉴스/NNG","10"
"인터페이스/NNG","3"
"기재/NNG","1"
"ㄹ라/EFN","1"
"뻐꾸기/NNG","1"
"시계/NNG","1"
"ㄴ다니까/EFN","1"
"대단/XR","4"
"또다시/MAG","1"
"언제/NNG","4"
"으면서요/ECE","1"
"소시지/NNG","1"
"싸우/VV","2"
"무가/NNG","1"
"메/VV","3"
"탈/NNG","2"
"자연/NNG","2"
"교대/NNG","1"
"직업/NNG","1"
"특성/NNG","1"
"상/XSN","5"
"제시간/NNG","1"
"또한/MAG","3"
"전용관/NNG","1"
"교민/NNG","1"
"거주/NNG","1"
"갯스래/UN","1"
"갇/UN","1"
"마감일/NNG","1"
"불쾌/NNG","1"
"다면서요/EFQ","1"
"사포/NNG","1"
"영광/NNG","1"
"레이서/NNG","1"
"번개/NNG","1"
"전사/NNG","1"
"죠좀/UN","1"
"산다/NNG","1"
"참시/NNG","1"
"고맙/VA","4"
"걱정/NNG","4"
"WAVE/OL","5"
"청실/NNG","1"
"홍실/NNG","1"
"로딩때문/UN","1"
"카페/NNG","1"
"붕/MAG","1"
"최저/NNG","1"
"흙/NNG","1"
"상관/NNG","1"
"사정/NNG","2"
"첵/NNB","1"
"오락가락/MAG","1"
"예고/NNG","3"
"우리/NP","3"
"기쁘/VA","4"
"소식/NNG","1"
"설레이/VV","1"
"역시나/NNG","2"
"기다려야겠어/UN","1"
"복습/NNG","1"
"수죠/UN","1"
"결제되/UN","1"
"26/NR","2"
"LOVELYNINIDOH/OL","1"
"항/NNG","7"
"Ａ/SW","3"
"ＡＡ/SW","2"
"닫닫/UN","1"
"ＡＡＡ/SW","2"
"다다/NNP","1"
"낱/UN","1"
"댜/UN","5"
"콘서트/NNG","3"
"영생/NNG","1"
"으로써/JKM","6"
"소프트/NNG","1"
"베짱이/NNG","1"
"벤치마킹/NNG","1"
"량/NNG","2"
"지지/NNG","1"
"자료/NNG","2"
"주소/NNG","2"
"판/XSN","1"
"기여워/UN","1"
"홧팅/UN","1"
"옛드/UN","2"
"가끔가다/MAG","1"
"돈내기/NNG","1"
"로써/JKM","6"
"선물/NNG","2"
"들/NNB","1"
"파이어/NNG","1"
"겠씀욤/UN","1"
"풍성/XR","2"
"독보적/NNG","1"
"여서/ECD","2"
"위아/NNP","1"
"원/XSN","2"
"몰아보기/NNG","3"
"만나/VV","1"
"물론/NNG","4"
"소속/NNG","2"
"아티스트/NNG","1"
"고것/NP","1"
"MBC/OL","4"
"SBS/OL","5"
"겸사/NNG","2"
"힘쓰/VV","1"
"되요/UN","2"
"1.2/NR","3"
"로도/NNG","1"
"다채/XR","1"
"커뮤/UN","1"
"유혹/NNG","1"
"주행/NNG","2"
"세심/XR","1"
"정령/NNG","2"
"무도/NNG","1"
"불문/NNG","2"
"자라/NNG","1"
"최신작/NNG","2"
"아마/MAG","3"
"본방사수/NNG","3"
"매이/VV","1"
"지하철/NNG","2"
"자기/NNG","4"
"마니/NNG","5"
"신세계/NNG","3"
"연잇/VV","1"
"명해/NNG","1"
"닛/UN","1"
"엘/NNG","4"
"몰아봐야겠어/UN","1"
"깊/VA","1"
"나의/NNG","5"
"책임지/VV","2"
"자취생/NNG","1"
"구원/NNG","1"
"가수/NNG","2"
"예/VV","1"
"얼굴/NNG","2"
"미소/NNG","1"
"한스/NNP","1"
"트리밍/NNG","1"
"></EMO","1"
"쏠쏠/XR","4"
"파이/NNG","1"
"과/JKO","6"
"들보/NNG","1"
"강추/NNG","8"
"기념일/NNG","1"
"기회/NNG","1"
"친/NNG","1"
"맛/NNG","5"
"보시/NNG","1"
"인권/NNG","1"
"전날/NNG","2"
"선공개해주셰/UN","1"
"피아/NNG","1"
"평생/NNG","1"
"입/VV","1"
"새끼/NNG","1"
"후속/NNG","1"
"다기/NNG","1"
"→/SW","2"
"달려오/VV","1"
"쭉쭉/MAG","1"
"건의/NNG","3"
"부/NNG","2"
"VIDEO/OL","1"
"상업로드/NNG","1"
"힐링/NNG","4"
"돌/NNG","3"
"그리고웨이보/UN","1"
"GOGO/OL","1"
"런닝/NNG","2"
"매/VV","2"
"표기/NNG","1"
"기달리/VV","1"
"다구/EFQ","1"
"깨끗/XR","1"
"EX/OL","1"
"웃음꽃/NNG","1"
"활짝/MAG","1"
"승천/NNG","1"
"세상/NNG","2"
"대유/NNG","1"
"망진/NNG","1"
"보가/NNG","1"
"흥하/VV","2"
"커/VV","3"
"존버/UN","1"
"PLZ/OL","1"
"재작년/NNG","1"
"꽂/VV","1"
"켜/NNG","2"
"달빛/NNG","2"
"천사/NNG","1"
"불구/NNG","1"
"불쾌/XR","2"
"AG/OL","1"
"DP/OL","1"
"LGTV/OL","1"
"내면/NNP","2"
"길래/MAG","6"
"최대한/MAG","3"
"북미/NNG","1"
"내/VXV","2"
"강냉이/NNG","1"
"털/VV","2"
"자가/NNG","1"
"조건/NNG","3"
"번째/NNB","4"
"끊을려/UN","2"
"생돈/NNG","1"
"모듈/NNG","1"
"싸요/UN","2"
"은데요/ECD","4"
"주변/NNG","4"
"갑작스럽/VA","2"
"이때/NNG","3"
"웅장/XR","1"
"기본적/NNG","6"
"두절/NNG","2"
"그릇/NNG","1"
"추출/NNG","1"
"덱스/NNG","10"
"슬립/NNG","2"
"끊어지/VV","3"
"상관없/VA","1"
"DMB/OL","2"
"유로화/NNG","1"
"엥/IC","1"
"임진/NNG","1"
"삼일/NNG","1"
"받아지/VV","1"
"때리/VV","4"
"어떠/VV","4"
"짤리/VV","3"
"보호/NNG","4"
"걷/VV","3"
"머/VA","4"
"놈/NNG","2"
"진짜로/MAG","1"
"상위/NNG","2"
"쓰래기/NNG","2"
"하이/NNG","2"
"킥/NNG","1"
"참견/NNG","1"
"운영자/NNG","3"
"님/NNB","2"
"대본/NNG","1"
"땜시/MAG","1"
"묶/VV","4"
"증/NNG","5"
"겹/VV","1"
"ㄹ지나/ECD","1"
"벚꽃/NNG","1"
"아치/NNG","1"
"울트라/NNG","7"
"민사/NNG","1"
"줄/VA","1"
"신문고/NNG","1"
"공정위/NNG","1"
"가뜩/MAG","2"
"오지/VA","1"
"수익/NNG","4"
"어쨋든/MAG","1"
"잡히/VV","1"
"이상은/NNG","1"
"꾹/MAG","1"
"연재/NNG","1"
"종영/NNG","2"
"줬면/UN","1"
"미결제/NNG","1"
"구매권/NNG","1"
"신속/NNG","1"
"지상/NNG","1"
"파라/NNP","1"
"형/NNG","1"
"정떨어지/VV","2"
"제시/NNG","2"
"세가지/NNG","1"
"에스/NNG","2"
"케이/NNG","2"
"헉/MAG","1"
"시경/NNG","1"
"신기/NNG","1"
"53/NR","1"
"턴/NNG","3"
"가/XSN","2"
"드래그/NNG","2"
"손가락/NNG","1"
"긍/UN","1"
"앙대/UN","1"
"쓰레/XR","1"
"개념/NNG","2"
"으리/EFQ","1"
"정/MDT","1"
"열고/NNG","1"
"달르/VA","1"
"개수/NNG","2"
"적/NNG","3"
"오징어게임/NNP","4"
"물량/NNG","1"
"독점권/NNG","1"
"양반/NNG","1"
"언/NNG","1"
"챙피/NNG","1"
"대충/NNG","1"
"소/EFN","1"
"빠릿/UN","1"
"투덜/XR","1"
"판/NNG","5"
"무거/NNG","2"
"ㅂ니다만/ECE","5"
"인치/NNG","1"
"샘/NNG","1"
"앱스문제는아니/UN","1"
"무/XPN","3"
"응답/NNG","1"
"구멍가게/NNG","1"
"머/MAG","1"
"ㄴ다고요/ECE","1"
"1.5/NR","2"
"다른어플이용해/UN","1"
"바이/MAG","5"
"뜬금/NNG","1"
"탈퇴해야겠어/UN","1"
"당선/NNG","1"
"하루하루/NNG","2"
"고통/NNG","1"
"유로/NNG","3"
"뒤통수/NNG","2"
"깔림/NNG","2"
"다른어플/UN","2"
"맵들어가/UN","1"
"솔직/XR","2"
"망해/NNG","1"
"지름길/NNG","1"
"택하/VV","1"
"감당/NNG","1"
"어쭙잖/VA","1"
"몇몇/MDT","5"
"뱅뱅/MAG","2"
"업뎃해/UN","1"
"맞기/VV","1"
"여태/NNG","2"
"인가/NNG","2"
"이용도/NNG","2"
"대대적/NNG","1"
"사소/XR","1"
"피곤하/VV","1"
"텀/NNB","2"
"숨쉬/VV","1"
"듯이/ECD","4"
"2020/NR","1"
"직도/NNG","1"
"빼버렸/UN","2"
"이관/NNG","1"
"소문/NNG","1"
"내/EFN","4"
"보아하니/MAG","1"
"별거/NNG","1"
"결론/NNG","1"
"파/VV","1"
"ㄹ라요/EFN","1"
"동문서답/NNG","1"
"만이/NNG","1"
"것/EPT","2"
"UPDATE/OL","2"
"책임감/NNG","1"
"셍/UN","1"
"거리/XSV","1"
"유로/NNM","1"
"마치/MAG","3"
"인양/NNG","1"
"옮기/VV","4"
"띠/VV","1"
"기변/NNG","1"
"대우/NNG","1"
"약정/NNG","3"
"대류/NNG","1"
"크트/UN","1"
"전드/UN","2"
"시트콤/NNG","5"
"순풍/NNG","2"
"산부인과/NNG","2"
"노주/NNG","1"
"바래/VV","1"
"뺏어/UN","1"
"신중히/MAG","1"
"온/NNG","1"
"약해/NNG","1"
"은근슬쩍/MAG","1"
"도둑/NNG","1"
"만드/VV","2"
"에라/IC","1"
"자신감/NNG","1"
"오만/NNG","1"
"돈독/NNG","1"
"아까/MAG","3"
"P/OL","6"
"PRO/OL","1"
"업뎃하라고나와/UN","1"
"내/MAG","2"
"니까요/ECD","1"
"빙빙/MAG","1"
"돌기/NNG","2"
"지치/VV","1"
"어서요/ECD","2"
"히/IC","1"
"최대한/NNG","1"
"아자/NNG","1"
"번창/NNG","7"
"VIP/OL","2"
"음성싱크/UN","2"
"유틉/UN","1"
"치사/NNG","1"
"실상/NNG","1"
"딸/VV","1"
"병/NNG","1"
"감정/NNG","2"
"심/VV","1"
"등/NNM","2"
"분야/NNG","2"
"이커/UN","1"
"알콜/NNG","1"
"램프/NNG","1"
"달구/VV","1"
"실험/NNG","1"
"개구리/NNG","1"
"통신비/NNG","1"
"채우/VV","2"
"배불리/MAG","1"
"모으/VV","3"
"냅두/VV","1"
"사업/NNG","1"
"접/VV","2"
"구지/MAG","1"
"군/EFI","2"
"젤/NNG","1"
"되가지/VV","1"
"텔레콤/NNG","2"
"도둑놈/NNG","1"
"구차/NNG","1"
"가지/NNG","3"
"천/XSN","1"
"지브/NNG","1"
"스튜디오/NNG","1"
"풀/VV","3"
"주세욤/UN","1"
"설마/MAG","1"
"뒷통수/NNG","1"
"치졸/NNG","1"
"료/XSN","1"
"방/NNM","1"
"어차피/MAG","3"
"카/VV","4"
"고리로/MAG","1"
"주인공/NNG","2"
"맡/VV","1"
"내보/VV","1"
"찾아가/VV","1"
"티비어플/UN","1"
"배부르/VA","1"
"마법/NNG","1"
"대가리/NNG","1"
"라이/NNG","2"
"퇴/NNG","3"
"당장/MAG","3"
"복귀/NNG","4"
"내세/NNG","1"
"광고주/NNG","1"
"대선/NNG","2"
"연락도/NNG","1"
"자마자/ECE","2"
"여태껏/MAG","1"
"여태/MAG","1"
"취급/NNG","1"
"초창/NNG","2"
"회원수/NNG","1"
"올려보/VV","1"
"받아들이/VV","1"
"강제적/NNG","2"
"쓸모없/VA","2"
"하마/NNG","1"
"생색/NNG","1"
"초기/NNG","2"
"시청자/NNG","4"
"혈안/NNG","1"
"윤리/NNG","1"
"승자/NNG","1"
"잘살/VV","1"
"부자/NNG","1"
"게이/NNG","1"
"꽄구매해야지/UN","1"
"잘만/NNP","3"
"유감/NNG","2"
"졸/VV","2"
"으려/ECD","1"
"JOY/OL","1"
"야지/EFN","3"
"바뀌엇네/UN","1"
"기습/NNG","1"
"제리/NNG","1"
"지지/VV","1"
"흑/NNG","2"
"하루아침/NNG","1"
"화가/NNG","4"
"이기/VV","5"
"해킹/NNG","1"
"도/VV","4"
"널/NNG","1"
"존중/NNG","1"
"몰래/MAG","1"
"게시/NNG","3"
"논란/NNG","1"
"떠들/VV","1"
"낼/NNG","2"
"LGU/OL","1"
"헐/VV","1"
"양호/NNG","1"
"보세/NNG","2"
"머지/NNG","1"
"라더/NNG","1"
"어야/ECS","4"
"어플중/UN","2"
"구리/NNG","2"
"곡/NNG","1"
"재목/NNG","1"
"난감/XR","1"
"원하는것을/UN","1"
"타어/NNG","1"
"차이나/NNG","1"
"독립/NNG","1"
"누르기/NNG","3"
"절대로/MAG","1"
"추락/NNG","1"
"20.03/NR","1"
"드디어/MAG","1"
"녕/UN","2"
"도래/NNG","1"
"발송/NNG","1"
"됏/UN","1"
"80/NR","3"
"81/NR","1"
"여야/ECD","1"
"수월/XR","1"
"하니/NNG","2"
"오른쪽/NNG","5"
"가까이/NNG","1"
"대도/NNG","2"
"론/XSN","2"
"내야/NNG","5"
"앵무새/NNG","1"
"역대/NNG","1"
"애나메이션/UN","1"
"미양/NNG","2"
"뮤/UN","3"
"비스크/NNG","1"
"비의/NNG","1"
"세일러/NNG","1"
"아하렌양/UN","1"
"가없/VA","1"
"성비/NNG","3"
"적정/NNG","1"
"오죽/MAG","1"
"줄/NNM","3"
"넷/NR","2"
"릭스/UN","1"
"보이/NNG","1"
"난시청/NNG","1"
"지역/NNG","1"
"밝히/VV","1"
"미치/VA","1"
"해도/NNG","3"
"귀/NNG","3"
"응애/MAG","2"
"올리고/NNG","1"
"가운데/NNG","5"
"후임/NNG","1"
"잖/UN","1"
"아/JKI","1"
"달이/NNG","1"
"31/NR","2"
"은가/EFQ","1"
"기사/NNG","3"
"비만/NNG","1"
"OR/OL","1"
"국회/NNG","1"
"야/JKI","2"
"분홍/NNG","1"
"헷갈리/VV","1"
"왤/UN","1"
"갸웃하/VV","1"
"전전/NNG","1"
"울/VV","4"
"36/NR","1"
"스탠/UN","2"
"프로모션/NNG","2"
"했으/UN","1"
"자취/NNG","1"
"귀찮/VV","3"
"늑대/NNG","1"
"왕자/NNG","2"
"플랫폼이사라졋습니/UN","1"
"대/VV","2"
"일도/NNG","2"
"뜨/VA","3"
"슈/UN","1"
"팬/NNG","3"
"하우스/NNG","1"
"강매/NNG","1"
"로딩로고/UN","2"
"란다/EFN","1"
"이루어지/VV","1"
"고도/NNG","1"
"보신/NNG","1"
"안받음/NNG","1"
"일자/NNG","1"
"좀/NNG","1"
"되살아나/VV","1"
"95/NR","4"
"가안/NNG","1"
"YTN/OL","1"
"동아/NNG","1"
"푸/VA","1"
"경고문/NNG","1"
"구도/NNG","2"
"개떡/NNG","3"
"연타/NNG","1"
"와의/NNG","1"
"복수/NNG","1"
"원내/NNG","1"
"치고/JX","1"
"분명/NNG","1"
"변명/NNG","1"
"마이너스/NNG","1"
"셋/NNG","3"
"톱/NNG","2"
"도요/NNG","1"
"정액권/NNG","2"
"깜깜/MAG","1"
"알았/VV","1"
"다라/NNG","2"
"결합/NNG","2"
"퀴즈/NNG","1"
"짱구/NNG","1"
"청구/NNG","2"
"사소/NNG","1"
"구분/NNG","3"
"냐/UN","1"
"대다수/NNG","1"
"흑우/NNG","1"
"중국드라마/NNG","10"
"기초적/NNG","1"
"번하/VA","2"
"계보/NNG","1"
"호/NNG","3"
"욱/MAG","1"
"힘/NNM","1"
"현실상/NNG","1"
"기한/NNG","1"
"임대/NNG","1"
"극히/MAG","1"
"작별/NNG","1"
"인사/NNG","1"
"2016/NR","2"
"신데렐라/UN","1"
"늘/VA","1"
"사용제품/NNG","1"
"많았/UN","1"
"적당히/MAG","3"
"선거철/NNG","1"
"후보/NNG","1"
"기호/NNG","2"
"구장/NNG","1"
"형식/NNG","1"
"건너/NNG","1"
"버세/UN","1"
"윤/NNG","4"
"석/NNG","1"
"렬/UN","3"
"선고/NNG","1"
"추/NNG","1"
"조선/NNG","2"
"2021/NR","1"
"가시/VV","1"
"도면/NNG","1"
"권외/NNG","1"
"속상하/VA","3"
"할인권/NNG","1"
"등급/NNG","3"
"사라졋네/UN","1"
"목과/NNG","1"
"복임/NNG","1"
"사라지/NNG","1"
"2022.1/NR","1"
"로딩하/UN","1"
"열/NNG","3"
"선거/NNG","1"
"로딩현상/UN","1"
"나요/UN","1"
"타입/NNG","1"
"빈번/XR","1"
"트렀/UN","1"
"얼른/MAG","1"
"로딩마크/UN","1"
"신분/NNG","1"
"채/MAG","1"
"갈라/VV","2"
"점/MAG","1"
"장님/NNG","2"
"귀엽/VA","1"
"들/JX","1"
"지로/NNG","1"
"바르/VV","3"
"돈빠/UN","1"
"국밥/NNG","1"
"값/NNG","1"
"날으/VV","1"
"구매고/NNG","1"
"섬/NNG","1"
"재생로딩바/UN","1"
"올림픽/NNG","2"
"로딩되/UN","1"
"로딩중이라/UN","1"
"정식/NNG","3"
"아묻/UN","1"
"도태/NNG","3"
"작정/NNG","1"
"네비게이션/NNG","2"
"향상/NNG","1"
"쇼/NNG","4"
"머니/NNG","2"
"로딩표기/UN","1"
"IOS/OL","3"
"지난달/NNG","1"
"비오/VV","1"
"불어/NNG","1"
"그레스바/UN","1"
"가운/NNG","1"
"빨리빨리/MAG","3"
"플스에/UN","1"
"업뎃후/UN","1"
"헤/VV","1"
"엔/NNG","1"
"간하/VV","1"
"장기적/NNG","1"
"비즈니스/NNG","1"
"드가/VV","7"
"고다/UN","1"
"시설/NNG","1"
"장난치/VV","3"
"만구/NNG","1"
"띄움/NNG","1"
"어가/NNG","2"
"정글/NNG","1"
"법칙/NNG","1"
"누락/NNG","1"
"렙/NNM","1"
"거리/VV","4"
"여러분/NP","3"
"기속/NNG","1"
"애려/UN","1"
"일대일/NNG","1"
"장식/NNG","1"
"귀멸의칼날/NNP","2"
"구/XSN","1"
"뒤집히/VV","1"
"짓거리/NNG","2"
"멀/VV","1"
"헛소리/NNG","1"
"혈적/NNG","2"
"기술력/NNG","1"
"인걸/NNG","1"
"수개월/NNG","1"
"빵/NNG","1"
"릴/NNM","1"
"안대/NNG","1"
"떼/NNG","1"
"프트/UN","1"
"카트/NNG","1"
"텍트/UN","1"
"반나절/NNG","1"
"업뎃이안되는데/UN","1"
"오/EFN","2"
"왕/NNG","4"
"회언/NNG","1"
"잦/VV","1"
"요구/NNG","3"
"보안/NNG","2"
"어새/NNG","1"
"어떻하/VA","2"
"따운/NNG","2"
"삼/EFN","1"
"비교적/MAG","2"
"특선/NNG","1"
"업뎃안/UN","1"
"그제서야/MAG","1"
"되요/ECD","2"
"소음/NNG","1"
"진/NNG","4"
"쿠쿠/NNP","1"
"삥/MAG","1"
"나이스/NNG","1"
"뉫/UN","1"
"빙도/NNG","1"
"뚜/MAG","1"
"도전/NNG","6"
"엑세스/UN","1"
"글쓰기/NNG","1"
"계/NNG","3"
"정의/NNG","1"
"필수/NNG","3"
"이이/NP","1"
"템/NNB","1"
"제다/NNG","1"
"찝찝/XR","1"
"씽/UN","1"
"받아먹/VV","3"
"전용/NNG","3"
"봤던거/UN","1"
"결체/NNG","1"
"코너/NNG","1"
"난이/NNG","1"
"연령/NNG","4"
"구시대/NNG","1"
"레벨/NNG","2"
"모자라/VV","1"
"가변/NNG","1"
"하여/MAG","4"
"댄스/NNG","1"
"브라운관/NNG","1"
"IT/OL","1"
"강국/NNG","1"
"대표/NNG","4"
"떠들썩/XR","1"
"누군가/NP","1"
"그다음/NNG","1"
"도시/NNG","1"
"캐나다/NNG","1"
"바쁘/VV","2"
"자동정/NNG","1"
"기결/NNG","1"
"더군요/EFN","1"
"으려는/ETD","1"
"찰나/NNG","1"
"재확인/NNG","1"
"미/XPN","2"
"성년자/NNG","2"
"일절/MAG","1"
"회수/NNG","2"
"틱/UN","1"
"론/NNG","1"
"쉬/MAG","1"
"태그/NNG","1"
"이외/NNG","1"
"제작자/NNG","1"
"해피/NNG","1"
"2010/NR","3"
"외장/NNG","1"
"메모리/NNG","1"
"있슴/UN","1"
"걸핏하면/MAG","1"
"뭉개지/VV","1"
"크롬케스트/UN","1"
"상대적/NNG","1"
"파티/NNG","1"
"시간/NNM","2"
"개명/NNG","2"
"단다/EFN","2"
"건인/NNP","1"
"더라/EFN","5"
"사흘/NNG","1"
"양아치/NNG","2"
"그따위/NNG","1"
"마라/NNG","1"
"콘테츠/UN","1"
"란/NNG","1"
"슬슬/MAG","1"
"TBS/OL","1"
"섞이/VV","3"
"ㄹ망정/ECE","1"
"피의/NNG","7"
"기획/NNG","1"
"갤러/NNG","1"
"갤러리/NNG","4"
"너뛰/UN","1"
"외국인/NNG","1"
"전부/MAG","4"
"인식률/NNG","1"
"조건부/NNG","1"
"프로젝트/NNG","2"
"포인트/NNG","2"
"제작물/NNG","1"
"밤늦/VA","1"
"불가시/NNG","1"
"권리/NNG","1"
"침해/NNG","1"
"8.0/NR","1"
"도해/NNG","1"
"배우/VV","1"
"니깐요/ECD","1"
"아이패드/NNG","1"
"츠/UN","1"
"바스켓/NNG","1"
"보루/NNG","1"
"업데이트하/UN","1"
"손대/VV","1"
"은가요/EFQ","1"
"스파이/NNG","1"
"존/NNP","2"
"윅/UN","2"
"잔액/NNG","1"
"소액/NNG","2"
"뻐/UN","1"
"차면/NNG","1"
"배열/NNG","3"
"탑/NNG","2"
"가나다/NNG","2"
"정렬/NNG","5"
"1.8/NR","1"
"보일/VV","1"
"랜덤/NNG","1"
"안됩네/UN","1"
"안되는어플/UN","1"
"개통/NNG","1"
"굳/VV","1"
"세/NNM","8"
"호매/NNG","1"
"BOXQ/OL","1"
"질르/VV","1"
"극/NNG","1"
"전작/NNG","1"
"파워/NNG","1"
"레인저/NNG","1"
"신작/NNG","5"
"포함/NNG","5"
"저것/NP","1"
"묶음/NNG","1"
"갈취/NNG","1"
"말씀하/VV","1"
"한시간/NNP","1"
"소거/NNG","1"
"관람/NNG","4"
"연달/VV","1"
"이요/NNG","2"
"한동안/MAG","1"
"티비퐈면으/UN","1"
"펌웨어/NNG","1"
"캐쉬/UN","1"
"이딴어플이다잇어/UN","1"
"햇는/UN","1"
"갓/VA","1"
"단편/NNG","2"
"드레/NNG","1"
"불필요/NNG","1"
"스포/UN","3"
"당해/NNG","1"
"주요/NNG","1"
"ㄴ걸/EFN","1"
"고물/NNG","2"
"신형/NNG","1"
"튜/UN","1"
"개가/NNG","2"
"세월/NNG","1"
"동급/NNG","1"
"도저히/MAG","1"
"간만/NNG","1"
"삼십/NR","1"
"말레이시아/NNP","1"
"호환성/NNG","1"
"송출/NNG","3"
"리턴/NNG","1"
"투호/NNG","1"
"와트/NNG","1"
"듄/UN","1"
"항상떳다안떳다합니/UN","1"
"루프/NNG","1"
"LTE/OL","3"
"지금껏/MAG","1"
"법정/NNG","2"
"대리인/NNG","2"
"동의/NNG","3"
"약관/NNG","1"
"운명/NNG","1"
"3900/NR","1"
"사운드/NNG","1"
"주중/NNG","1"
"디/VV","1"
"있/VX","1"
"중긴/UN","1"
"청와대/NNG","4"
"잠깐/NNG","2"
"이내/NNG","1"
"차후/NNG","1"
"ONE/OL","2"
"체크/NNG","5"
"덱스모드에/UN","1"
"수집/NNG","1"
"이탈/NNG","2"
"진입/NNG","3"
"피/VV","1"
"사/ECD","1"
"용을/NNG","1"
"실용적/NNG","1"
"훌륭/XR","3"
"티브이/NNG","2"
"매기/VV","1"
"유심/NNG","1"
"칩/NNG","1"
"전이/NNG","1"
"1.25/NR","1"
"창과/NNG","1"
"동글이/NNG","1"
"티브/UN","1"
"치하/NNG","3"
"놀랍/VA","1"
"푼/NNM","1"
"끊임없이/MAG","1"
"글로벌/NNG","3"
"경쟁/NNG","1"
"문제지/NNG","1"
"기부/NNG","1"
"꿀/NNG","2"
"칸/NNG","1"
"떠/VV","4"
"킹/NNG","4"
"덤/NNG","3"
"더리/MAG","1"
"마치/VV","1"
"모리/NNG","1"
"조아/NNG","4"
"다나/NNP","1"
"4.0/NR","1"
"ANDROID/OL","1"
"간격/NNG","1"
"불완전/NNG","1"
"공/XPN","1"
"유기/NNG","2"
"영웅전/NNG","1"
"크로스/NNG","1"
"넣었져/UN","1"
"골/NNG","1"
"그녀/NP","1"
"각중에/MAG","1"
"바보/NNG","2"
"이유/MAG","2"
"어플이면/UN","1"
"렇/UN","2"
"IPTV/OL","1"
"ㄴ데/EFN","3"
"무겁/VA","1"
"수렴/NNG","1"
"취/UN","3"
"취합/NNG","1"
"무과/NNG","1"
"금인/NNG","1"
"라만/ECE","1"
"내이/VV","1"
"넨/UN","1"
"엔드/NNG","1"
"크레딧/NNP","2"
"일/NNP","1"
"너르/VA","2"
"실소/NNG","1"
"읃/VV","2"
"겁니다/UN","1"
"다행/NNG","2"
"이야/JX","2"
"손해/NNG","2"
"재생후에/UN","1"
"띵/MAG","2"
"후기/NNG","2"
"쓰기/NNG","1"
"온/MDT","1"
"웬일/NNG","1"
"어머니/NNG","2"
"예술/NNG","2"
"도야/NNG","1"
"잉/MAG","1"
"부디/MAG","1"
"엄연히/MAG","1"
"하지/NNG","2"
"로더/NNG","2"
"소모/NNG","1"
"하루속히/MAG","1"
"핸놔/UN","1"
"힝/VV","1"
"버퍼/NNG","2"
"144/NR","1"
"같애/VV","1"
"한편/MAG","4"
"새해/NNG","1"
"옜날껀데/UN","1"
"넘많/UN","1"
"와이프/NNG","1"
"녹화/NNG","1"
"다운이안뢰/UN","1"
"사면/NNG","1"
"하주/NNG","1"
"2021.12/NR","1"
"극장/NNG","2"
"챠/UN","1"
"빗/NNG","1"
"저냥/MAG","1"
"말로/NNG","1"
"하나같이/MAG","1"
"토씨/NNG","1"
"틀리/VV","2"
"스스로/NNG","1"
"사용할랬더/UN","1"
"실력/NNG","1"
"씹/VV","1"
"불편감/NNG","1"
"개선되가는점/UN","1"
"차량/NNG","1"
"거르기/NNG","1"
"와브/UN","1"
"다중/NNG","1"
"지은/NNG","1"
"쳐먹/VV","2"
"을라고/EFQ","1"
"수작/NNG","1"
"부리/VV","1"
"반값/NNG","1"
"자/XSN","1"
"예의/NNG","1"
"피하/VV","1"
"유치/NNG","1"
"쪼끔/MAG","1"
"치/NNB","1"
"웟/UN","1"
"골든/NNG","1"
"벨/NNG","1"
"한참/MAG","1"
"신입/NNG","1"
"사관/NNG","1"
"해령/NNG","1"
"37/NR","1"
"금일/NNG","1"
"21.12/NR","1"
"느낍니/UN","1"
"쩔/VV","1"
"궁하/VA","1"
"아서요/ECD","2"
"렐/UN","1"
"아멘/NNG","1"
"위브/UN","2"
"푸르/VA","1"
"션/UN","2"
"아내/NNG","1"
"삭제하면/UN","1"
"범벅/NNG","1"
"시청료/NNG","2"
"재편/NNG","1"
"거든/EFN","1"
"목욕탕/NNG","1"
"남자/NNG","2"
"괜/UN","1"
"추/VV","1"
"삑/MAG","2"
"씽크/NNP","1"
"아녜/UN","1"
"시청권/NNG","1"
"던/NNP","2"
"2900/NR","1"
"날새/VV","1"
"초창기/NNG","2"
"딱하/VA","1"
"스페셜/NNG","1"
"후지/VA","1"
"백중/NNG","1"
"이슈/NNG","1"
"간사/NNG","1"
"욨/UN","1"
"되지르/VV","1"
"앙요/UN","1"
"늦려/UN","1"
"줄곧/MAG","1"
"개선안/NNG","1"
"시행/NNG","1"
"중/NNP","2"
"진작/NNG","1"
"만/NNG","2"
"땜/NNG","1"
"핑/MAG","1"
"와닿/VV","1"
"찐으/UN","1"
"실리/VV","1"
"업뎃이안되/UN","2"
"천불/NNG","1"
"ID/OL","1"
"슬/VV","4"
"유/UN","1"
"브등/UN","1"
"부/VV","2"
"펀/NNB","3"
"해소/NNG","1"
"모음/NNG","1"
"개구/NNG","1"
"림/XSN","1"
"노웨이홈/NNP","1"
"포/NNG","1"
"기함/NNG","1"
"유사/NNG","1"
"더블유/NNG","1"
"걸었/UN","1"
"사가/NNG","2"
"죄/NNG","1"
"저처럼/NNG","1"
"눈탱/UN","1"
"러드/UN","1"
"하얗/VA","2"
"갱스/UN","1"
"오브/NNG","1"
"런던/NNG","1"
"든가/EFN","1"
"아이유/IC","1"
"데리/VV","1"
"안정/NNG","1"
"용해/NNG","2"
"거보/NNG","1"
"경쟁사/NNG","2"
"샷/NNG","2"
"놓앗/UN","1"
"전달하/VV","1"
"최신형/NNG","1"
"그린/NNG","1"
"버버벅/UN","1"
"거려/NNG","1"
"나발/NNG","1"
"두세번씩/UN","1"
"첨/MAG","1"
"튜브/NNG","1"
"기의/NNG","1"
"버벅임/UN","1"
"은근히/MAG","2"
"장기/NNG","2"
"쌓이/VV","2"
"정보량/NNG","1"
"바둑판/NNG","1"
"판타스틱/NNG","1"
"듀오/NNP","1"
"설령/MAG","1"
"눔/NNB","1"
"광고비/NNG","1"
"별다르/VA","1"
"마무리/NNG","3"
"납득/NNG","1"
"WIDEBINE/OL","1"
"SECURITY/OL","1"
"LEVEL/OL","1"
"L/OL","2"
"형태/NNG","1"
"홍/NNG","2"
"쭐/VV","2"
"죠죠/UN","1"
"입니다/UN","1"
"세보/NNG","1"
"수년/NNG","1"
"단연/MAG","1"
"등분/NNG","1"
"덩그렇/VA","1"
"세팅/NNG","1"
"건드리/VV","1"
"겅/UN","1"
"별루/MAG","1"
"창도/NNG","2"
"군데군데/MAG","1"
"맞춤법/NNG","2"
"끄트머리/NNG","1"
"쫄/VV","1"
"뱁새/NNG","1"
"오리지날/NNG","1"
"황새/NNG","1"
"맞먹/VV","1"
"보관함/NNG","2"
"촌스럽/VA","1"
"딸리/VV","1"
"시체/NNG","1"
"던데요/ECD","2"
"단순/NNG","1"
"끌어모으/VV","1"
"덧/XPN","1"
"스페이스/NNG","1"
"고해/NNG","2"
"소용없/VA","3"
"액/XSN","1"
"건강/NNG","1"
"360/NR","3"
"어라/EFO","2"
"기/VA","1"
"해조/NNG","1"
"외화/NNG","1"
"필히/MAG","2"
"게/ECS","1"
"구축/NNG","2"
"해설/NNG","1"
"합방/NNG","1"
"주머니/NNG","1"
"휴대/NNG","1"
"청/NNG","3"
"살아가/VV","1"
"해리/NNG","2"
"포터/NNG","2"
"보고/JKM","1"
"ㄴ다요/EFN","2"
"퉤/MAG","1"
"노버/UN","2"
"리웃/UN","1"
"삽입/NNG","1"
"순위/NNG","2"
"편성/NNG","2"
"TOP/OL","1"
"미만/NNG","2"
"ㄴ다네요/EFN","2"
"잇/VA","1"
"관점/NNG","1"
"다/XPN","2"
"상하좌우/NNG","1"
"반전/NNG","1"
"영드/UN","1"
"다이/NNG","1"
"용하/VA","1"
"화요일/NNG","2"
"친화/NNG","1"
"구현/NNG","1"
"인공지능/NNG","1"
"기대되/VV","1"
"토종/NNG","6"
"플렉스/NNG","3"
"VS/OL","1"
"틈/NNG","2"
"마랑/NNG","1"
"휴가/NNG","1"
"애인/NNG","1"
"태양/NNG","6"
"매력적/NNG","1"
"국산/NNG","2"
"아이돌/NNG","1"
"떼우/VV","1"
"당혹/NNG","1"
"존경/NNG","1"
"구/ECS","2"
"테/NNM","1"
"소스/NNG","1"
"당사자/NNG","1"
"이주/NNG","1"
"풍부/XR","10"
"행복감/NNG","1"
"성공/NNG","1"
"소통/NNG","3"
"가여/NNG","1"
"답니다/EFN","2"
"조카/NNG","1"
"영화관/NNG","2"
"대/VXV","1"
"나간/NNG","1"
"자존심/NNG","2"
"위의/NNG","1"
"외국계/NNG","2"
"대항/NNG","1"
"분투/NNG","1"
"한류/NNG","1"
"선봉장/NNG","1"
"뱅크/NNP","1"
"폭/NNG","2"
"넓/VA","2"
"농협/NNG","1"
"과거/NNG","5"
"델/VV","1"
"공연/NNG","1"
"만족도/NNG","3"
"부재/NNG","1"
"알/NNG","3"
"옮겨다니/VV","1"
"날/VV","2"
"접속자/NNG","1"
"필로/NNG","1"
"개별적/NNG","1"
"암튼/MAG","1"
"이태/NNG","1"
"만세/NNG","1"
"케어/NNG","1"
"밀리/VV","1"
"에다/JC","1"
"가래/NNG","1"
"지/XSA","1"
"계열/NNG","3"
"대규모/NNG","1"
"칼질/NNG","1"
"내장/NNG","1"
"240/NR","1"
"열화/NNG","1"
"명시/NNG","2"
"벌어먹/VV","1"
"다시/VA","1"
"조회/NNG","1"
"특히나/MAG","1"
"노년/NNG","1"
"활기차/VA","1"
"넥프넥스/UN","1"
"넥/UN","1"
"흑/MAG","1"
"여기저기/NNG","2"
"영업/NNG","1"
"비밀리/NNG","1"
"마케팅/NNG","1"
"오고가/VV","1"
"펀하/VA","1"
"콘테츠네/UN","1"
"노래/NNG","1"
"고전/NNG","1"
"므로/ECD","1"
"오역/NNG","1"
"의역/NNG","1"
"밀림/NNG","1"
"펌/UN","1"
"번역가/NNG","1"
"조/VV","4"
"오로지/MAG","1"
"해보/NNG","1"
"TB/OL","1"
"8704/NR","1"
"들마/NNG","1"
"완전/MAG","1"
"33/NR","1"
"34/NR","2"
"화부/NNG","1"
"중화/NNG","1"
"저력/NNG","1"
"측면/NNG","1"
"활용도/NNG","1"
"지인/NNG","1"
"매이/NNG","1"
"순도/NNG","1"
"XXX/OL","1"
"소한/NNG","1"
"달래/MAG","1"
"어/XSN","1"
"으려고/ECD","1"
"캐시인지/UN","1"
"든지/JX","2"
"비싸도/UN","1"
"하렘/NNG","2"
"찌지/VV","1"
"가슴/NNG","1"
"파묻히/VV","1"
"망상/NNG","1"
"흔들/VV","1"
"치감/NNG","1"
"도가/NNG","1"
"훅/MAG","1"
"나가버/UN","1"
"성장/NNG","2"
"거대/NNG","1"
"흥해/NNP","1"
"한눈/NNG","3"
"영상갯수/UN","1"
"현생/NNG","1"
"구성도/NNG","1"
"애정/NNG","1"
"간간히/MAG","1"
"순삭/NNG","3"
"연예인/NNG","1"
"비리/NNG","1"
"</SS","2"
"하여튼/MAG","2"
"무궁무진/NNG","1"
"섭섭/XR","1"
"이만/MAG","2"
"택츠/UN","1"
"탄탄/XR","1"
"초신성/NNG","1"
"그라/VV","1"
"라이더/NNG","1"
"드래건/NNG","1"
"맥스/NNP","1"
"각종/NNG","1"
"영화제/NNG","1"
"개최/NNG","1"
"후보작/NNG","1"
"수상작/NNG","1"
"어린이/NNG","2"
"어로/NNG","3"
"아카데미/NNG","3"
"아/XSN","3"
"V/OL","1"
"결과/NNG","3"
"이면서/NNG","1"
"최애하/VV","1"
"챔프/NNP","1"
"불일치/NNG","1"
"음향/NNG","2"
"여부/NNG","3"
"지장/NNG","1"
"감도/NNG","1"
"민감도/NNG","1"
"웨이브를/UN","1"
"앗/VV","2"
"어플같아/UN","1"
"타세/NNG","1"
"욥/UN","2"
"페이/UN","1"
"련지/UN","1"
"경/NNG","1"
"고문/NNG","1"
"일찍/MAG","1"
"지요/ECS","1"
"욱/UN","1"
"고리/NNG","1"
"K/OL","5"
"선두/NNG","2"
"주자/NNG","2"
"텝으로/UN","1"
"싸편/UN","1"
"이롭/VA","1"
"있어서/UN","1"
"클래식/NNG","2"
"거랑/NNG","2"
"정말/NNG","2"
"닉네임/NNG","1"
"값하/VV","1"
"물결/NNG","1"
"일으키/VV","1"
"석세션/NNG","1"
"부지기수/NNG","1"
"참으로/MAG","2"
"더좋을꺼같애/UN","1"
"노트/NNM","1"
"재생로딩/UN","1"
"실속/NNG","1"
"가입자/NNG","1"
"수도/NNG","1"
"직관/NNG","1"
"부서/NNG","1"
"올드/NNG","1"
"홍홍/MAG","1"
"왼쪽/NNG","1"
"위아래/NNG","1"
"중독/NNG","1"
"늪/NNG","1"
"요것/NNG","1"
"편리함/NNG","2"
"갓/MAG","1"
"데스크/NNG","1"
"쵝/UN","1"
"여깄/VA","1"
"레이아웃/NNG","1"
"활력소/NNG","1"
"업뎃되/UN","1"
"펜트하우스/NNP","4"
"정말로/MAG","2"
"향수/NNG","1"
"정주/NNG","1"
"행중/NNG","1"
"종결/NNG","1"
"좋와/UN","1"
"화원/NNG","1"
"끓/VV","1"
"개봉/NNG","3"
"전세계/NNG","1"
"휩쓸/VV","1"
"굳굳/UN","2"
"꼬맘쓰/UN","1"
"진실/NNG","1"
"드뎌/UN","1"
"ㅂ니다요/EFN","1"
"ㅂ시요/EFN","1"
"클립/NNG","1"
"매력/NNG","1"
"시국/NNG","3"
"어제/MAG","1"
"나와/VV","1"
"좋습/UN","1"
"스릴/NNG","1"
"애기/NNG","1"
"뽀로로/UN","1"
"없애놓/UN","1"
"플랜/NNG","1"
"다지만/ECE","1"
"빈약/NNG","1"
"많아서/UN","3"
"떠오르/VV","1"
"지속적/NNG","1"
"다른어플에/UN","1"
"웨이/UN","1"
"관/NNG","1"
"꼬/VV","1"
"미나리/NNG","1"
"액션/NNG","1"
"존윅/UN","1"
"저항/NNG","1"
"잠식/NNG","1"
"방대/XR","1"
"봣엇/UN","1"
"엊그제/NNG","1"
"팅긴다/UN","1"
"모습/NNG","2"
"때쯤/NNG","2"
"죻았여/UN","1"
"∇/SW","1"
"인정/NNG","1"
"왜인/NNG","1"
"불구/XR","1"
"깍두기/NNG","1"
"없애버리/UN","1"
"여부를/UN","1"
"되었/UN","1"
"칭찬/NNG","1"
"호/NNB","1"
"이동중/NNG","1"
"단언/NNG","1"
"살아남/VV","1"
"QR/OL","1"
"모조리/MAG","1"
"빼앗/VV","1"
"졸/NNG","1"
"쉐/VV","1"
"방안/NNG","1"
"누릏/VA","1"
"조라/NNG","1"
"온오프/NNG","1"
"반갑/VA","1"
"요소/NNG","1"
"무한도전봣다/UN","1"
"란/JX","2"
"체스/NNG","1"
"어느새/MAG","1"
"설거지/NNG","1"
"빨래/NNG","1"
"운동/NNG","1"
"어주/NNG","1"
"굳뜨/UN","1"
"주무기/NNG","1"
"메카/NNG","1"
"진출/NNG","1"
"애매/XR","1"
"빵빵/XR","3"
"히트/NNG","2"
"즐/MAG","2"
"감하/VV","1"
"중무장/NNG","1"
"가독성/NNG","2"
"SSAP/OL","1"
"양질/NNG","1"
"업데트/UN","1"
"규모/NNG","1"
"집구석/NNG","1"
"짜장/NNG","1"
"설/NNG","1"
"있거라구/UN","1"
"도/XSN","1"
"육아/NNG","1"
"한줄기/NNG","1"
"빛/NNG","1"
"이용성/NNG","1"
"큐/NNG","2"
"레이션/NNG","1"
"GOOD/OL","1"
"중소/NNG","1"
"브랜드/NNG","1"
"제품군/NNP","1"
"제죠/UN","2"
"지은이/NNG","1"
"언니/NNG","1"
"랬/UN","1"
"GREAT/OL","1"
"토리/NNG","1"
"PART/OL","1"
"땡기/VV","1"
"엉성/XR","1"
"모자이크/NNG","1"
"을지/ECS","2"
"자잘/XR","2"
"구색/NNG","1"
"갖추/VV","1"
"창구/NNG","1"
"속히/MAG","1"
"자리/NNG","2"
"줚으/UN","1"
"바램/NNG","1"
"네모나/VA","1"
"유럽/NNG","1"
"장만/NNG","1"
"쨍/MAG","1"
"찾아다니/VV","1"
"속이/NNG","1"
"시원/NNG","1"
"노멀/NNG","1"
"피플/NNG","1"
"자주이용해야겠어/UN","1"
"시어머니/NNG","1"
"신/XPN","1"
"기해/NNG","1"
"떠나/VV","3"
"식스센스/NNG","1"
"각/XSN","1"
"결정적/NNG","2"
"찌그러지/VV","1"
"바꾸기/NNG","1"
"그르/VA","1"
"생/XSN","1"
"쿠/VV","2"
"전생/NNG","1"
"차/NNB","1"
"대화면/NNP","1"
"핀치/NNG","1"
"한순간/NNG","1"
"행태/NNG","1"
"개탄/NNG","1"
"공/NR","2"
"지/NNM","2"
"거구/NNG","1"
"진정/NNG","1"
"모뎀/NNG","1"
"한심/XR","1"
"국/NNG","4"
"체하/VV","1"
"월말/NNG","1"
"밴/NNG","1"
"쉬/NNG","1"
"대단/MAG","1"
"쉴드/UN","1"
"파트/NNG","1"
"색계/NNG","1"
"비/VV","1"
"무사/NNG","1"
"베이/NNG","1"
"미성년/NNG","1"
"중대/NNG","1"
"이오/NNG","1"
"졋으/UN","1"
"어야지만/ECE","1"
"무적/NNG","1"
"갓/NNG","2"
"비추하/VV","1"
"오/VA","1"
"없고짜쯩나네/UN","1"
"여/JKI","1"
"다시/NNG","1"
"많어/UN","1"
"MNET/OL","1"
"빙과/NNG","2"
"요/XPN","1"
"얼르/VV","1"
"030/NR","1"
"려/UN","1"
"두/NNM","1"
"흐/MAG","1"
"■/SW","1"
"ML/OL","1"
"BL/OL","1"
"요/UN","1"
"저두/NNG","1"
"트래픽/NNG","1"
"공포/NNG","1"
"효과음/NNG","1"
"분통/NNG","1"
"터뜨리/VV","1"
"저쩌/VV","1"
"행위/NNG","1"
"끌어들이/VV","1"
"청하/NNG","1"
"뒤처지/VV","1"
"우울/NNG","1"
"영국사/NNG","1"
"기프트카드/UN","1"
"도장/NNG","1"
"깨/VV","1"
"종이/NNG","1"
"제안/NNG","1"
"가시/NNG","1"
"익숙/XR","1"
"해야겠지/UN","1"
"이제서야/MAG","1"
"똬/UN","1"
"그쪽/NP","1"
"관하/VV","1"
"열지/NNG","1"
"슬/VA","1"
"은행어플/UN","1"
"착각/NNG","1"
"이번업뎃/UN","1"
"접/VA","1"
"명분/NNG","1"
"끼우/VV","1"
"팔기/NNG","1"
"따로따로/MAG","2"
"워디/UN","1"
"간/VV","1"
"기만/NR","1"
"영하/NNG","1"
"불량/NNG","1"
"PEN/OL","1"
"꼬지/VA","1"
"잠깐나갔/UN","1"
"환/NNM","1"
"상기/NNG","1"
"열매/NNG","1"
"살인/NNG","1"
"해서/UN","1"
"조잡/NNG","1"
"매직/NNG","1"
"어지럽/VA","1"
"MP/OL","1"
"세컨드/NNG","1"
"나머지/NNG","3"
"포맷/NNG","1"
"5.3/NR","2"
"영화막/NNG","1"
"드로/NNG","1"
"달팽이/NNG","1"
"낳/VA","1"
"난지/NNG","1"
"디/EFQ","1"
"일수/NNG","1"
"분과/NNG","1"
"열락/NNG","1"
"끊껴/UN","1"
"어플안/UN","1"
"6000/NR","1"
"인트/UN","1"
"SKIP/OL","1"
"지게/NNG","1"
"PLEASE/OL","1"
"투자/NNG","1"
"말리/VV","1"
"노예/NNG","1"
"충성/NNG","1"
"로딩속도/UN","1"
"어줍짢/UN","1"
"옮길랍니/UN","1"
"남/VA","1"
"혜/UN","1"
"어플상/UN","1"
"007/NR","1"
"안쪽/NNG","1"
"화면비율/NNG","1"
"로딩걸려/UN","1"
"뮤즈/NNG","1"
"으냐/EFQ","1"
"신나/NNG","1"
"긴말/NNG","1"
"보고싶운부분/UN","1"
"세우/VV","2"
"거꾸/VV","1"
"차례/NNG","1"
"저가/NNG","1"
"이왕이면/MAG","1"
"제휴/NNG","2"
"촣/UN","1"
"퍼센트/NNG","1"
"속성/NNG","1"
"쌓/VV","1"
"프라임/NNG","5"
"탐/NNG","1"
"꽝/NNG","1"
"거르/VV","1"
"의외로/MAG","1"
"마블/NNG","2"
"쌈/NNG","1"
"비롯/XR","1"
"성범죄/NNG","1"
"전담반/NNG","1"
"영국/NNG","1"
"셜록/UN","1"
"블랙리스트/NNG","1"
"CIS/OL","1"
"랏/UN","1"
"이하/NNG","1"
"구별/NNG","1"
"좋겠/UN","1"
"드리고/NNG","1"
"멤버십/NNG","1"
"60/NR","2"
"빙글/MAG","1"
"뱅글/MAG","1"
"오/MDN","2"
"기능도/NNG","1"
"흐르/VV","2"
"쇠/NNG","1"
"간략/XR","1"
"지난번/NNG","2"
"백해/NNG","1"
"찍히/VV","1"
"뮌/UN","1"
"수용/NNG","1"
"월요일/NNG","1"
"전화기/NNG","1"
"스포츠/NNG","1"
"트레/UN","1"
"우려/NNG","1"
"볼일/NNG","1"
"안보이는지/UN","1"
"소장도/NNG","1"
"대연/NNG","1"
"대이/VV","1"
"남요/EFQ","1"
"짝/NNG","1"
"외각/NNG","1"
"여가/NNG","1"
"겸/NNG","1"
"를려/UN","1"
"조을/VV","1"
"아야지만/ECE","1"
"개지/NNG","1"
"수정되/UN","1"
"밀려오/VV","1"
"전쟁/NNG","1"
"아테나/NNG","1"
"의건/NNG","1"
"지면/NNG","1"
"되어가/VV","1"
"금도/NNG","1"
"ㄹ래/EFQ","1"
"큭/UN","1"
"안나오는/UN","1"
"계신/NNG","1"
"시커멓/VA","1"
"로딩상태/UN","1"
"SS/OL","2"
"잘/UN","1"
"삼시/NNG","1"
"세끼/NNG","1"
"1.75/NR","1"
"하라믄/UN","1"
"업뎃창/UN","1"
"요라/NNG","1"
"시지/NNG","1"
"꾀/VV","1"
"활/NNG","3"
"늣/UN","1"
"신문지/NNG","2"
"HH/OL","1"
"GRHMFXOGFPUB/OL","1"
"THE/OL","1"
"C/OL","1"
"PPF/OL","1"
"ZDOKLX/OL","1"
"CL/OL","1"
"일나/VV","1"
"방한/NNG","1"
"플로리/NNG","1"
"재다/NNP","1"
"은지/ECS","3"
"요일/NNG","1"
"정돈/NNG","1"
"젯/UN","2"
"기본도/NNG","1"
"지웟다깔아/UN","1"
"빌려주/VV","1"
"인간/NNG","1"
"부러/MAG","1"
"고치기/NNG","1"
"재설/NNG","1"
"붙만/UN","1"
"빨리/VV","1"
"거월/NNG","1"
"스트라이크/NNG","1"
"공초/NNG","1"
"초속/NNG","1"
"변형/NNG","1"
"자이로/NNG","1"
"막판/NNG","1"
"세/VV","1"
"이태원/NNG","1"
"클래스/NNG","1"
"CS/OL","1"
"아랫분들/UN","1"
"청취/NNG","1"
"빌미/NNG","1"
"개로/NNG","1"
"구닥다리/NNG","1"
"보려/UN","1"
"해오/NNG","1"
"2.9/NR","1"
"곰곰히/MAG","1"
"언능/MAG","1"
"작년/NNG","1"
"웹으로/UN","1"
"큰일나/VV","1"
"윈도우/NNG","1"
"들/VA","1"
"여러모/NNG","1"
"해선/NNG","1"
"마련/NNB","1"
"유무/NNG","2"
"없애주시/UN","1"
"픈/UN","1"
"원어/NNG","1"
"너머/NNG","1"
"머신/NNG","1"
"분발/NNG","1"
"시보기/NNG","1"
"분할/NNG","1"
"농장/NNG","1"
"무제/NNG","1"
"한인/NNG","1"
"외/NNG","1"
"몆/UN","2"
"스의/UN","1"
"수/MDT","1"
"기라/NNG","1"
"전생했더니/UN","1"
"4900/NR","1"
"3000/NR","2"
"제랑/NNG","1"
"70/NR","1"
"ㅂ쇼/EFN","1"
"연/NNG","1"
"개소문/NNG","1"
"계약상/NNG","1"
"구작/NNG","1"
"한하/VV","1"
"순차적/NNG","1"
"입수/NNG","1"
"확답/NNG","1"
"계열사/NNG","1"
"맺어/UN","1"
"수급/NNG","1"
"온통/MAG","1"
"동/NNG","1"
"국내외/NNG","1"
"직품/NNG","1"
"열일/NNG","1"
"구애/NNG","1"
"외출/NNG","1"
"정중앙/NNG","1"
"시간차/NNG","1"
"만기일/NNG","1"
"횡포/NNG","1"
"절반/NNG","1"
"가서하/VV","1"
"캐스팅/NNG","1"
"직/NNG","1"
"농아/NNG","1"
"일어/NNG","1"
"업계/NNG","1"
"주라/NNG","1"
"차자/NNG","1"
"옴/NNM","1"
"섭종만/UN","1"
"안일/NNG","1"
"BOOQ/OL","1"
"066/NR","1"
"그러나/MAC","1"
"헌데/NNG","1"
"근래/NNG","1"
"고로/MAG","1"
"을께요/EFN","1"
"물/XSN","1"
"접어/NNG","1"
"목구녕/UN","1"
"제하/VV","1"
"결방하/VV","1"
"내주/VV","1"
"로딩중이에/UN","1"
"검정색/NNG","1"
"심산/NNG","1"
"상도/NNG","1"
"긋/VV","1"
"랙/NNG","1"
"상상/NNG","1"
"방탄/NNG","1"
"거만/NNG","1"
"모아/NNP","1"
"끼리/XSN","1"
"다투/VV","1"
"거나/JX","1"
"충분히/MAG","1"
"불르/VV","1"
"윈도/NNG","1"
"우스/UN","1"
"불친절/NNG","1"
"필수적/NNG","1"
"해놨더/UN","1"
"어플이에/UN","1"
"체제/NNG","1"
"구비/NNG","1"
"미안/NNG","1"
"7.900/NR","2"
"니야/NNG","1"
"처박/VV","1"
"샊/UN","1"
"하/MAG","1"
"씨름/NNG","1"
"OTP/OL","1"
"레버리지/NNG","1"
"미리미리/MAG","1"
"시가/NNG","1"
"라든지/JX","1"
"제멋대로/MAG","1"
"계륵/NNG","1"
"매회/MAG","1"
"어처구니/NNG","1"
"캐느트/UN","1"
"형체/NNG","1"
"단말/NNG","1"
"사용권/NNG","2"
"ㄴ다만/ECE","1"
"안심/NNG","1"
"QLED/OL","1"
"인치/NNM","1"
"참/NNB","1"
"우선적/NNG","1"
"합병/NNG","1"
"주리/VV","1"
"줌/NNM","1"
"유포/NNG","1"
"제덕/NNG","1"
"살림/NNG","1"
"집사부/NNG","1"
"일체/NNG","1"
"각/NNG","1"
"특색/NNG","1"
"한곳/NNG","1"
"생도/NNG","1"
"취거/NNG","1"
"어플삭제/UN","1"
"개미/NNG","1"
"지옥/NNG","1"
"넌/NNB","1"
"이저까지/UN","1"
"부당/NNG","1"
"직장인/NNG","1"
"했어도/UN","1"
"10890/NR","1"
"취아뿐/UN","1"
"라마는/ECE","1"
"체고/NNG","1"
"달뜨강/UN","1"
"점수/NNG","1"
"다섯/NR","1"
"거든/ECD","1"
"속하/VV","1"
"공기/NNG","1"
"뚝딱/MAG","1"
"뻔하/VXA","1"
"확장/NNG","1"
"즐거워하/VV","1"
"제법/MAG","1"
"뒤쳐지/VV","1"
"코로나/NNG","1"
"자/NNB","1"
"하서/NNG","1"
"티/VV","1"
"아쉬워하/VV","1"
"제트/NNG","1"
"개이득/NNG","2"
"중구난방/NNG","1"
"본거/NNG","1"
"주/NNM","1"
"가동/NNG","1"
"게만/ECE","1"
"안뜰/NNG","1"
"전/MDT","1"
"혀/NNG","1"
"빨/VA","1"
"13/NR","4"
"비우/VV","1"
"금하/VV","1"
"뒤지/NNG","1"
"분만/NNG","1"
"물어보니/UN","1"
"돠죠/UN","1"
"밴트/UN","1"
"안돤다니/UN","1"
"13900/NR","1"
"낚이/VV","1"
"내노/VV","1"
"자글자글/MAG","1"
"선정/NNG","1"
"통으로/MAG","1"
"다반사/NNG","1"
"동접/NNG","1"
"건도/NNG","1"
"GX/OL","1"
"당시/NNG","1"
"발급/NNG","1"
"아가/NNG","1"
"입시/NNG","1"
"APK/OL","1"
