"진짜/NNG","46"
"자막/NNG","534"
"뒤/NNG","83"
"검정색/NNG","96"
"화/XSN","28"
"이/VCP","1320"
"면/ECE","599"
"없애/VV","51"
"줘요/UN","1"
"정말/MAG","98"
"너무/MAG","397"
"불편/NNG","197"
"하/XSV","2148"
"어요/EFN","884"
"이것/NP","99"
"이/JKS","1834"
"뭔/MDT","40"
"가요/NNG","44"
"하나같이/MAG","1"
"다/MAG","302"
"업데이트/NNG","285"
"하/VV","1445"
"이상/NNG","58"
"짘/UN","1"
"짜/VV","7"
"아/ECS","288"
"./SF","5410"
"갤럭시폴드/NNG","9"
"4/NR","93"
"에서/JKM","469"
"한국/NNG","54"
"드라마/NNG","182"
"한글/NNG","25"
"끄/VV","58"
"기/ETN","231"
"없/VA","701"
"어서/ECD","531"
"강제/NNG","7"
"로/JKM","536"
"보/VV","1433"
"아야/ECD","44"
"되/VV","1240"
"ㅁ/ETN","326"
"참/MAG","25"
"좋/VA","814"
"아요/EFN","413"
"모든/NNP","6"
"게/NNG","8"
"잘/MAG","298"
"고/ECE","1916"
"노트/NNG","40"
"7/NR","35"
"FE/OL","5"
"았/EPT","298"
"는데/ECD","945"
"갑자기/MAG","169"
"오늘/NNG","51"
"기기/NNG","48"
"에/JKM","918"
"호환/NNG","3"
"되/XSV","280"
"지/ECD","441"
"안/MAG","1797"
"습니다/EFN","480"
"라고/JKQ","13"
"문구/NNG","5"
"가/JKS","913"
"뜨/VV","304"
"면서/ECE","69"
"아무것/NNG","9"
"도/JX","1022"
"네요/EFN","741"
"저/NP","170"
"의/JKG","229"
"거하/VV","3"
"었/EPT","940"
"다가/ECD","155"
"재/XPN","72"
"설치/NNG","88"
"려고/ECD","111"
"하/VX","18"
"니/ECD","109"
"방법/NNG","49"
"는/ETD","1235"
"것/NNB","1031"
"ㄴ가요/EFQ","107"
"?/SF","950"
"진짜/MAG","114"
"언제/MAG","49"
"고치/VV","140"
"냐/EFQ","95"
"아직/MAG","33"
"배경/NNG","163"
"검/VA","144"
"은/ETD","454"
"화면/NNG","416"
"바꾸/VV","117"
"ㄹ/ETD","901"
"꺼/NNG","15"
"임/NNG","60"
"최악/NNG","18"
"어느새/MAG","1"
"인가/NNG","2"
"부터/JX","143"
"시청/NNG","130"
"시/NNG","53"
"처음/NNG","34"
"재생/NNG","184"
"내가/NNG","33"
"어디/NP","24"
"까지/JX","113"
"더라/EFN","6"
"바르/VV","1"
"또/MAG","57"
"움직이/VV","4"
"어야/ECD","161"
"모델/NNG","5"
"명/NNG","2"
"갤럭시/NNG","99"
"10/NR","59"
"북/NNG","3"
"플렉스/NNG","16"
"전혀/MAG","12"
"얘기/NNG","7"
"이렇게/MAG","24"
"많/VA","205"
"은데/ECD","222"
"생각/NNG","59"
"을/JKO","708"
"네/EFN","154"
"때문/NNB","52"
"별/NNG","58"
"하나/NR","52"
"빨리/MAG","116"
"해결/NNG","105"
"부탁/NNG","109"
"디자인/NNG","1"
"돌리/VV","9"
"어/ECS","1390"
"내/NP","44"
"얘/UN","2"
"으니까/ECD","11"
"최신/NNG","29"
"버전/NNG","24"
"삭제/NNG","118"
"월말/NNG","1"
"이전/NNG","12"
"구/NNG","16"
"다운/NNG","41"
"받/VV","76"
"아서/ECD","136"
"세요/EFN","604"
"멀쩡/XR","8"
"하/XSA","148"
"게/ECD","598"
"나오/VV","456"
"ㅂ니다/EFN","717"
"은데요/ECD","5"
"제가/NNG","47"
"넷플릭스/NNG","664"
"를/JKO","430"
"들어가/VV","111"
"접속/NNG","212"
"수/NNB","380"
"없다/VA","21"
"시도/NNG","13"
"누르/VV","76"
"아도/ECD","105"
"자꾸/MAG","98"
"요/EFN","70"
"와이파이/NNG","22"
"빵빵/MAG","2"
"무엇/NNG","38"
"지요/ECD","16"
"설정/NNG","172"
"계속/NNG","100"
"홈/NNG","9"
"으로/JKM","407"
"가/VV","96"
"프로/NNG","20"
"필/NNG","8"
"계속/MAG","131"
"저절로/MAG","2"
"앱/NNG","504"
"밖/NNG","17"
"좀/MAG","424"
"수정/NNG","60"
"주/VXV","771"
"가입/NNG","128"
"어렵/VA","19"
"수리/NNG","1"
"남/NNG","16"
"스마트/NNP","24"
"스마트폰/NNG","348"
"땡기/VV","1"
"로그인/NNG","162"
"때/NNG","198"
"어떤/MDT","16"
"카드/NNG","61"
"쓰/VV","153"
"겠/EPT","346"
"습니까/EFQ","7"
"구글/NNG","21"
"기/XSN","2"
"프트/UN","1"
"라고/JX","46"
"적/VV","14"
"어/ECD","546"
"시/EPH","268"
"기프트/NNG","6"
"결재/NNG","19"
"추가/NNG","97"
"네이버/NNG","7"
"이랑/JC","34"
"페이스/NNG","1"
"트위터/NNG","1"
"공짜로/NNG","2"
"일부/NNG","8"
"회당/NNG","1"
"영상/NNG","253"
"꺼지/VV","33"
"있/VXV","411"
"거나/ECE","38"
"지/ECS","32"
"를/JX","33"
"심지어/MAG","12"
"대화/NNG","2"
"중/NNB","94"
"영어/NNG","49"
"제공/NNG","8"
"왜/MAG","506"
"그렇/VA","78"
"ㄴ지/ECD","73"
"이유/NNG","40"
"알리/VV","9"
"그리고/MAG","59"
"일본/NNG","8"
"애니메이션/NNG","157"
"음성/NNG","10"
"ㄴ/ETD","1263"
"죠/EFN","195"
"아니/IC","127"
"도대체/MAG","30"
"넣/VV","85"
"줌/NNG","9"
"메/NNG","5"
"못/MAG","111"
"재미/NNG","183"
"있/VV","877"
"더/EPT","173"
"사라지/VV","82"
"어/VV","35"
"베/VV","4"
"지/VXV","162"
"스/VV","61"
"나/ECE","26"
"스타워즈/NNG","1"
"열/VV","64"
"제/XPN","26"
"발/NNG","28"
"제발/MAG","125"
"몇/MDT","123"
"달/NNG","64"
"째이/VV","2"
"！/SW","1"
"시꺼멓/VA","1"
"짜증나/VV","44"
"짓/NNG","8"
"다하/VV","6"
"다/ECS","188"
"남기/VV","16"
"돈/NNG","258"
"아깝/VV","2"
"이젠/NNP","9"
"빠이빠/UN","1"
"이/NNG","27"
"한/MDN","62"
"개/NNM","68"
"알/VV","93"
"줄/NNB","24"
"으면/ECD","221"
"1/NR","161"
"시리즈/NNG","66"
"장르/NNG","15"
"선택/NNG","45"
"세부/NNG","2"
"음/ETN","216"
"2/NR","200"
"듣/VV","179"
"갈/VV","33"
"ㄴ다고/ECE","30"
"한들/MAG","1"
"찾/VV","59"
"으라/EFO","4"
"고/JKQ","18"
"ㄴ지/ECS","66"
"아/NNG","8"
"님/XSN","22"
"그냥/MAG","71"
"대로/NNB","4"
"보라/NNG","3"
"모르/VV","84"
"3/NR","164"
"다르/VV","28"
"어플들/UN","1"
"은/JX","374"
"세부적/NNG","3"
"추천/NNG","28"
"편하/VA","32"
"ㄴ데/ECE","185"
"건/ECE","26"
"무슨/MDT","41"
"말/NNG","54"
"인질/NNG","1"
"모/NNG","6"
"른/UN","1"
"솔직히/MAG","11"
"개발자/NNG","9"
"는/JX","576"
"본인/NNG","6"
"많들/UN","1"
"놓/VXV","44"
"이/MDT","79"
"관심/NNG","4"
"같/VA","277"
"이/JKC","69"
"아니/VCN","85"
"라/ECD","99"
"사용자/NNG","30"
"맞/VV","42"
"요망/NNG","2"
"듯/NNB","40"
"오프라인/NNG","2"
"저장/NNG","45"
"만/JX","495"
"경우/NNG","43"
"연결/NNG","54"
"있음/NNG","41"
"다음/NNG","43"
"화로/NNG","2"
"넘기/VV","12"
"버튼/NNG","44"
"나가/VV","23"
"서/ECD","49"
"회/NNG","14"
"차/NNG","17"
"보기/NNG","41"
"화/NNG","22"
"안드로이드/NNG","38"
"이번/NNG","22"
"론/XSN","2"
"데/MAG","4"
"바탕/NNG","11"
"거지/NNG","16"
"거슬리/VV","22"
"심심/XR","10"
"시간/NNG","58"
"좋/VV","44"
"거/NNB","409"
"는/JKS","41"
"한데/NNG","15"
"볼만/NNG","21"
"영화/NNG","384"
"나/JC","68"
"만화/NNG","33"
"그런/MDT","12"
"팝업/NNG","20"
"현상/NNG","21"
"자주/MAG","24"
"일어나/VV","7"
"확률/NNG","2"
"적/XSN","7"
"90/NR","1"
"나/VV","64"
"비싸/VA","38"
"비용/NNG","7"
"지불/NNG","3"
"구독/NNG","18"
"ㄹ지/ECD","34"
"의문/NNG","1"
"있었/VV","6"
"유/NNG","11"
"들어오/VV","31"
"램/NNG","1"
"덩크/UN","1"
"감사/NNG","54"
"고맙/VA","1"
"화이팅/IC","3"
"화질/NNG","245"
"왠/MDT","2"
"만하/VV","1"
"녹화/NNG","1"
"캡/NNG","4"
"치/VV","39"
"못하/VX","83"
"조/VV","4"
"상/NNG","4"
"우측/NNG","1"
"볼륨/NNG","5"
"키/NNG","6"
"달라/VV","7"
"좌측/NNG","1"
"밝기/NNG","52"
"다/EFN","116"
"만들/VV","116"
"수준/NNG","4"
"그리하/VV","43"
"여/ECD","6"
"좌/NNG","2"
"우/NNG","10"
"밀/VV","3"
"감기/NNG","4"
"와/JKM","23"
"되감/VV","1"
"라/NNG","51"
"리뷰/NNG","40"
"공간/NNG","6"
"모두/MAG","6"
"탈퇴/NNG","16"
"ㄴ다/EFN","28"
"적/VA","23"
"포켓몬스터/NNP","14"
"을/ETD","138"
"어떻/VA","77"
"분명히/MAG","3"
"배/NNG","17"
"경색/NNG","4"
"지우/VV","93"
"다시/MAG","253"
"깔/VV","146"
"로그/NNG","30"
"아웃/NNG","21"
"반복/NNG","25"
"자체/NNG","41"
"별/XSN","5"
"어도/ECD","214"
"가리/VV","30"
"으니/ECD","18"
"계정/NNG","64"
"튕기/VV","37"
"려는/ETD","25"
"데/NNB","90"
"걸/VV","18"
"장난/NNG","22"
"자고/ECD","23"
"ㅂ니까/EFQ","77"
"운영자/NNG","2"
"하우스/NNG","1"
"오브/NNG","2"
"드래곤/NNG","5"
"오르/VV","155"
"드리/VV","84"
"걍/MAG","7"
"사용/NNG","151"
"어제/NNG","29"
"ㄴ/JX","6"
"자마자/ECE","9"
"ㄹ까요/EFQ","38"
"후/NNG","101"
"생기/VV","91"
"마/VV","18"
"이틀/NNG","8"
"째/XSN","63"
"이상한/NNG","1"
"바/NNG","18"
"새기/VV","1"
"이렇/VV","6"
"결제/NNG","239"
"이미/MAG","17"
"및/MAG","14"
"멤버쉽/NNG","14"
"진행/NNG","10"
"완료/NNG","11"
"라면서/ECE","3"
"이용/NNG","66"
"못하/VA","13"
"조치/NNG","26"
"한국말/NNG","2"
"고/XSN","5"
"개뿔/NNG","1"
"내/VV","91"
"ㄴ데/ECD","34"
"끊기/VV","52"
"지금/NNG","69"
"지하/NNG","1"
"라는/ETD","86"
"소/NNG","13"
"리죠/UN","2"
"챗봇/NNG","1"
"상담/NNG","13"
"괜찮/VA","33"
"이후/NNG","62"
"오류/NNG","195"
"발생/NNG","21"
"8.39/NR","1"
"크래시/NNG","2"
"나/NP","117"
"서/JKM","78"
"그/NP","2"
"시즌/NNG","109"
"올라가/VV","8"
"전/MDT","5"
"그것/NP","21"
"요/JX","174"
"아/VV","71"
"그리/VV","23"
"오소마츠상/NNP","3"
"기/NNM","79"
"살리/VV","8"
"싶/VXA","173"
"키/VV","67"
"로고/NNG","57"
"언제쯤/NNG","2"
"려나/EFQ","1"
"실행/NNG","150"
"자동/NNG","47"
"종료/NNG","19"
"빠르/VA","64"
"확인/NNG","50"
"필요/NNG","21"
"사용시/NNG","2"
"칸/NNG","4"
"업그레이드/NNG","5"
"옆/NNG","5"
"그레이드/NNG","3"
"아니/VV","95"
"가/JKC","54"
"어/EFN","12"
"일본어/NNG","11"
"자라/NNG","2"
"은/JKS","43"
"어쩌/VV","47"
"그/MDT","68"
"부분/NNG","48"
"최소화/NNG","2"
"시인/NNG","1"
"성/XSN","4"
"떨어지/VV","21"
"크기/NNG","19"
"조절/NNG","44"
"ㄴ가/ECS","43"
"12/NR","13"
"년/NNM","26"
"전/NNG","107"
"최초/NNG","2"
"동영상/NNG","11"
"리/NNG","17"
"케이/NNG","1"
"션/UN","1"
"정도/NNG","33"
"야/EFN","6"
"콘텐츠/NNG","56"
"사/VV","20"
"아서요/ECD","3"
"작년/NNG","3"
"올해/NNG","2"
"초심/NNG","6"
"잃/VV","10"
"가/VXV","2"
"일루/NNG","1"
"미/XPN","2"
"네이션/NNG","1"
"애니는/UN","1"
"커녕/JX","4"
"비의/NNG","1"
"엄지/NNG","1"
"공주/NNG","1"
"땋/VV","8"
"새롭/VA","8"
"컨텐츠/NNG","87"
"기대/NNG","6"
"가지/VV","15"
"말/VV","29"
"아/ECD","136"
"진입/NNG","2"
"티비/NNG","48"
"열/NR","1"
"번/NNB","42"
"넘/VV","118"
"버퍼링/NNG","33"
"심하/VA","27"
"혹시/MAG","18"
"시/VV","9"
"일/NNG","74"
"버그/NNG","21"
"다고/EFN","60"
"안내문/NNG","1"
"하루/NNG","23"
"종일/NNG","7"
"정작/NNG","2"
"새/NNG","21"
"롭/XSA","19"
"어떡/NNG","3"
"란/ETD","12"
"뭐/NP","96"
"야/JX","30"
"건/NNM","49"
"ㄴ가/EFQ","32"
"일단/MAG","14"
"보유/NNG","3"
"관리/NNG","20"
"라도/JX","11"
"분명/MAG","7"
"들/XSN","246"
"소리/NNG","54"
"소문/NNG","3"
"없이/MAG","46"
"듣보잡/NNG","2"
"들/NNM","24"
"만/NNB","13"
"늘어나/VV","3"
"19/NR","20"
"세/NNM","23"
"성인/NNG","31"
"인증/NNG","44"
"모자이크/NNG","36"
"가림/NNG","2"
"내용/NNG","16"
"잘림/NNG","1"
"이런/MDT","58"
"무/XPN","1"
"상식적/NNG","2"
"볼/NNG","15"
"따/VV","7"
"구/ECE","28"
"까지/VV","1"
"피/NNG","9"
"흐르/VV","2"
"까/VV","59"
"버리/VXV","32"
"집중/NNG","17"
"스트리밍/NNG","9"
"해지/NNG","63"
"검열/NNG","15"
"서비스/NNG","34"
"덕분/NNG","7"
"감/NNG","12"
"상굳/UN","1"
"45/NR","1"
"회/NNM","2"
"5/NR","59"
"박/NNM","1"
"6/NR","19"
"일/NNM","37"
"비추/NNG","3"
"건/NNG","19"
"제외/NNG","5"
"LG/OL","9"
"V/OL","4"
"50/NR","3"
"S/OL","45"
"SD/OL","18"
"컴퓨터/NNG","27"
"끝내주/VV","1"
"요금/NNG","52"
"제도/NNG","3"
"제일/NNG","8"
"제/XSN","13"
"누/VV","3"
"아이디어/NNG","5"
"구리/VA","20"
"원상/NNG","4"
"복구/NNG","11"
"시키/VV","15"
"여도/ECD","27"
"타/NNM","14"
"플랫폼/NNG","21"
"보다/JKM","42"
"간편/XR","2"
"시작/NNG","55"
"마다/JX","51"
"한국어/NNG","45"
"짐/NNG","23"
"상태/NNG","15"
"언어/NNG","19"
"완전히/MAG","4"
"빼주/VV","3"
"마시/VV","9"
"뮤로/UN","1"
"오히려/MAG","3"
"방해/NNG","10"
"죠/VA","7"
"ㄹ게/EFN","9"
"무료/NNG","27"
"무한/NNG","31"
"즐/MAG","2"
"김/NNG","9"
"굿/NNG","28"
"모스트데인저러스게임/NNP","1"
"2020/NR","1"
"인기/NNG","13"
"별로/MAG","37"
"아쉽/VA","73"
"진격/NNG","17"
"거인/NNG","12"
"뭐하/VV","26"
"I/OL","8"
"DON/OL","2"
"T/OL","5"
"KNOW/OL","2"
"WHAT/OL","1"
"TO/OL","7"
"DO/OL","1"
"PLEASE/OL","6"
"GIVE/OL","1"
"ME/OL","1"
"THE/OL","10"
"SUBTITLES/OL","1"
"BACKGROUND/OL","1"
"YOU/OL","3"
"MAY/OL","1"
"NOT/OL","2"
"KOREAN/OL","1"
"SO/OL","1"
"LL/OL","2"
"LEAVE/OL","1"
"IT/OL","4"
"IN/OL","1"
"ENGLISH/OL","1"
"개월/NNM","5"
"지나/VV","17"
"는데요/ECD","33"
"누군가/NP","2"
"이메일/NNG","25"
"과/JKM","25"
"번호/NNG","39"
"변경/NNG","63"
"9/NR","21"
"500/NR","2"
"원/NNM","20"
"해외/NNG","6"
"거주/NNG","1"
"상황/NNG","19"
"고객/NNG","43"
"센터/NNG","34"
"연락/NNG","6"
"쉽/VA","17"
"정보/NNG","20"
"남/VV","38"
"다는/ETD","37"
"당황/NNG","3"
"스럽/XSA","11"
"전부/MAG","9"
"요청/NNG","6"
"나중/NNG","13"
"멈추/VV","59"
"엉뚱/XR","2"
"최근/NNG","17"
"많이/MAG","114"
"그러/VV","94"
"광고/NNG","14"
"으니깐/ECD","3"
"은데요/EFN","9"
"느/VV","12"
"무/NNG","5"
"염/NNG","2"
"여/NNG","50"
"영원/NNG","2"
"제작/NNG","7"
"규정/NNG","1"
"이나/JC","20"
"의무/NNG","1"
"스토리/NNG","6"
"어색/XR","1"
"불필요/NNG","1"
"동성애/NNG","1"
"쑤셔넣/VV","1"
"역겹/VA","5"
"오프닝/NNG","9"
"건너뛰/VV","13"
"옵션/NNG","12"
"어라/EFO","5"
"청각/NNG","7"
"장애인/NNG","5"
"용/XSN","14"
"한국인/NNG","3"
"잖아요/EFN","17"
"가지/VXV","107"
"디바이스/NNG","45"
"여/NR","13"
"NUMBERBLOCKS/OL","1"
"미국/NNG","13"
"프로그램/NNG","31"
"넘/MAG","25"
"버블/NNG","1"
"럭스/NNG","1"
"우리/NP","22"
"지원/NNG","37"
"안해/NNG","6"
"일일이/MAG","6"
"눈/NNG","13"
"아프/VA","10"
"이래/NNG","9"
"검은배경없애/VV","1"
"식/NNB","17"
"뀡/UN","1"
"줄/NNG","11"
"터/NNB","21"
"법대/NNG","1"
"사랑/NNG","11"
"나루/NNG","1"
"투/NNG","3"
"보루/NNG","2"
"토/NNG","4"
"와/JC","20"
"블랙클로버/NNP","10"
"합작/NNG","1"
"얼마나/MAG","8"
"을까/EFQ","5"
"안하/NNG","4"
"닫/VV","7"
"기묘/XR","2"
"이야기/NNG","12"
"땜/NNB","7"
"있슴/UN","1"
"스띵/UN","1"
"내달/VV","1"
"ㄹ라/ECD","21"
"영원히/MAG","2"
"끝나/VV","17"
"각/NNG","2"
"빼/VV","28"
"엉덩이/NNG","2"
"노래/VV","1"
"오/VV","56"
"가사/NNG","2"
"안적/MAG","1"
"늘/VV","32"
"젓/NNG","1"
"같이/JKM","6"
"담당자/NNG","1"
"똥/NNG","4"
"싸/VV","5"
"찜/NNG","30"
"새로/MAG","22"
"기존/NNG","17"
"한산/NNG","1"
"기/VV","8"
"맨날/MAG","13"
"메뉴/NNG","6"
"사양/NNG","7"
"수시로/MAG","2"
"나요/EFQ","208"
"매번/MAG","10"
"제거/NNG","17"
"했가/UN","1"
"사/NNG","12"
"재설/NNG","20"
"번거/XR","1"
"볼거리/NNG","6"
"핫/NNG","4"
"고/ECS","3"
"괜히/MAG","4"
"못쓰/VV","2"
"최대한/MAG","2"
"개선/NNG","64"
"테두리/NNG","16"
"주시던가/UN","1"
"내내/MAG","4"
"신경/NNG","14"
"쓰이/VV","8"
"제대/NNG","21"
"중간/NNG","32"
"꺼/VV","6"
"다반사/NNG","2"
"꼬라지/NNG","2"
"께/JKM","8"
"지만/ECE","87"
"먹통/NNG","11"
"다른/MDT","136"
"분/NNB","18"
"도/NNG","26"
"말하/VV","7"
"듯이/ECD","2"
"위/NNG","11"
"그림/NNG","4"
"ㅁ니다/EFN","6"
"이점/NNG","2"
"분/NNG","34"
"보고/NNG","19"
"후회/NNG","2"
"적어도/MAG","5"
"주실/NNG","2"
"순/NNG","2"
"는지요/EFQ","2"
"가격/NNG","72"
"인상/NNG","22"
"대비/NNG","4"
"부족/NNG","15"
"다양/NNG","47"
"지역/NNG","7"
"따르/VV","10"
"제한/NNG","11"
"답답/XR","30"
"점/NNM","26"
"생일/NNG","4"
"등록/NNG","14"
"개/NNG","50"
"빡/NNG","21"
"20/NR","48"
"살/NNM","2"
"연말/NNG","1"
"사람/NNG","78"
"기다리/VV","27"
"함/NNG","16"
"융통성/NNG","1"
"발휘/NNG","1"
"월/NNM","37"
"든/ECE","14"
"쳐주/VV","6"
"저번/NNG","8"
"길래/ECD","12"
"더/MAG","138"
"블루투스/NNG","1"
"키보드/NNG","1"
"TV/OL","47"
"검색/NNG","46"
"문제/NNG","123"
"자음/NNG","2"
"인식/NNG","3"
"모음/NNG","1"
"결하/VV","6"
"쓰레기/NNG","25"
"지만/XR","1"
"점/NNG","39"
"마음/NNG","17"
"드/VV","22"
"더하/VV","2"
"외국/NNG","18"
"파/NNG","4"
"친/XPN","1"
"코/NNG","22"
"증/NNG","7"
"요/NNG","23"
"장면/NNG","23"
"전체적/NNG","7"
"원래/NNG","26"
"낮추/VV","4"
"낮/VA","14"
"혼자/MAG","1"
"돈만/NNG","7"
"쳐올리/VV","1"
"아깝/VA","40"
"단/ETD","3"
"점점/MAG","16"
"들/VV","28"
"최고/NNG","40"
"년/NNG","3"
"바끼/VV","6"
"근데/MAG","58"
"베트남/NNG","3"
"같이/MAG","21"
"어이/NNG","18"
"없/VV","11"
"손해/NNG","3"
"이딴/MDT","5"
"속도/NNG","17"
"라고요/EFN","11"
"쿠팡/NNP","3"
"유튜브/NNG","26"
"제어/NNG","6"
"가능/NNG","62"
"던데/ECD","24"
"처럼/JKM","52"
"ㄹ라고/EFQ","11"
"편/NNB","7"
"나요/ECE","14"
"한두/MDN","9"
"주나/UN","1"
"겁/NNG","12"
"구매/NNG","13"
"모드/NNG","29"
"ㄴ다/ECS","34"
"길래/MAG","2"
"시키/XSV","15"
"극/NNG","7"
"혀/XSV","4"
"번역/NNG","31"
"전문/NNG","1"
"번역가/NNG","2"
"플랙스/UN","1"
"더니/ECD","39"
"내/MAG","1"
"만하/VXA","6"
"매/NNG","5"
"때우/VV","2"
"해킹/NNG","13"
"당하/XSV","8"
"마음대로/MAG","5"
"침/NNG","9"
"최선/NNG","2"
"ㄴ가요/ECS","5"
"내/NNG","15"
"한번/NNG","30"
"몰아보기/NNG","1"
"G/OL","8"
"불가능/NNG","13"
"지/NNB","6"
"전원/NNG","7"
"똑같/VA","32"
"이러/VV","87"
"는지/ECS","81"
"알려주/VV","9"
"ㅂ시오/EFN","4"
"이중/NNG","8"
"어렵/VV","2"
"이용자/NNG","11"
"수도/NNG","1"
"에요/EFN","29"
"애청자/NNG","2"
"어느/MDT","22"
"순간/NNG","12"
"마지막/NNG","10"
"화일/NNG","1"
"엔딩/NNG","8"
"크레딧/NNP","6"
"자르/VV","7"
"편의성/NNG","4"
"위하/VV","15"
"과정/NNG","4"
"사진/NNG","5"
"정리/NNG","7"
"설마/MAG","1"
"이나/JX","24"
"재생해/UN","1"
"제작자/NNG","9"
"대하/VV","9"
"예의/NNG","1"
"스킵/NNG","2"
"어야/ECS","6"
"음/IC","12"
"대기업/NNG","2"
"축/NNG","1"
"기업/NNG","6"
"잘못/MAG","6"
"휴대/NNG","1"
"전화/NNG","17"
"비밀/NNG","22"
"까먹/VV","4"
"어/NNG","7"
"날림/NNG","1"
"한/NNG","8"
"비번/NNG","16"
"웃기/VV","5"
"여기/MAG","1"
"눌리/VV","4"
"뜸/NNG","11"
"벌레/NNG","1"
"자료/NNG","1"
"보/NNG","3"
"고프/VA","1"
"막상/MAG","6"
"극락/NNG","1"
"노원구/NNP","1"
"남자/NNG","1"
"던지/ECD","12"
"최적화/NNG","2"
"15/NR","9"
"약간/NNG","4"
"노출/NNG","5"
"통으로/MAG","1"
"편집/NNG","7"
"개연성/NNG","1"
"무너지/VV","1"
"조차/JX","8"
"이정/NNG","2"
"니/NP","11"
"잼/NNG","25"
"오리지널/NNG","14"
"쏟아붓/VV","1"
"말/VXV","25"
"올리/MAG","2"
"셈/NNG","8"
"조금/NNG","16"
"자극적/NNG","2"
"애초/NNG","4"
"키즈/NNG","6"
"애꿎/VA","2"
"퀄/UN","2"
"떨어뜨리/VV","1"
"이해/NNG","21"
"안감/NNG","1"
"앞/NNG","17"
"평생/NNG","2"
"매우/MAG","18"
"정/MDT","3"
"하고/JC","5"
"수두룩/XR","2"
"테스트/NNG","3"
"해/NNG","47"
"넹/UN","2"
"5.8/NR","2"
"나/JX","36"
"개봉/NNG","4"
"정확/NNG","3"
"어야지/EFN","20"
"8/NR","16"
"18/NR","5"
"덜/VV","16"
"22/NR","4"
"이거/NP","86"
"건만/ECE","1"
"이건/NNP","2"
"명백/XR","1"
"사기/NNG","2"
"목록/NNG","33"
"기능/NNG","90"
"잦/VA","3"
"아무리/MAG","10"
"체크/NNG","6"
"해제/NNG","28"
"지질/NNG","3"
"닉네임/NNG","13"
"또한/MAG","4"
"어려움/NNG","2"
"정하/VV","5"
"평소/NNG","2"
"애용/NNG","4"
"개수/NNG","2"
"강제적/NNG","3"
"렷다/EFN","1"
"진/NNG","8"
"했으묜/UN","1"
"힘들/VA","26"
"잘못/NNG","7"
"교모/NNG","1"
"속이/VV","1"
"너희/NP","2"
"멍청/XR","2"
"공지/NNG","9"
"해하/VV","1"
"해면/NNG","1"
"끝/NNG","23"
"엄청/MAG","22"
"저런/MDT","1"
"거꾸로/MAG","1"
"한가지/NNG","4"
"바램/NNG","1"
"라면/ECD","16"
"태국/NNG","7"
"바로/MAG","31"
"먼저/MAG","3"
"동백꽃/NNG","1"
"무렵/NNB","2"
"킹/NNG","9"
"덤/NNG","3"
"미래/NNG","2"
"세계/NNG","4"
"SF/OL","1"
"카테고리/NNG","18"
"왓/UN","2"
"허/VA","1"
"조금/MAG","26"
"가끔/MAG","30"
"회/NNB","7"
"면/NNG","11"
"최강/NNG","1"
"빨갛/VA","9"
"채워지/VV","2"
"고침/NNG","2"
"원활/NNG","2"
"이/NR","16"
"점/NNB","1"
"바라/VV","38"
"빈번히/MAG","1"
"중인/NNG","17"
"두/MDN","20"
"거나/JX","6"
"작품/NNG","46"
"혹은/MAG","4"
"찌/VV","4"
"어떠/VV","2"
"뷰/NNG","11"
"설하/VV","1"
"불가/NNG","14"
"전용/NNG","4"
"내리/VV","10"
"주셈/UN","1"
"회원/NNG","30"
"글씨/NNG","15"
"암/NNG","3"
"작동/NNG","16"
"해보/VV","35"
"마찬가지/NNG","9"
"싫/VA","20"
"OTT/OL","22"
"어떡하/VV","6"
"울/NNG","1"
"트/VV","9"
"강/NNG","2"
"연금/NNG","1"
"언젠가/MAG","4"
"시청자/NNG","10"
"선택권/NNG","1"
"낫/VA","13"
"그래서/MAC","12"
"깎이/VV","1"
"소액/NNG","2"
"창/NNG","49"
"ㄴ다면/ECE","22"
"든/JX","8"
"여운/NNG","5"
"즐기/VV","24"
"냅두/VV","3"
"딱/MAG","12"
"외국어/NNG","5"
"어떻게/MAG","26"
"하나/NNG","23"
"기준/NNG","6"
"보조/NNG","1"
"스타일/NNG","5"
"직접/MAG","3"
"투명도/NNG","1"
"적절히/MAG","1"
"멀/VV","1"
"정상적/NNG","7"
"사고/NNG","1"
"지식인/NNG","1"
"머리/NNG","3"
"빵꾸/NNG","1"
"뚫리/VV","1"
"나/EFQ","44"
"씩/MAG","9"
"씩/XSN","21"
"빠지/VV","16"
"띄어쓰기/NNG","1"
"등/NNB","36"
"소한/NNG","1"
"방향/NNG","2"
"가로/NNG","8"
"고정/NNG","6"
"옮기/VV","7"
"해당/NNG","8"
"에피소드/NNG","6"
"설명/NNG","13"
"사소/NNG","1"
"탑/NNG","4"
"따로/MAG","14"
"제/NNG","14"
"일지/NNG","1"
"새/VA","1"
"편/NNG","16"
"PC/OL","19"
"와/VV","4"
"차이/NNG","3"
"확실히/MAG","2"
"낳/VV","18"
"부실/NNG","1"
"액션/NNG","1"
"좀더/MAG","8"
"많으/UN","1"
"리/NNB","5"
"니/VV","10"
"어떴까/UN","1"
"폰트/NNG","2"
"랑/JC","49"
"대로/JX","25"
"돌려주/VV","15"
"무엇/NP","15"
"아랍어/NNG","6"
"라도/NNP","5"
"개인/NNG","7"
"새롭/VV","2"
"날짜/NNG","7"
"맞추/VV","6"
"몰입/NNG","19"
"도가/NNG","1"
"분산/NNG","2"
"약간/MAG","2"
"고민/NNG","8"
"어휴/IC","12"
"달/VV","6"
"중/NNG","12"
"제일/MAG","9"
"오래/MAG","11"
"쪽/NNB","8"
"백/NNG","4"
"그라운드/NNG","3"
"품질/NNG","2"
"저하/NNG","1"
"비결/NNG","1"
"멀/VA","12"
"선택가능/NNG","1"
"들이/XSN","1"
"튿/VV","8"
"위치/NNG","6"
"배우/NNG","4"
"얼굴/NNG","4"
"불/NNG","4"
"군요/EFI","10"
"되돌리/VV","3"
"카/VV","6"
"그/VV","32"
"않/MAG","14"
"조을/VV","1"
"옛날/NNG","24"
"거이/UN","1"
"그저/MAG","2"
"넘/NNB","16"
"주/NNG","27"
"이소/NNG","1"
"타인/NNG","1"
"지옥/NNG","3"
"진심/NNG","6"
"기쁘/VA","3"
"고/NNG","20"
"행복/NNG","12"
"꿈같/VA","1"
"주세요/UN","4"
"불변/NNG","1"
"봄/NNG","11"
"ㄹ까/ECD","12"
"들/NNG","7"
"가져오/VV","5"
"가독성/NNG","3"
"높이/VV","1"
"으나/ECE","9"
"필요없/VA","4"
"유저/NNG","16"
"아이콘/NNG","6"
"겹치/VV","3"
"중요/NNG","9"
"놓치/VV","2"
"려/ECD","37"
"다가/NNP","3"
"휴대용/NNG","1"
"모니터/NNG","3"
"페이지/NNG","8"
"오작동/NNG","1"
"외/NNB","6"
"편/NNM","10"
"23/NR","3"
"하여튼/MAG","1"
"낭비/NNG","3"
"위/NNM","4"
"후퇴/NNG","1"
"는지요/ECS","4"
"답/NNG","16"
"현실/NNG","1"
"존재/NNG","3"
"지가/NNG","13"
"거의/MAG","18"
"끝나가/VV","2"
"한번/MAG","14"
"돌아가/VV","7"
"돰/UN","1"
"의도/NNG","2"
"각/MDT","2"
"도록/ECD","14"
"똑바로/MAG","13"
"지/NNG","15"
"맘대로/MAG","7"
"그대로/MAG","24"
"마라/NNG","5"
"일반인/NNG","1"
"맥락/NNG","2"
"훨씬/MAG","7"
"어울림/NNG","1"
"간단/XR","2"
"쓰레/XR","1"
"길/VA","9"
"구취/NNG","1"
"비율/NNG","3"
"밑/NNG","3"
"막대/NNG","3"
"시선/NNG","1"
"늘/MAG","4"
"주/VV","54"
"으니까요/ECD","1"
"홈페이지/NNG","14"
"빨아먹/VV","1"
"관련/NNG","6"
"씹/VV","3"
"바람/NNG","3"
"가족/NNG","11"
"나루토/NNG","8"
"데려오/VV","1"
"디/NNG","12"
"없애주/UN","1"
"끝/VV","2"
"로/XSN","4"
"개오/NNG","1"
"보내기/NNG","1"
"좋넹/UN","1"
"부/NNG","7"
"유익/NNG","5"
"대단/XR","5"
"피드백/NNG","3"
"대단/MAG","1"
"인물/NNG","2"
"짱/NNG","27"
"이기/VV","1"
"내주/VV","12"
"다르/VA","34"
"시일/NNG","9"
"내/NNB","15"
"주시/NNG","5"
"길/NNG","12"
"범죄/NNG","2"
"도시/NNG","2"
"유행/NNG","1"
"수퍼/NNG","5"
"그리고/MAC","27"
"닥터스트레인지/NNP","1"
"이질감/NNG","1"
"환상/NNG","1"
"과/JC","12"
"꿈/NNG","3"
"또는/MAG","7"
"용기/NNG","1"
"희망/NNG","2"
"깊/VA","2"
"슬픔/NNG","2"
"모든/MDT","10"
"삶/NNG","5"
"종합체/NNG","1"
"윤활유/NNG","1"
"승승장구/NNG","1"
"하세/NNG","10"
"돌/VV","10"
"뜨/VA","6"
"믿/VV","7"
"유독/MAG","2"
"분/NR","6"
"명/NNM","12"
"아/IC","8"
"이디/UN","1"
"잔인/NNG","4"
"깨지/VV","19"
"쓸모없/VA","3"
"적용/NNG","9"
"로딩/NNG","42"
"귀멸의칼날/NNP","43"
"주소/NNG","7"
"복잡/XR","3"
"편리/NNG","16"
"저가/NNG","3"
"잘못되/VV","2"
"싹/NNG","4"
"고요/EFN","21"
"봐주/VV","2"
"블록/NNG","1"
"구나/EFI","6"
"시간/NNM","7"
"고생/NNG","2"
"도저히/MAG","3"
"여러/MDT","23"
"밖에/JX","23"
"법/NNG","2"
"무턱대/VV","1"
"동네/NNG","1"
"디즈니플러스/NNG","13"
"겪/VV","7"
"까다롭/VA","1"
"절/VV","3"
"정주/NNG","1"
"행하/VV","1"
"것/NNM","20"
"들이/VV","26"
"쩌다/UN","1"
"재미없/VA","4"
"차라리/MAG","12"
"가끔가다/MAG","1"
"카툰/NNG","1"
"네트워크/NNG","4"
"검/NNG","3"
"고는/ECE","8"
"검정이/NNG","1"
"을/JX","3"
"상상/NNG","1"
"평생/MAG","1"
"함께/MAG","6"
"10000/NR","1"
"실화/NNG","4"
"항상/MAG","28"
"감사히/MAG","2"
"SM/OL","3"
"677/NR","1"
"NL/OL","1"
"18.4/NR","1"
"인치/NNG","1"
"극악/NNG","1"
"해상도/NNG","4"
"비추/VV","1"
"최적/NNG","2"
"화가/NNG","12"
"듯하/VXA","14"
"느리/VA","11"
"얼마/NNG","42"
"아래/NNG","5"
"조속히/MAG","3"
"관람/NNG","4"
"생/NNG","7"
"멀티/NNG","8"
"가운데/NNG","1"
"티/NNG","7"
"유지/NNG","4"
"크/VA","29"
"변하/VV","4"
"감상/NNG","3"
"깨/VV","2"
"만약/NNG","6"
"끔찍/XR","1"
"하/NNB","23"
"양성/NNG","1"
"갈등/NNG","1"
"유발/NNG","1"
"과하/VA","2"
"쓰잘/UN","1"
"데기/MAG","3"
"분쟁/NNG","1"
"조성/NNG","1"
"시급/XR","2"
"번/NNM","23"
"경로/NNG","1"
"몰르/VV","8"
"피하/VV","1"
"노/VV","9"
"프리미엄/NNG","29"
"동반/NNG","2"
"많은/UN","1"
"만큼/NNG","7"
"일반/NNG","3"
"에게/JKM","6"
"적습니다/UN","1"
"예/NNG","10"
"공개/NNG","15"
"수/NNG","7"
"이에/MAG","3"
"관/NNG","1"
"여/ECS","7"
"좋아지/VV","7"
"도/NNM","2"
"청소년/NNG","1"
"청/NNG","4"
"걸리/VV","36"
"이/NP","3"
"주부/NNG","1"
"요즘/NNG","45"
"팅/UN","1"
"분단/NNG","1"
"니까/ECD","43"
"느껴지/VV","3"
"뿐/NNB","4"
"그런데/MAC","7"
"희/VA","9"
"느낌/NNG","7"
"투명색/NNG","1"
"라도/ECD","15"
"제가어떻때실수/UN","1"
"억이/UN","1"
"구/NR","5"
"불편감/NNG","1"
"그래서/MAG","16"
"보겄/UN","1"
"네/MDN","25"
"고요/NNG","7"
"등급/NNG","2"
"연령/NNG","8"
"속/NNG","21"
"1.75/NR","2"
"오픈/NNG","1"
"채팅/NNG","4"
"GTA/OL","1"
"정지/NNG","29"
"수록/NNG","4"
"퇴화/NNG","1"
"안전/NNG","3"
"안내/NNG","9"
"문자/NNG","8"
"하지만/MAC","15"
"직업/NNG","1"
"스타트/NNG","1"
"업/NNG","6"
"화안/NNG","1"
"33/NR","1"
"분/NNM","17"
"초/NNM","39"
"오/NNG","15"
"타가/NNG","1"
"의미/NNG","9"
"이터지/UN","2"
"표기/NNG","5"
"아주/MAG","34"
"므로/ECD","2"
"켜/VV","8"
"내요/EFN","10"
"이랑/NNG","2"
"몹시/MAG","2"
"사이더/NNG","3"
"아예/MAG","31"
"이면/NNG","1"
"음영/NNG","3"
"처리/NNG","17"
"대체/MAG","6"
"인간/NNG","4"
"일하/VV","3"
"단/MAG","1"
"당연히/MAG","3"
"욕/NNG","10"
"먹/VV","15"
"일부러/MAG","6"
"추진/NNG","1"
"짜르/VV","1"
"프로필/NNG","11"
"OR/OL","3"
"등등/NNB","14"
"선명/NNG","1"
"로도/NNG","2"
"아이/NNG","29"
"부모/NNG","1"
"손쉽/VA","2"
"접근/NNG","7"
"걱정/NNG","1"
"자녀/NNG","1"
"보호/NNG","3"
"자세/XR","1"
"디즈니/NNG","22"
"졀/VV","2"
"로/NNG","25"
"열라/MAG","1"
"헤치/VV","1"
"사기꾼/NNG","5"
"런닝맨/NNP","11"
"신작/NNG","7"
"매일/NNG","2"
"면도/NNG","1"
"잘리/VV","3"
"노트/NNM","5"
"어둡/VA","33"
"짜증/NNG","21"
"최대/NNG","14"
"최저/NNG","1"
"낮/NNG","4"
"밤/NNG","5"
"분간/NNG","2"
"와중/NNG","6"
"혼자/NNG","6"
"뽐내/VV","1"
"개별/NNG","2"
"얻어먹/VV","1"
"욕먹/VV","1"
"빨리빨리/MAG","3"
"의견/NNG","5"
"수렴/NNG","1"
"갈수록/MAG","2"
"받아먹/VV","6"
"드럽/VA","5"
"박스/NNG","6"
"안/NNG","15"
"확/MAG","5"
"누/NNG","20"
"구/XSN","2"
"초기화/NNG","5"
"니깐/ECD","8"
"환/NNG","3"
"혼/NNG","1"
"화/NNM","28"
"하나하나/NNG","1"
"쭉/MAG","11"
"요번/NNG","2"
"하차/NNG","2"
"줘/UN","2"
"하다/NNP","12"
"이따/MAG","10"
"구로/NNG","4"
"존/NNP","5"
"윅/UN","2"
"그거/NP","14"
"주심/NNG","8"
"ㄹ게요/EFN","18"
"기/NNG","72"
"특히/MAG","12"
"하이/NNG","35"
"큐/NNG","35"
"왓차/NNG","42"
"라프텔/NNG","4"
"깔끔/XR","2"
"부드럽/VA","3"
"는다면/ECE","3"
"유용/NNG","10"
"망설이/VV","2"
"패치/NNG","5"
"삽입/NNG","1"
"쥽/UN","1"
"명분/NNG","1"
"검사/NNG","2"
"배째/VV","3"
"식/NNG","3"
"갸/UN","1"
"더이상/MAG","5"
"이번/NP","1"
"맘/NNG","10"
"예능/NNG","21"
"랑/UN","1"
"금/NNG","6"
"새끼/NNG","4"
"슈퍼맨/NNG","1"
"돌아오/VV","11"
"심야/NNG","3"
"괴담/NNG","3"
"회/XSN","2"
"무섭/VA","8"
"치우/VV","2"
"주이소/UN","1"
"기생충/NNG","1"
"꼬박꼬박/MAG","6"
"걷/VV","4"
"데이/NNG","2"
"틀/NNG","1"
"역시/MAG","6"
"결국/NNG","9"
"니/EFQ","6"
"배치/NNG","2"
"지게/NNG","1"
"예전/NNG","22"
"취소/NNG","16"
"하라/NNP","17"
"죽/VV","12"
"FIX/OL","2"
"MOBILE/OL","1"
"ERROR/OL","1"
"OMGOMG/OL","1"
"따위/NNB","5"
"개불편/NNG","4"
"미성년/NNG","3"
"자/NNG","5"
"용/NNG","7"
"자도/NNG","1"
"주세/NNG","8"
"자여/NNG","1"
"데이터/NNG","11"
"앙상블스타즈/NNP","1"
"마계/NNG","8"
"학교/NNG","11"
"이루/NNG","10"
"마군/NNG","10"
"업로드/NNG","15"
"잘만/NNP","11"
"먹튀/UN","1"
"며칠/NNG","36"
"기종/NNG","18"
"그레이/NNG","2"
"맨/NNG","6"
"밝/VA","7"
"부족하/VA","2"
"내려가/VV","6"
"플레이/NNG","18"
"특정/NNG","4"
"며/ECE","15"
"그동안/NNG","6"
"최신형/NNG","1"
"이제/MAG","12"
"인연/NNG","1"
"매력적/NNG","1"
"거든요/EFN","6"
"날리/VV","6"
"원상태/NNG","1"
"복원/NNG","1"
"범벅/NNG","1"
"가장/MAG","10"
"개빡치는거/UN","1"
"컷/NNG","3"
"자/VV","14"
"르느/UN","1"
"건지/MAG","4"
"닿/VV","13"
"말르/VV","6"
"주고/NNG","21"
"줄이/VV","6"
"갑자/NNG","3"
"비/NNG","25"
"는가요/EFQ","1"
"오/VX","14"
"였/EPT","21"
"동일/NNG","10"
"건드리/VV","4"
"깁킥/UN","1"
"11/NR","11"
"깁/VV","2"
"741/NR","1"
"47/NR","1"
"74/NR","1"
"744477/NR","1"
"14/NR","6"
"빌/VV","4"
"771/NR","1"
"7714/NR","1"
"1444/NR","1"
"기비/NNG","1"
"41/NR","1"
"비기/NNG","1"
"774/NR","1"
"1474/NR","1"
"47414/NR","1"
"둘/NR","5"
"전부/NNG","10"
"대문/NNG","1"
"글자/NNG","13"
"구요/EFN","18"
"충분히/MAG","2"
"두/VV","4"
"아침/NNG","6"
"불구/XR","6"
"는/EPT","13"
"다며/ECE","4"
"소용/NNG","1"
"시원/XR","1"
"여름/NNG","1"
"보내/VV","6"
"라고/ECD","15"
"서이/VV","1"
"스스로/MAG","2"
"장점/NNG","5"
"걷어차/VV","1"
"안기/VV","1"
"바/NNB","4"
"랍니다/EFN","1"
"투명/NNG","3"
"여요/ECD","6"
"환불/NNG","41"
"실제로/MAG","2"
"발음/NNG","2"
"대사/NNG","8"
"알아듣/VV","2"
"꼭/MAG","36"
"두르/VV","1"
"개인적/NNG","9"
"막/VV","15"
"마르/VV","1"
"화나/VV","7"
"려구/ECD","2"
"없애요/UN","2"
"열받/VV","7"
"게만/ECE","1"
"가려먹/VV","1"
"0/NR","9"
"집/NNG","19"
"중이/NNG","6"
"돌/XPN","1"
"가리/NNG","1"
"다/NNG","12"
"곳/NNG","18"
"ㅂ쇼/EFN","2"
"인/NNG","14"
"사이/NNG","3"
"오지/VV","2"
"방금/NNG","3"
"가/NNG","8"
"중앙/NNG","1"
"부/VV","1"
"활화/NNG","1"
"통하/VV","7"
"문의/NNG","18"
"문서/NNG","1"
"해결책/NNG","2"
"돌려놓/VV","1"
"으시/EPH","7"
"긁/VV","1"
"노/NNG","10"
"두/VXV","11"
"유행인/NNG","1"
"영우/NNG","3"
"안없/UN","1"
"애/NNG","21"
"달라잖아요/UN","1"
"뒷/NNG","2"
"외/VV","7"
"얼른/MAG","2"
"즐거움/NNG","2"
"가득/MAG","2"
"대향연/NNG","1"
"흐름/NNG","7"
"끈/NNG","2"
"거치/VV","3"
"곤/ECS","13"
"전면/NNG","1"
"쓸데없이/MAG","3"
"독성/NNG","1"
"굳이/MAG","8"
"만지/VV","3"
"시말서/NNG","1"
"삼국지/NNG","3"
"남한/NNG","1"
"산성/NNG","1"
"위아래/NNG","1"
"업계/NNG","1"
"대놓고/MAG","1"
"식인/NNG","1"
"인거/NNG","2"
"코리아/NNG","1"
"직원/NNG","2"
"딴/NNB","1"
"가시성/NNG","1"
"ㄴ답시고/ECE","1"
"트롤/NNG","1"
"더빙/NNG","26"
"판도/NNG","1"
"이용료/NNG","3"
"신규/NNG","4"
"ㄹ래/EFQ","1"
"얼르/VV","4"
"패드/NNG","17"
"태블릿/NNG","30"
"빠짐없이/MAG","1"
"너무나/MAG","5"
"레터/NNG","2"
"만드/VV","3"
"나빠지/VV","2"
"주시고/UN","2"
"작/VA","17"
"이/JX","5"
"아이디/NNG","7"
"있거/UN","1"
"장사/NNG","1"
"도움/NNG","6"
"뜻/NNG","4"
"삼/EFN","4"
"군/NNG","7"
"기본/NNG","14"
"값/NNG","6"
"온갖/MDT","2"
"편의/NNG","4"
"세상/NNG","4"
"애매/XR","3"
"주인공/NNG","4"
"원/NNG","12"
"허/XSV","4"
"드레드/NNG","2"
"보안/NNG","4"
"짜리/XSN","4"
"동안/NNG","26"
"일드/NNG","2"
"유명/NNG","5"
"분류/NNG","5"
"체계/NNG","2"
"대분류/NNG","1"
"색없/UN","1"
"영향/NNG","2"
"싶/VV","9"
"역시나/NNG","2"
"놀/VV","5"
"울/VV","10"
"따름/NNB","2"
"물론/MAG","2"
"개발/NNG","2"
"놔두/VV","2"
"구지/NNG","3"
"싱크/NNG","6"
"본적/NNG","1"
"도/VV","3"
"데/EFN","3"
"체/NNG","4"
"놀리/VV","1"
"재/NNG","12"
"해지/VV","14"
"배속/NNG","25"
"인하/VV","5"
"작/NNM","5"
"밟히/VV","1"
"다면/ECE","16"
"빠져나가/VV","6"
"제정신/NNG","1"
"능력/NNG","4"
"업/VV","4"
"물러나/VV","1"
"모양/NNG","1"
"못하/VV","1"
"걸레/NNG","1"
"짝/NNG","3"
"놓/VV","16"
"실패/NNG","1"
"상당히/MAG","6"
"각/VV","1"
"자/ECE","17"
"자기/NP","8"
"원하/VV","20"
"데로/NNG","3"
"프리/NNG","6"
"주술/NNG","8"
"회전/NNG","8"
"호리미야/NNP","2"
"2022.7/NR","1"
"29/NR","2"
"걱/UN","1"
"넷/NR","1"
"플라스/NNG","1"
"커뮤니티/NNG","1"
"어떻까/UN","1"
"감명/NNG","1"
"댓/NR","15"
"글/NNG","29"
"서로/MAG","4"
"공유/NNG","12"
"나누/VV","7"
"있/VA","18"
"상형/NNG","1"
"클릭/NNG","13"
"하기/NNG","5"
"어서요/ECD","11"
"원피스/NNG","12"
"61/NR","2"
"순삭/NNG","1"
"글씨체/NNG","1"
"딱딱/XR","1"
"되돌아가/VV","1"
"만족/NNG","16"
"습니다만/ECE","3"
"숨/NNG","1"
"쉬/VV","5"
"망가지/VV","2"
"만가/NNG","1"
"모습/NNG","2"
"러/ECD","17"
"난이/NNG","2"
"제기/NNG","1"
"대/VV","2"
"저녁밥/NNG","1"
"라구요/EFN","15"
"와이/NNG","1"
"멋대로/MAG","4"
"완전/MAG","2"
"툭하면/MAG","1"
"그럼/MAG","7"
"어여/MAG","1"
"상관없/VA","5"
"WANT/OL","1"
"SEE/OL","1"
"FIRST/OL","1"
"OSOMATSU/OL","1"
"PRIZE/OL","1"
"AGAIN/OL","1"
"オ/SW","1"
"ソ/SW","1"
"マ/SW","1"
"ツ/SW","1"
"賞/OH","1"
"期/OH","1"
"を/SW","1"
"も/SW","1"
"う/SW","1"
"一度見/OH","1"
"た/SW","1"
"い/SW","1"
"생/XSN","1"
"이것저것/NNG","3"
"신세계/NNG","2"
"단점/NNG","10"
"ㄴ다는/ETD","31"
"가지/NNB","10"
"구독료/NNG","4"
"부담/NNG","5"
"으면서/ECE","14"
"신/XPN","3"
"기한/NNG","2"
"일/VV","7"
"문예/NNG","1"
"형님/NNG","3"
"주제/NNG","3"
"지금/MAG","27"
"에다/JC","1"
"구/ECS","2"
"님/NNG","6"
"고백/NNG","1"
"게끔/ECD","3"
"배달/NNG","1"
"늦/VA","10"
"소/EFN","3"
"씨/NNG","3"
"때/NNB","5"
"에는/JKM","5"
"허술/XR","1"
"기기들/UN","1"
"알/NNG","3"
"엠/NNG","2"
"L/OL","18"
"저/VV","28"
"옛/MDT","1"
"싸짐/UN","1"
"기가/NNG","22"
"티브이/NNG","1"
"간/NNG","5"
"손절하/VV","2"
"예정/NNG","12"
"레노버/UN","1"
"펌웨어/NNG","1"
"배포/NNG","1"
"아무/MDT","18"
"우/MAG","2"
"가치/NNG","2"
"감이/NNG","1"
"차지/NNG","2"
"비중/NNG","1"
"사실/NNG","3"
"조정/NNG","11"
"플래쉬/NNG","1"
"오냐/IC","3"
"ㅁ다/EFN","3"
"다그/VV","10"
"위화/NNG","1"
"27/NR","5"
"ㄹ까/EFQ","3"
"안/VV","6"
"쳐지/VV","2"
"삼성/NNG","16"
"마나/NNG","1"
"기에/ECD","10"
"가도/NNG","8"
"허허/MAG","2"
"덧/XPN","1"
"씌어져서/UN","1"
"다가리/NNG","2"
"든가/EFN","2"
"짱구/NNG","12"
"극장/NNG","19"
"판/NNG","31"
"28/NR","2"
"유선/NNG","1"
"미러/NNG","16"
"링/NNG","13"
"하트/NNG","1"
"시그널/NNG","1"
"부/XPN","6"
"턴/NNG","2"
"가/XSN","2"
"세/NNG","3"
"시기/NNG","7"
"난리/NNG","4"
"라디오/NNG","1"
"못살/VV","3"
"렌트/NNG","1"
"귀찮/VV","5"
"되잖/VA","1"
"즐겁/VA","8"
"아/XSN","5"
"잖아/EFN","3"
"쌈/NNG","8"
"머/NP","11"
"가기/NNG","21"
"나가/VXV","9"
"헐/VV","6"
"X/OL","10"
"서/JKS","1"
"알림/NNG","5"
"정액/NNG","6"
"종/NNG","2"
"반나절/NNG","2"
"현재/NNG","13"
"경쟁자/NNG","1"
"SPEICAL/OL","1"
"보임/NNG","5"
"머/MAG","3"
"대부분/NNG","11"
"약/NNG","3"
"감/XSN","3"
"안타깝/VA","1"
"저기/NP","4"
"발견/NNG","2"
"터치/NNG","42"
"랜덤/NNG","4"
"더군요/EFI","8"
"젤/MAG","5"
"시국/NNG","1"
"뎅/MAG","2"
"흠/NNG","3"
"배우/VV","3"
"실망/NNG","15"
"넘기기/NNG","6"
"맛/NNG","6"
"정책/NNG","4"
"소비자/NNG","10"
"불리/NNG","1"
"정떨어지/VV","1"
"이제/NNG","16"
"아야지/EFN","5"
"곧/MAG","7"
"할거/NNG","1"
"주변/NNG","1"
"만나/VV","6"
"비슷/XR","7"
"마녀/NNG","1"
"살/VV","13"
"동상이몽/NNG","1"
"쭐/VV","1"
"아내/NNG","1"
"인중/NNG","1"
"궁금하/VA","7"
"싸구려/NNG","2"
"느킴/UN","1"
"처/NNG","12"
"넌/NNB","1"
"제방/NNG","1"
"방송국/NNG","1"
"여기/NP","18"
"몰리/VV","1"
"띄우/VV","6"
"되질/NNG","6"
"ㅁ에도/ECD","3"
"불구하/VV","1"
"활용/NNG","5"
"도전/NNG","2"
"묻/VV","7"
"보살/NNG","1"
"애마/NNG","1"
"부인/NNG","1"
"이렇/VA","36"
"걸/NNG","6"
"두/JX","10"
"오늘/MAG","5"
"첨/NNG","3"
"그렇게/MAG","2"
"골목/NNG","1"
"식당/NNG","1"
"지/EFN","4"
"딱히/MAG","3"
"점검/NNG","4"
"올려놓/VV","6"
"싱/UN","2"
"어게인/NNG","1"
"목/NNG","3"
"보/XSN","1"
"쇼/NNG","6"
"미/NNG","17"
"머니/NNG","3"
"구해줘홈즈/NNP","1"
"구해줘홈즈/UN","1"
"펜트하우스/NNP","9"
"폭넓/VA","1"
"중고/NNG","2"
"이름/NNG","13"
"M/OL","5"
"1806/NR","1"
"D/OL","1"
"W/OL","9"
"구입/NNG","2"
"스토어/NNG","5"
"다운로드/NNG","25"
"링크/NNG","4"
"타/VV","9"
"NETFLIX/OL","12"
"로서/JKM","1"
"느끼/VV","5"
"특/UN","2"
"포털/NNG","1"
"실용적/NNG","1"
"싑/UN","1"
"강국/NNG","1"
"대한민국/NNG","4"
"칭찬/NNG","1"
"정기/NNG","6"
"동시/NNG","20"
"다니/EFN","7"
"압도적/NNG","1"
"오프/NNG","2"
"라인/NNG","5"
"놀랍/VA","1"
"신/NNG","7"
"표시/NNG","8"
"좋음/NNG","1"
"쵝/UN","1"
"뿐/JX","6"
"한영/NNG","4"
"자님/UN","1"
"TT/OL","1"
"항목/NNG","1"
"풍요/NNG","4"
"빈곤/NNG","4"
"싸졌/UN","2"
"타회사/NNG","1"
"경험/NNG","6"
"비교/NNG","2"
"다소/MAG","1"
"떠오르/VV","1"
"문제점/NNG","9"
"종류/NNG","11"
"마이/NNG","3"
"웨/VV","1"
"이라고/JKQ","1"
"AM/OL","1"
"A/OL","15"
"PERSON/OL","1"
"WHO/OL","1"
"HAS/OL","1"
"BEEN/OL","1"
"USING/OL","1"
"FOR/OL","1"
"LONG/OL","1"
"TIME/OL","1"
"BUT/OL","1"
"PROBLEM/OL","1"
"REGRET/OL","1"
"MOST/OL","1"
"IS/OL","2"
"THAT/OL","1"
"THERE/OL","3"
"ARE/OL","2"
"MANY/OL","1"
"TYPES/OL","1"
"OF/OL","1"
"PROBLEMS/OL","1"
"AND/OL","4"
"ENOUGH/OL","1"
"DRAMAS/OL","1"
"MOVIES/OL","1"
"WATCH/OL","1"
"신기/XR","2"
"스크롤/NNG","2"
"세세/XR","3"
"나눠주/VV","1"
"간격/NNG","1"
"원본/NNG","1"
"작고/NNG","4"
"기간/NNG","17"
"정해지/VV","4"
"주위/NNG","1"
"다짜고짜/MAG","1"
"유로/NNG","4"
"영/NNG","7"
"여기/VV","4"
"강요/NNG","1"
"지만요/ECE","2"
"멜론/NNG","1"
"따라하/VV","1"
"평가/NNG","12"
"선택지/NNG","1"
"싫/VV","2"
"요가/NNG","1"
"미리/MAG","5"
"기본적/NNG","3"
"장애/NNG","5"
"개각/NNG","1"
"카카오페이/NNG","5"
"쌩쑈/UN","1"
"리셋/NNG","2"
"동의/NNG","13"
"하래/NNG","7"
"만/NR","12"
"백만/NR","1"
"글/VV","2"
"안달/NNG","1"
"엉망/NNG","6"
"상인/NNG","1"
"혈압/NNG","1"
"올르/VV","9"
"저세상/NNG","1"
"뻔/NNB","3"
"몹쓸/MDT","1"
"폐기/NNG","1"
"연장/NNG","1"
"다만/ECE","4"
"맥과/NNG","1"
"지하철/NNG","5"
"주로/MAG","1"
"순서/NNG","5"
"외전/NNG","2"
"나열/NNG","1"
"떻/UN","4"
"결정/NNG","2"
"비싸/VV","4"
"어찌나/MAG","1"
"졸/VV","5"
"풍부/XR","2"
"답니다/EFN","1"
"도라에몽/NNP","4"
"웨이브/NNG","9"
"제대로/MAG","17"
"미지/NNG","1"
"저처럼/NNG","3"
"공부/NNG","15"
"목적/NNG","1"
"리스트/NNG","2"
"동생/NNG","1"
"나한/NNG","1"
"태/NNG","5"
"머/VA","6"
"병진/NNG","1"
"쌍/NNG","2"
"욕하/VV","1"
"심정/NNG","1"
"트랜스포머/NNG","1"
"상단/NNG","3"
"추후/NNG","1"
"전체/NNG","17"
"되게/MAG","9"
"꽉차/VV","2"
"질/NNG","9"
"미양/NNG","3"
"뮤/UN","1"
"WIDEVINE/OL","3"
"DRM/OL","5"
"더라도/ECD","2"
"제조사/NNG","5"
"만큼/NNB","5"
"회사/NNG","5"
"중국계/NNG","1"
"제품/NNG","5"
"글로벌/NNG","1"
"판매/NNG","1"
"샤오미/NNG","3"
"리얼/NNG","1"
"포코/NNG","1"
"계열/NNG","2"
"고객센터/NNG","10"
"답변/NNG","24"
"으며/ECE","3"
"원할하/VV","1"
"반하/VV","1"
"으므로/ECD","2"
"지속적/NNG","4"
"무시/NNG","1"
"감소/NNG","1"
"중단/NNG","3"
"1.5/NR","11"
"쌉가/UN","1"
"능/NNG","3"
"음/XSN","1"
"미치/VV","10"
"캬/UN","2"
"사스/NNG","1"
"갓/NNG","2"
"네/XSN","23"
"럴/UN","2"
"마제스티/UN","1"
"디지몬/NNG","3"
"이타/NNG","1"
"반/NNG","2"
"야/NNG","6"
"히/NNG","7"
"드림/NNG","6"
"명탐정/NNG","6"
"난/NNG","5"
"세요/NNP","4"
"반요야샤히메/UN","1"
"바다/NNG","2"
"엑스/NNG","1"
"게임/NNG","15"
"패스/NNG","2"
"AKB/OL","1"
"0048/NR","1"
"아이카츠/NNP","1"
"롤/NNG","2"
"PIP/OL","21"
"멋있/VA","2"
"샤발/UN","1"
"고르/VV","8"
"당하/VV","5"
"물어보/VV","9"
"차/NNM","3"
"어의/NNG","1"
"상실/NNG","1"
"려면/ECE","14"
"입력/NNG","8"
"시스템/NNG","8"
"신중/NNG","1"
"전생/NNG","4"
"OVA/OL","4"
"말/XPN","1"
"고도/NNG","2"
"니들/NNG","11"
"다양성/NNG","1"
"구상/NNG","1"
"해보/NNG","1"
"심이/NNG","1"
"간/NNB","6"
"40/NR","3"
"나의/NNG","4"
"갤러리/NNG","2"
"만/NNG","4"
"종이/NNG","1"
"켜짐/NNG","5"
"기껏/MAG","1"
"달라지/VV","3"
"신청/NNG","8"
"릭/UN","4"
"슬/VV","4"
"커/VV","2"
"치르/VV","1"
"환경/NNG","2"
"21/NR","8"
"새기/MAG","1"
"써비스/NNG","1"
"확실/XR","2"
"드물/VA","1"
"반드시/MAG","1"
"통역/NNG","2"
"보다/MAG","7"
"띵/MAG","1"
"노루귀/NNG","1"
"꽃/NNG","2"
"공수/NNG","1"
"죄송/XR","5"
"막/XSN","2"
"왤/UN","1"
"어떻하/VA","3"
"눈총/NNG","1"
"수단/NNG","10"
"평상시/NNG","1"
"멤버십/NNG","19"
"베이직/NNG","2"
"480/NR","1"
"컨트롤/NNG","3"
"폴/VV","4"
"용량/NNG","2"
"넉넉/XR","1"
"안녕/NNG","16"
"어르/VV","1"
"ㄴ들데/ECE","3"
"저희/NP","4"
"엄마/NNG","5"
"실/NNG","3"
"엌/UN","1"
"채널/NNG","8"
"르/NNG","3"
"개/VV","2"
"최신작/NNG","1"
"워킹/NNG","2"
"데드/NNG","2"
"레지던트/NNG","1"
"블/VV","6"
"베/NNG","4"
"놈/NNB","8"
"류/NNG","3"
"오래가/VV","1"
"훤하/VA","1"
"실력/NNG","1"
"지상주의/NNG","1"
"교실/NNG","1"
"읎/VA","1"
"팅겼어/UN","1"
"완벽/NNG","3"
"오/MDN","4"
"무언가/NNG","1"
"25/NR","2"
"저것/NP","1"
"경이/NNG","3"
"신비/NNG","9"
"아파트/NNG","9"
"3.4/NR","1"
"호리/NNG","1"
"야가/NNG","1"
"감동/NNG","2"
"방구/NNG","2"
"끼/VV","2"
"이불/NNG","2"
"겐/UN","2"
"신고/NNG","7"
"이너/NNG","1"
"서클/NNG","1"
"맞춤법/NNG","1"
"틀리/VV","12"
"인명/NNG","1"
"제멋/NNG","1"
"독일/NNG","1"
"성씨/NNG","1"
"SPEER/OL","1"
"귀/NNG","4"
"슈페어/NNP","1"
"슈퍼/NNG","2"
"표/NNG","2"
"방식/NNG","5"
"검수/NNG","2"
"든지/ECE","1"
"즉각/NNG","1"
"달/VXV","4"
"스트레스/NNG","9"
"으려고/ECD","4"
"마저/JX","2"
"맥스/NNP","4"
"죽이/VV","5"
"망하/VV","7"
"감독/NNG","1"
"애기/NNG","3"
"내면/NNP","2"
"별점/NNG","10"
"테러/NNG","1"
"대/NNM","2"
"바퀴벌레/NNG","2"
"키스/NNG","1"
"결혼/NNG","2"
"갯강구/NNG","1"
"피/VV","2"
"잘생기/VA","1"
"통수/NNG","1"
"뒷목/NNG","1"
"씨/VV","2"
"밥/NNG","5"
"호퍼/NNG","4"
"괴/NNM","1"
"롭히래/UN","1"
"여자/NNG","3"
"첫째/NR","1"
"태어나/VV","2"
"둘/NNG","3"
"친구/NNG","11"
"세/MDN","4"
"번째/NNB","17"
"부모님/NNG","4"
"치/NNB","1"
"너/NP","9"
"자식/NNG","1"
"더스티/UN","1"
"에/VV","4"
"앙/UN","3"
"추신/NNG","1"
"엘/NNG","5"
"가늘/VV","1"
"싸인/NNG","1"
"악수/NNG","1"
"번만/NNG","1"
"이상만/NNP","1"
"늘리/VV","7"
"과거/NNG","3"
"없었/VV","3"
"소드/NNG","3"
"아트/NNG","3"
"온라인/NNG","3"
"개편/NNG","2"
"유리/NNG","2"
"미인/NNG","1"
"향/NNG","1"
"밀/NNG","1"
"침침/NNG","1"
"여신상/NNG","1"
"췌서/NNG","1"
"데리/VV","1"
"사위/NNG","1"
"구주/NNG","1"
"천공/NNG","1"
"캣츠/NNP","1"
"침향여설/NNP","1"
"재색/NNG","1"
"요새/MAG","1"
"조아/NNG","1"
"대박/NNG","5"
"입/NNG","3"
"나도/NNG","7"
"오후/NNG","6"
"시/NNM","5"
"측/NNB","2"
"회화/NNG","1"
"학습/NNG","1"
"겸/NNG","1"
"자투리/NNG","1"
"챙기/VV","2"
"확장/NNG","3"
"수위/NNG","2"
"높/VA","5"
"금방금방/MAG","1"
"완전/NNG","26"
"아노아/NNG","1"
"을볼/UN","1"
"통화/NNG","7"
"공동/NNG","1"
"자가/NNG","2"
"조심/NNG","2"
"절차/NNG","4"
"ㄴ다네요/EFN","1"
"핀/NNG","5"
"제이/NNG","4"
"크/VV","2"
"올려/UN","1"
"방송/NNG","7"
"다음날/NNG","3"
"려요/ECD","8"
"랫/UN","1"
"고만/MAG","6"
"인생/NNG","2"
"유일/NNG","1"
"낙/NNG","2"
"꿀/NNG","4"
"핵/NNG","2"
"허/VV","3"
"></EMO","1"
"은/NNG","3"
"메/VV","3"
"버스/NNG","2"
"혜/UN","2"
"그/VA","6"
"여태/MAG","4"
"터/NNG","7"
"언제나/MAG","3"
"겻/UN","1"
"전화번호/NNG","8"
"100/NR","8"
"실제/NNG","3"
"80/NR","1"
"8282/NR","1"
"다치/VV","1"
"출근/NNG","1"
"몰/VV","3"
"나머지/NNG","3"
"찾아가/VV","2"
"구성/NNG","3"
"강추/NNG","6"
"그러하/VA","1"
"계시/VXA","3"
"고전/NNG","1"
"들여오/VV","4"
"저렴/XR","3"
"캐시/NNG","6"
"매달/MAG","3"
"프레임/NNG","2"
"좋와하/UN","1"
"드디어/MAG","1"
"푹/MAG","1"
"버렀네/UN","1"
"주신/NNG","2"
"아까/NNG","1"
"건의/NNG","2"
"가능성/NNG","1"
"을까요/EFQ","7"
"어야지만/ECE","1"
"여부/NNG","3"
"티빙/NNG","9"
"이용권/NNG","5"
"안받/VV","2"
"갈리/VV","1"
"곰돌이/NNG","1"
"빡치시겠지만/UN","1"
"들어주/VV","3"
"드리/VXV","5"
"첫/MDT","31"
"에러/NNG","14"
"여서요/ECD","1"
"면요/ECE","2"
"한하/VV","1"
"게요/ECD","2"
"ㄴ데요/ECE","3"
"코로나/NNG","6"
"바이/MAG","4"
"세요/EFA","10"
"가정/NNG","2"
"KT/OL","1"
"질/VV","4"
"절약/NNG","1"
"국내/NNG","3"
"사상/NNG","1"
"주입/NNG","1"
"위주/NNG","4"
"날라가/VV","3"
"마느/UN","1"
"플래시/NNG","2"
"정주행/NNG","5"
"주식/NNG","3"
"흑/NNG","2"
"집사/NNG","1"
"잔/NNG","2"
"다다/NNP","1"
"콘/NNG","2"
"곁/NNG","1"
"참고/NNG","7"
"칠/NNG","3"
"로드/NNG","8"
"뉘/VV","1"
"이거/UN","1"
"피비/NNG","1"
"가없/VA","4"
"둥/IC","1"
"미드/NNG","3"
"다만/MAG","10"
"곰/NNG","1"
"플레이어/NNG","2"
"럼/NNM","1"
"KMPLAYER/OL","1"
"손가락/NNG","1"
"드래그/NNG","1"
"초/NNB","7"
"십/NR","4"
"포함/NNG","2"
"한테/JKO","8"
"굉장히/UN","1"
"우리나라/NNG","3"
"라서/ECD","4"
"댐/NNG","2"
"벌/VV","11"
"당신/NP","3"
"바쁘/VV","1"
"날/NNG","21"
"우울증/NNG","1"
"5.10/NR","3"
"게/ECS","2"
"던지/VV","5"
"뻔하/VXA","2"
"억/NR","2"
"EX/OL","1"
"B/OL","4"
"정상/NNG","5"
"증상/NNG","10"
"하려/NNG","6"
"신나/VV","2"
"매달/VV","3"
"0.05/NR","1"
"스페인어/NNG","3"
"우째/MAG","1"
"묵/VV","2"
"장하/NNG","1"
"겄/VV","1"
"어쩌구저쩌구/MAG","1"
"이쏘/UN","1"
"빨/VV","4"
"리요/EFQ","1"
"밴드/NNG","1"
"브라더스/UN","1"
"퍼시픽/NNG","1"
"팀/NNG","2"
"열기/NNG","1"
"컴컴/XR","1"
"시컴하/VA","1"
"고질적/NNG","1"
"의지/NNG","1"
"년/NNB","8"
"월급/NNG","2"
"일은/NNG","1"
"한글과/NNG","1"
"영섭/UN","1"
"신용/NNG","6"
"저/MDT","3"
"녹두/NNG","1"
"별똥별/NNG","1"
"응답/NNG","9"
"1997/NR","1"
"여신/NNG","6"
"강림/NNG","6"
"품/VV","1"
"그달/NNG","1"
"빨빠/UN","1"
"내노/VV","2"
"암튼/MAG","5"
"이왕이면/MAG","1"
"흥미/NNG","3"
"여럿/NNG","1"
"이라/JX","1"
"세/EFA","1"
"다/ECD","1"
"조정은/UN","1"
"는지라/ECE","1"
"사소/XR","1"
"산책/NNG","2"
"세로/NNG","8"
"방안/NNG","6"
"로만/NNG","6"
"없서/UN","2"
"골/NNG","1"
"써/VV","1"
"분위기/NNG","2"
"심해/NNG","1"
"당장/NNG","2"
"깉/UN","1"
"올림/NNG","2"
"타사/NNG","3"
"쪽/NNG","2"
"신잡/UN","1"
"오징어게임/NNP","28"
"일/NR","3"
"뺏/VV","3"
"5.7/NR","2"
"중/NNP","2"
"라고만/ECE","1"
"투자/NNG","4"
"아빠/NNG","2"
"는걸/EFI","1"
"자주/NNG","1"
"초딩/NNG","1"
"어린이/NNG","3"
"읽/VV","5"
"17000/NR","4"
"빔/NNG","6"
"싸요/UN","3"
"신령님/NNG","1"
"총/MDT","1"
"1.25/NR","2"
"셋/NNG","1"
"군데/NNM","1"
"정액제/NNG","1"
"고자/ECD","2"
"반영/NNG","5"
"환영/NNG","1"
"젙/UN","1"
"외/NNG","2"
"과/JKO","4"
"매주/MAG","2"
"원소/NNG","2"
"다이/NNG","2"
"하드/NNG","2"
"어중간/NNG","1"
"흔하/VA","1"
"병/NNG","1"
"정글/NNG","1"
"법칙/NNG","1"
"실정/NNG","1"
"요기/NNG","1"
"빽/NNG","1"
"투/NNB","1"
"퓨/UN","2"
"로스트/NNG","1"
"스페이스/NNG","1"
"1900/NR","1"
"년대/NNM","1"
"천도/NNG","1"
"룡/UN","1"
"생각나/VV","3"
"회하/NNG","1"
"틀/VV","7"
"행동/NNG","2"
"지문/NNG","2"
"구질/NNG","2"
"갈아타/VV","12"
"라며/ECE","5"
"메인/NNG","19"
"이동/NNG","7"
"페이코/NNG","1"
"참/NNG","5"
"겨우/MAG","2"
"관심없/VV","1"
"맞춤/NNG","1"
"포스터/NNG","2"
"헛웃음/NNG","1"
"만호/NNG","1"
"입장/NNG","5"
"띄이/VV","1"
"계약/NNG","14"
"방영/NNG","11"
"반면/NNG","2"
"적인/NNG","6"
"구체적/NNG","1"
"으로써/JKM","2"
"원래/MAG","7"
"울트라/NNG","19"
"윈도/NNG","1"
"나아지/VV","1"
"지네/NNG","8"
"선/NNG","11"
"징/NNG","3"
"어둡/VV","4"
"배려/NNG","2"
"고하/VV","5"
"어차피/MAG","1"
"야지/EFN","4"
"소나/NNG","1"
"앉히/VV","1"
"드릴려/UN","1"
"생활/NNG","4"
"인내/NNG","1"
"샘/NNG","1"
"한계/NNG","2"
"아이언/NNG","1"
"노웨이홈/NNP","2"
"렐/UN","1"
"걸작/NNG","1"
"수입/NNG","3"
"짱짱이/NNG","1"
"페어리/NNG","5"
"테일/NNM","4"
"배꼽/NNG","1"
"말리/VV","5"
"쿵/MAG","1"
"후/MAG","1"
"그대/NP","1"
"조국/NNG","1"
"주면/NNG","4"
"일시/NNG","20"
"정/NNG","10"
"지도/NNG","11"
"오징어/NNG","3"
"말린/NNG","1"
"삼요/EFN","1"
"30/NR","8"
"받아치/VV","4"
"ㅂ시다/EFA","10"
"꼴/NNG","2"
"불량/NNG","3"
"간헐적/NNG","1"
"긴하/VA","4"
"스톱/NNG","1"
"켯/UN","1"
"먹히/VV","2"
"탭/NNG","66"
"상임/NNG","1"
"제약/NNG","1"
"자잘/XR","1"
"읍/VA","1"
"개집/NNG","1"
"어/XSN","5"
"간혹/MAG","3"
"가다가/MAG","1"
"가격대/NNG","1"
"단독/NNG","1"
"자/NNB","2"
"는가/EFQ","1"
"무지/NNG","2"
"인진/NNG","1"
"싹/MAG","2"
"창정/NNG","1"
"별거/NNG","3"
"가까이/MAG","1"
"상담원/NNG","2"
"친절/NNG","5"
"차분히/MAG","1"
"완결/NNG","1"
"물/XSN","5"
"크롬/NNG","8"
"불안정/NNG","1"
"제목/NNG","2"
"다수/NNG","1"
"버퍼/NNG","4"
"방/NNG","5"
"파도/NNG","1"
"터지/VV","4"
"하/NNG","5"
"풀/VV","8"
"최대한/NNG","1"
"연동/NNP","2"
"엄연히/MAG","1"
"같/VXA","3"
"에반/UN","1"
"리온/UN","1"
"레/NNG","8"
"꼽/VV","2"
"되/NNB","1"
"스펀지/NNG","1"
"세일러/NNG","1"
"문/NNG","6"
"만이/NNG","3"
"마법사/NNG","1"
"신부/NNG","3"
"훌륭/XR","1"
"공/NNG","5"
"삽/NNG","2"
"악마/NNG","2"
"입문/NNG","2"
"프린세스/NNG","1"
"스타/NNG","2"
"일기/NNG","1"
"겔/UN","1"
"바보/NNG","2"
"빳/UN","1"
"일상/NNG","1"
"여러분/NP","6"
"버리/VV","8"
"임의/NNG","1"
"DISNEY/OL","1"
"어질/VA","1"
"올리고/NNG","4"
"정신/NNG","3"
"차리/VV","2"
"대체/NNG","7"
"말하기/NNG","1"
"많아서/UN","1"
"손/NNG","4"
"절/NNG","2"
"식별/NNG","1"
"형태/NNG","1"
"짐작/NNG","1"
"밝/VV","1"
"있다/MAG","6"
"17/NR","5"
"강철/NNG","2"
"부대/NNG","1"
"13/NR","2"
"대어/NNG","1"
"조/NNG","4"
"오오/MAG","2"
"ㄹ라치면/ECE","2"
"뜨문뜨/UN","1"
"다시/VV","1"
"수차례/NNG","1"
"선구자/NNG","1"
"답/XSA","5"
"밝아지/VV","5"
"대/NNG","11"
"전도/NNG","1"
"끝자리/NNG","1"
"02/NR","1"
"메세지/NNG","10"
"이루/VV","1"
"불쾌/NNG","2"
"좋으네/UN","1"
"서/VV","4"
"봉/NNG","1"
"열차/NNG","3"
"환각/NNG","1"
"거리/NNG","4"
"윤곽/NNG","1"
"펴/VV","2"
"이/NNB","2"
"말씀드리/VV","1"
"정액권/NNG","2"
"이있/UN","1"
"조기/NNG","1"
"리보/NNG","1"
"기편하/VV","1"
"10.5/NR","1"
"세대/NNG","1"
"나/VXV","11"
"접/NNM","2"
"혹/NNG","2"
"돕/VV","1"
"메일/NNG","8"
"방금/MAG","2"
"해리/NNG","16"
"포터/NNG","16"
"나라/NNG","10"
"ㄴ다니/EFN","3"
"다양화/NNG","1"
"기이/VV","1"
"TOP/OL","2"
"벌써/MAG","2"
"가지/NNG","2"
"더럽/VA","4"
"퉷/UN","1"
"ㄹ란다/EFN","2"
"미디어/NNG","4"
"야/JKI","1"
"은근슬쩍/MAG","1"
"조/NR","2"
"최소한/NNG","1"
"전환/NNG","5"
"아무렇/VA","1"
"홍보/NNG","4"
"통보/NNG","1"
"독점/NNG","5"
"겸손/NNG","1"
"퀄리티/NNG","3"
"라이벌/NNG","1"
"드글대/VV","1"
"시점/NNG","2"
"히/VV","3"
"창이/NNG","4"
"서버/NNG","8"
"약하/VA","3"
"끊어지/VV","3"
"청구/NNG","2"
"LGU/OL","1"
"카드번호/NNG","1"
"적도/NNG","3"
"막히/VV","5"
"받으/VV","1"
"내도/NNG","1"
"작작/MAG","2"
"죄다/MAG","2"
"뒤지기/NNG","1"
"허/NNG","5"
"접하/VV","4"
"핸/UN","3"
"펀/NNB","2"
"리/EFQ","6"
"약정/NNG","1"
"대/NNB","3"
"채/MAG","1"
"잛/UN","1"
"카톡/NNG","4"
"거랑/NNG","7"
"거든요/ECD","1"
"튕거/UN","1"
"출근길/NNG","2"
"작성/NNG","1"
"웹/NNG","11"
"라/EFN","12"
"프리파라/NNP","10"
"각각/MAG","1"
"었가/UN","1"
"망/NNG","7"
"겜/UN","1"
"뉴/NNG","1"
"스테르/NNG","1"
"담/XSN","1"
"새/MDT","2"
"방문/NNG","6"
"기록/NNG","15"
"중국드라마/NNG","1"
"태드/UN","1"
"사극/NNG","1"
"라서/JKS","8"
"도중/NNG","7"
"무세/NNG","1"
"별은/NNG","1"
"욥/UN","3"
"제다/NNG","1"
"노래/NNG","2"
"게/EFN","1"
"깜빡거리/VV","1"
"여타/NNG","1"
"캐스트/NNG","7"
"모두/NNG","2"
"간편/NNG","3"
"꾸지/VA","1"
"양심/NNG","4"
"본사/NNG","2"
"무조건/MAG","7"
"카/NNG","4"
"테/NNG","4"
"고리/NNG","1"
"가라/VV","3"
"크에/UN","1"
"어드벤처/NNG","2"
"타임/NNG","3"
"있쪙/UN","1"
"토리/NNG","1"
"큐브/NNG","1"
"셋톱박스/NNG","1"
"마/NNG","8"
"음겄/UN","1"
"굳/VV","1"
"자/ECS","1"
"줄/VV","1"
"오랜/MDT","1"
"저두/NNG","1"
"그렇/VV","4"
"쫌/MAG","4"
"12000/NR","1"
"가져가/VV","1"
"ㄴ데요/EFN","5"
"열/NNG","1"
"모으/VV","3"
"찜/NNB","1"
"가구/NNG","1"
"인원수/NNG","1"
"등분/NNG","2"
"당연/MAG","1"
"축소/NNG","2"
"연관/NNG","5"
"복잡/NNG","1"
"일전/NNG","9"
"인터넷/NNG","21"
"하면서/NNG","8"
"슬프/VA","5"
"사이즈/NNG","1"
"호강/NNG","1"
"드리고/NNG","1"
"다면서/ECE","5"
"172/NR","2"
"코드/NNG","12"
"그전/NNG","2"
"이누야샤/NNP","5"
"오넹/UN","2"
"덱스/NNG","3"
"적극/NNG","1"
"일곱/NNG","10"
"개의/NNG","9"
"대죄/NNG","12"
"게다/NNG","2"
"끼치/VV","1"
"구장/NNG","2"
"은지/ECS","1"
"그나마/MAG","2"
"거들/VV","1"
"처먹/VV","4"
"PE/OL","1"
"폐/NNG","1"
"이지/NNG","2"
"99/NR","2"
"천/NNG","1"
"보복/NNG","1"
"록/NNG","1"
"좋겠스/UN","1"
"1033/NR","2"
"가야/NNG","2"
"캠핑/NNG","1"
"장/NNG","3"
"양아치/NNG","1"
"돈대/NNG","8"
"으흐흐/MAG","1"
"흐흐/MAG","2"
"프로젝터/NNG","3"
"로맨틱/NNG","1"
"로맨스/NNG","1"
"운제/NNG","2"
"드립/NNG","1"
"줄줄이/MAG","1"
"누르/VA","2"
"루프/NNG","1"
"몰락/NNG","1"
"택하/VV","1"
"탁/MAG","2"
"이드/NNG","2"
"점점이/MAG","1"
"런/NNG","4"
"끊을려고/UN","1"
"파/VV","1"
"타이밍/NNG","2"
"공중파/NNG","2"
"옆집/NNG","2"
"참으로/MAG","2"
"짜임새/NNG","1"
"쌓/VV","3"
"사질/NNG","1"
"오지/NNG","1"
"메리트/NNG","1"
"푸/VV","5"
"인/NNM","1"
"구조/NNG","3"
"7500/NR","1"
"경쟁사/NNG","2"
"심각/XR","3"
"트위/UN","1"
"아프리카/NNG","1"
"비하/VV","5"
"현저히/MAG","1"
"군가/NNG","1"
"경찰/NNG","4"
"아이피/NNG","2"
"차단/NNG","4"
"하란/NNG","2"
"도둑/NNG","3"
"도어락/NNG","1"
"보세/NNG","3"
"공짜/NNG","3"
"겠다/UN","1"
"세계적/NNG","2"
"운영/NNG","2"
"당/NNG","6"
"키나/NNG","1"
"HDMI/OL","3"
"보시/VV","7"
"절대/NNG","8"
"불만/NNG","2"
"열리/NNG","4"
"질/XSN","9"
"아푸/VA","1"
"참/VV","7"
"몽땅/MAG","1"
"제하/VV","1"
"허구/NNG","1"
"한마디/NNG","1"
"본방/NNG","2"
"몼/UN","1"
"찧/VV","1"
"불/VV","1"
"떨/VV","2"
"벌/VA","1"
"역/NNG","2"
"맡기/VV","2"
"의심/NNG","2"
"오역/NNG","4"
"타/NNG","3"
"띄엄띄엄/MAG","1"
"종종/MAG","2"
"종영/NNG","2"
"상도덕/NNG","1"
"놈/NNG","1"
"불평/NNG","1"
"소녀/NNG","2"
"WISH/OL","1"
"WAS/OL","1"
"CARTOON/OL","1"
"CALLED/OL","1"
"SQUID/OL","1"
"GIRL/OL","1"
"캐스팅/NNG","3"
"편안/NNG","3"
"시/XSN","9"
"IOS/OL","2"
"이래/NNB","5"
"복제/NNG","1"
"단순히/MAG","1"
"저작권/NNG","2"
"효과/NNG","3"
"한데/MAG","10"
"지금우리학교는/NNP","3"
"임력하/VA","1"
"느리/VV","5"
"종결/NNG","1"
"48/NR","1"
"프젝/UN","1"
"간만/NNG","4"
"쏘/VV","2"
"우/EFO","4"
"다구요/EFQ","2"
"잠금/NNG","38"
"하여/MAG","5"
"닥/UN","1"
"조은/NNG","4"
"앱이/UN","1"
"긍정/NNG","1"
"알바/NNG","2"
"방치/NNG","1"
"뜯/VV","1"
"거르/VV","1"
"들/JX","3"
"인터페이스/NNG","2"
"여지/NNB","1"
"U/OL","2"
"C/OL","1"
"케이블/NNG","1"
"DDD/OL","1"
"플로팅/NNG","1"
"플러스/NNG","2"
"갑작/MAG","1"
"야차/NNG","1"
"광/NNG","2"
"팬/NNG","2"
"쩨/UN","1"
"105/NR","1"
"저의/NNG","3"
"럱/UN","1"
"다섯/NR","3"
"만점/NNG","1"
"아쉽/VV","3"
"아따맘마/NNP","2"
"골고루/MAG","1"
"갖잖/UN","1"
"WHSSL/OL","1"
"TLQKF/OL","1"
"기쁨/NNG","1"
"합당/XR","1"
"오디오/NNG","4"
"실험/NNG","1"
"반짝/MAG","1"
"명작/NNG","3"
"스페인/NNG","1"
"어로/NNG","4"
"블랙/NNG","3"
"독/NNG","3"
"가버리/VV","4"
"공백/NNG","1"
"초/NNG","5"
"있았으/UN","1"
"근본/NNG","1"
"나타나/VV","7"
"일정/NNG","2"
"빈약/NNG","1"
"×/SW","8"
"100000000000000000000000000000000000000000000000000/NR","1"
"흐/MAG","3"
"귝규/UN","1"
"도요/NNG","1"
"햇/XPN","1"
"끓/VV","1"
"관계없/VA","1"
"켜/NNG","7"
"노버/UN","1"
"P/OL","5"
"PRO/OL","3"
"와이드/NNG","2"
"음에도/ECS","2"
"960/NR","1"
"540/NR","1"
"출력/NNG","2"
"잘나가/VV","2"
"니/JC","13"
"사라/NNG","1"
"계산/NNG","2"
"넷/NNG","12"
"무제한/NNG","2"
"라가/NNG","1"
"꿀꺽/MAG","1"
"라니/NNP","4"
"귀찮/VA","6"
"쓰면서/UN","1"
"봐/VV","3"
"어째서/MAG","2"
"잭/NNG","1"
"퇴근/NNG","1"
"씨네/NNG","1"
"편의점/NNG","2"
"맥주/NNG","1"
"버티/VV","3"
"안이/NNG","1"
"랬/UN","3"
"극의/NNG","1"
"소마/NNG","1"
"상/XSN","2"
"예고편/NNG","4"
"반달/NNG","1"
"급/NNG","3"
"찬밥/NNG","1"
"단무지/NNG","1"
"장지/NNG","1"
"욱/MAG","1"
"아줌마/NNG","1"
"톤/NNG","1"
"간지/NNG","2"
"니요/ECD","1"
"빠이/UN","2"
"HI/OL","1"
"LIGHT/OL","1"
"SPEED/OL","1"
"FLOWER/OL","1"
"DELIVERY/OL","1"
"쏘쿨/UN","1"
"FINDINGS/OL","1"
"주연/NNG","1"
"제니/MAG","1"
"잠/NNG","2"
"SUPPLY/OL","1"
"오래되/VV","3"
"안내면/NNP","1"
"득달/NNG","1"
"입금/NNG","1"
"정규/NNG","1"
"돌비/NNG","2"
"애트모스/NNG","1"
"헛/XPN","1"
"0.1/NR","3"
"단위/NNG","1"
"뚝뚝/MAG","5"
"뚝/MAG","2"
"이랬거든/UN","1"
"그리/MAG","1"
"평/NNG","2"
"허사/NNG","3"
"어색/NNG","1"
"어느/MAG","1"
"뉘앙스/NNG","1"
"타이/NNG","4"
"타이타닉/NNP","1"
"솔/NNG","2"
"직시/NNG","1"
"즌/UN","1"
"쨏/UN","1"
"응원/NNG","2"
"하사/NNG","1"
"즘/NNG","2"
"빤히/MAG","1"
"츼/UN","1"
"학리/NNG","1"
"다녀오/VV","1"
"으/UN","2"
"없애버/UN","1"
"비어지/VV","1"
"마니/NNG","2"
"포니/NNG","2"
"기분/NNG","6"
"나쁘/VA","7"
"입하/VV","1"
"헝/UN","1"
"거/NNG","2"
"불꽃/NNG","1"
"필터/NNG","4"
"되살리/VV","1"
"피우/VV","1"
"붙이/VV","1"
"너무하/VA","8"
"물/NNG","4"
"듬성듬성/MAG","1"
"이빨/NNG","1"
"끊킨/UN","1"
"개떡/NNG","3"
"주기/NNG","5"
"어쩧/VA","1"
"한일/NNG","1"
"한중/NNG","1"
"VPN/OL","3"
"봐야/UN","2"
"칠/NR","1"
"천/NR","3"
"죄이/VV","1"
"영/MAG","4"
"대중교통/NNG","1"
"현재/MAG","5"
"KBS/OL","2"
"체리/NNG","1"
"쳐먹/VV","1"
"굴/VV","2"
"군인/NNG","1"
"보통/NNG","2"
"소진/NNG","1"
"도로/NNG","3"
"원조/NNG","1"
"놌/UN","1"
"MORE/OL","1"
"짓거리/NNG","2"
"8.0/NR","2"
"일주일/NNG","10"
"격리/NNG","1"
"활/NNG","1"
"인도/NNG","5"
"재가/NNG","3"
"입시/NNG","1"
"누구/NP","3"
"크루/NNG","1"
"뵈/VV","1"
"되/ECD","1"
"지지/NNG","5"
"옷/NNG","1"
"입/VV","4"
"이슈/NNG","4"
"INFO/OL","2"
"오직/MAG","1"
"측면/NNG","1"
"구멍/NNG","1"
"나사/NNG","1"
"한정/NNG","3"
"오시/VV","1"
"이득/NNG","1"
"관계자/NNG","4"
"이야/JX","3"
"대응/NNG","5"
"멍하니/MAG","2"
"대책/NNG","1"
"강구/NNG","1"
"긴도/NNG","1"
"신지/NNG","1"
"선도/NNG","1"
"ㄴ데/EFN","5"
"피해/NNG","1"
"이주/NNG","2"
"버벅거리/VV","5"
"오랜만/NNG","2"
"쨩/UN","1"
"댜/UN","2"
"느뀜/UN","2"
"호구/NNG","2"
"XX/OL","1"
"튜/UN","1"
"187/NR","5"
"갓/VA","1"
"시정/NNG","2"
"APP/OL","1"
"열림/NNP","3"
"니에/UN","1"
"있/VXA","2"
"막/MAG","7"
"끊/VV","17"
"한이/NNP","1"
"맺히/VV","1"
"쥬라기/NNG","2"
"월드/NNP","4"
"타이틀/NNG","1"
"미동/NNG","1"
"긷/VV","3"
"곤란/NNG","2"
"월래/NNG","1"
"지꾸/UN","1"
"짝짝/MAG","1"
"굿잡/UN","1"
"특별히/MAG","1"
"알/NNM","1"
"자라/VV","1"
"글로/MAG","4"
"벌/NNG","3"
"결/NNG","8"
"예로/NNG","1"
"히어로/NNG","1"
"아카데미/NNG","3"
"니스/NNG","1"
"타의/NNG","1"
"수기/NNG","1"
"환락의거리/NNP","2"
"부팅/NNG","9"
"엊그제/NNG","1"
"창만/NNG","3"
"신속/NNG","1"
"다네요/EFN","2"
"대꾸/NNG","1"
"한국판/NNG","1"
"호소/NNG","3"
"번복/NNG","1"
"효/NNG","2"
"민박/NNG","1"
"사시/NNG","1"
"세끼/NNG","2"
"되노/UN","1"
"TLQK/OL","1"
"페니/NNG","1"
"풀/NNG","4"
"숨넘어가/VV","1"
"유료/NNG","17"
"하질/NNG","3"
"NET/OL","1"
"ERR/OL","1"
"UNKNOWN/OL","1"
"URL/OL","1"
"SCHEME/OL","1"
"배상/NNG","1"
"저해/NNG","1"
"마무리/NNG","5"
"구/XPN","2"
"러/NNP","10"
"삼/NR","3"
"일쯤/NNG","2"
"되요/ECD","1"
"풍혈/NNG","1"
"빨리/VV","1"
"드러가/VV","1"
"릴/NNM","1"
"기만/NR","6"
"접석/NNG","1"
"GIMME/OL","1"
"MONEY/OL","1"
"BACK/OL","1"
"브룩/UN","1"
"클린/NNG","1"
"최대화/NNG","1"
"저/XPN","3"
"공/NR","2"
"유로/NNM","1"
"식이/NNG","1"
"전달/NNG","2"
"잎/NNG","1"
"임시/NNG","1"
"방편/NNG","1"
"맞/VA","1"
"원인/NNG","4"
"함/MAG","2"
"파악/NNG","1"
"업무/NNG","1"
"베타/NNG","6"
"테스터/NNG","2"
"그러/MAG","1"
"ㄴ다고요/EFN","1"
"외국계/NNG","1"
"명확/XR","2"
"단계/NNG","2"
"영문/NNG","5"
"진작에/MAG","2"
"가하/VV","2"
"보지/NNG","1"
"근육질/NNG","1"
"아저씨/NNG","3"
"잠깐/MAG","2"
"합류/NNG","1"
"기완/NNG","1"
"십계/NNG","2"
"궁금/XR","7"
"화들/MAG","1"
"뒷이야기/NNG","1"
"답장/NNG","2"
"순위/NNG","7"
"월/NNG","4"
"개꿀/NNG","4"
"지수/NNG","1"
"모름/NNP","3"
"가입자/NNG","2"
"ㄴ데요/ECD","3"
"난리통/NNG","1"
"더러/JKO","1"
"번창/NNG","4"
"GPAD/OL","1"
"525/NR","1"
"이러하/VA","2"
"로딩창/UN","1"
"태/VV","2"
"예/VV","2"
"황당/XR","1"
"ㄹ까요/ECD","9"
"TIVO/OL","1"
"기로/ECD","2"
"미상/NNG","1"
"멸/UN","1"
"오/EFN","2"
"끊/VA","1"
"없엄/UN","1"
"어캐/UN","2"
"재미나/VV","2"
"베이/NNG","2"
"블레이드/NNG","1"
"포/NNG","4"
"켔/UN","1"
"몬스터/NNG","2"
"잘못하/VV","1"
"절대/MAG","5"
"프로그래머/NNG","1"
"무임승차/NNG","3"
"채/VV","1"
"가지도/NNG","1"
"아랫글/UN","1"
"비우/VV","1"
"뒤지/VV","3"
"알아내/VV","1"
"지/VV","5"
"세포/NNG","1"
"퀴/UN","1"
"두개/NNG","3"
"마침/MAG","1"
"우리/VV","1"
"취향/NNG","3"
"저격/NNG","1"
"다행/NNG","2"
"때마침/MAG","1"
"갑/NNG","7"
"당당/MAG","1"
"풀리고/NNG","1"
"전기종/NNG","1"
"찍/VV","5"
"결과/NNG","1"
"풀리/VV","9"
"일치/NNG","1"
"라서요/ECD","1"
"딸/VV","1"
"지남/NNG","2"
"퍼센트/NNM","1"
"다되/VA","1"
"드/XPN","6"
"의/NNG","2"
"지치/VV","1"
"2022/NR","1"
"XS/OL","1"
"애플/NNG","1"
"시음/NNG","1"
"왓으/UN","1"
"이곳/NP","1"
"음/NNG","5"
"5.2채널/NNG","1"
"번거롭/VA","3"
"본받/VV","1"
"아라/EFO","2"
"소중/XR","2"
"소원/NNG","3"
"이루어지/VV","3"
"조금씩/MAG","1"
"질리/VV","3"
"있아/UN","1"
"취침/NNG","3"
"잠들/VV","2"
"하도/MAG","2"
"땜시/MAG","1"
"영화관/NNG","1"
"힘들/VV","1"
"ㄹ지요/ECD","1"
"지인/NNG","3"
"자랑/NNG","1"
"봣/UN","1"
"금액/NNG","7"
"양이/NNG","1"
"좋습나/UN","1"
"다/JC","4"
"요구/NNG","3"
"좋은/UN","1"
"뒈/VV","1"
"꼬/UN","1"
"꼴/VV","1"
"무랑/NNG","1"
"서/NNG","2"
"훠/UN","1"
"78887/NR","1"
"혀/NNG","1"
"묘/NNG","1"
"교/NNG","2"
"기민/NNG","1"
"명령/NNG","1"
"그레/NNG","2"
"검색기능/NNG","1"
"UI/OL","10"
"구현/NNG","4"
"LANGUAGE/OL","1"
"LEARNLING/OL","1"
"WITH/OL","1"
"최소/NNG","2"
"VR/OL","1"
"불수/NNG","1"
"히/IC","2"
"000/NR","3"
"테/NNM","1"
"혼나/VV","1"
"원유/NNG","1"
"4.1/NR","1"
"초간/NNG","2"
"아이패드/NNG","2"
"산지/NNG","1"
"떠들/VV","2"
"대/VXV","1"
"자신/NNG","2"
"부끄럽/VA","1"
"없이/VV","2"
"1009/NR","8"
"가보/VV","3"
"외부/NNG","4"
"사이트/NNG","11"
"속편/NNG","1"
"등장인물/NNG","1"
"레이터/NNG","1"
"꽤/MAG","3"
"말해/NNG","1"
"OP/OL","1"
"ED/OL","1"
"떡/NNG","2"
"원어/NNG","1"
"예정일/NNG","2"
"자/EFA","1"
"체/NNB","1"
"절단면/NNG","1"
"담배/NNG","2"
"깝깝/UN","1"
"대기/NNG","5"
"어학/NNG","1"
"집사부/NNG","1"
"일체/NNG","1"
"아시/NNG","3"
"워/UN","2"
"헤/MAG","3"
"리포터/NNG","1"
"반지/NNG","1"
"제왕/NNG","1"
"에비/IC","1"
"쨋/UN","1"
"멀리/MAG","1"
"많네/UN","1"
"많을/UN","1"
"요/UN","1"
"재난/NNG","3"
"끝내/VV","1"
"달리/MAG","1"
"김새/VV","1"
"，/SP","1"
"요/XPN","2"
"금제/NNG","2"
"해상/NNG","1"
"는다고/EFQ","2"
"고소/NNG","1"
"누/EFQ","2"
"멋/NNG","4"
"취하/VV","7"
"열심히/MAG","2"
"이요/NNG","4"
"보스/NNG","2"
"베이비/NNG","2"
"님/NNB","3"
"준거/NNG","1"
"야이/UN","1"
"씨/NNB","4"
"한편/NNG","2"
"수십/NR","4"
"수백/NR","1"
"끼/NNG","2"
"음애/NNG","1"
"랭귀지/NNG","1"
"모/VV","1"
"계/NNG","4"
"정이/NNG","1"
"프사으/UN","1"
"사자/NNG","1"
"별자리/NNG","1"
"큰으/UN","1"
"범/NNG","1"
"신/VV","2"
"너와/NNG","1"
"수업/NNG","3"
"씻팔/UN","1"
"내놓/VV","3"
"내/VXV","1"
"미/NNM","2"
"CHIN/OL","1"
"좀비/NNG","2"
"낳와/UN","1"
"드가/VV","3"
"탱/UN","1"
"지속/NNG","2"
"헤/VV","2"
"세/VV","2"
"여가/NNG","2"
"몰/NNG","1"
"듯/ECD","2"
"설/NNG","1"
"강화/NNG","1"
"혹/MAG","2"
"공계/NNG","2"
"작자/NNG","1"
"ULTRA/OL","1"
"제죠/UN","1"
"관하/VV","1"
"햇엇/UN","1"
"영자/NNG","1"
"지식/NNG","1"
"하마터면/MAG","1"
"늦어지/VV","1"
"뭉/UN","1"
"찬/NNG","1"
"NETFLIIX/OL","1"
"아마존/NNG","1"
"수초/NNG","1"
"빠져나오/VV","1"
"화웨이/UN","1"
"중국/NNG","3"
"빼가려/UN","1"
"고/JC","1"
"속지/NNG","3"
"마세/NNG","5"
"거짓/NNG","1"
"일주/NNG","2"
"기껏해야/MAG","1"
"각성/NNG","1"
"압축/NNG","1"
"WINDOWS/OL","1"
"마이크로/NNG","1"
"소프트/NNG","1"
"번역기/NNG","1"
"번화/XR","1"
"조취/NNG","2"
"어쩐지/MAG","1"
"올/VV","1"
"보개/NNG","1"
"많들어주세/UN","1"
"프레디/UN","1"
"피자/NNG","1"
"가게/NNG","1"
"OO/OL","1"
"보통/MAG","1"
"잠자/VV","3"
"담/NNG","3"
"아쉬움/NNG","6"
"뒈지/VV","1"
"몇몇/NR","1"
"채/NNB","2"
"있네요/UN","1"
"성우/NNP","7"
"아까/MAG","3"
"더욱더/MAG","2"
"웹드라마/NNG","2"
"앞뒤/NNG","3"
"국적/NNG","1"
"짱나/VV","2"
"OST/OL","1"
"쏙/MAG","1"
"광범위/NNG","1"
"주일/NNM","1"
"좝/UN","1"
"정말/NNG","1"
"컬렉션/NNG","1"
"실수/NNG","3"
"썻/UN","1"
"까보/VV","1"
"청춘/NNG","3"
"돼지/NNG","2"
"가슴/NNG","1"
"눈물/NNG","1"
"자리/NNG","2"
"화웨이/NNG","3"
"초기/NNG","6"
"태도/NNG","2"
"방대/XR","2"
"안일/NNG","1"
"훅/MAG","1"
"막판/NNG","1"
"달리/VV","2"
"판/XSN","4"
"ㄴ대요/EFN","1"
"오랫만/NNG","1"
"라네요/EFN","1"
"꺼뜨리/VV","1"
"무장/NNG","1"
"마키아벨리즘/NNG","1"
"언제/NP","4"
"린/UN","2"
"레이어/NNG","1"
"라프/NNG","1"
"텔/UN","1"
"으려나/EFQ","1"
"련지/UN","1"
"사운드/NNG","3"
"최상/NNG","3"
"면서요/ECE","1"
"않도/UN","1"
"꽉/MAG","2"
"차/VV","7"
"입하/NNG","1"
"갓/MAG","1"
"구독자/NNG","1"
"속이/NNG","1"
"총/NNG","2"
"메모/NNG","1"
"다음번/NNG","1"
"라더/NNG","1"
"질문/NNG","2"
"는다는/ETD","1"
"황/NNG","2"
"그저께/NNG","1"
"그제/NNG","3"
"보고/JKM","1"
"더군요/EFN","2"
"현기/NNG","1"
"머지/NNG","1"
"레이디/NNG","1"
"차가/NNG","1"
"산타/NNG","1"
"복수/NNG","1"
"해소/NNG","1"
"펜트하우/UN","1"
"ONE/OL","1"
"4.0/NR","1"
"어쩌다/MAG","2"
"의사/NNG","2"
"남녀/NNG","1"
"노소/NNG","1"
"개판/NNG","5"
"윈/UN","1"
"넘어오/VV","2"
"적이/MAG","4"
"재탕/NNG","1"
"탕/NNM","1"
"그만/MAG","5"
"에이/VV","1"
"헉/MAG","1"
"안보/NNG","3"
"화질이/UN","2"
"지직거리/VV","1"
"뮌/UN","2"
"대하여/UN","1"
"꾸도/UN","1"
"처벌/NNG","1"
"라이/NNG","3"
"데/NNG","5"
"가세/NNG","1"
"마려/NNG","1"
"가인/NNG","1"
"완국/NNG","1"
"민/NNG","2"
"업데이트는/UN","1"
"체널/NNG","1"
"아마/MAG","2"
"핸폰들/UN","1"
"원수/NNG","1"
"케끊/UN","1"
"엉엉/MAG","2"
"캐릭터/NNG","2"
"연기/NNG","1"
"즉/MAG","3"
"커리어/NNG","1"
"굉장히/MAG","4"
"원작/NNG","1"
"훼손/NNG","1"
"윗/NNG","1"
"덜/MAG","2"
"아무런/MDT","1"
"반응/NNG","2"
"부산/NNG","1"
"행/NNG","2"
"랙/NNG","4"
"샤샤/UN","1"
"7667/NR","1"
"랴샤/UN","1"
"그날/NNG","1"
"가면/NNG","2"
"합/NNG","1"
"사항/NNG","3"
"501/NR","14"
"109/NR","14"
"어제/MAG","1"
"작업/NNG","1"
"배스/NNG","1"
"천이/NNG","1"
"세바/NNG","1"
"스찬/UN","1"
"거애니메이션/NNG","1"
"하늘/NNG","2"
"부/NNM","1"
"지나가/VV","1"
"등/NNG","4"
"싶/VX","1"
"자고/EFQ","1"
"꾸/VV","2"
"언니/NNG","2"
"따박따박/MAG","1"
"도쿄리벤져스/NNP","2"
"주기적/NNG","2"
"려니/EFN","2"
"목소리/NNG","1"
"콕/NNG","1"
"대안/NNG","1"
"알아보/VV","2"
"Z/OL","5"
"플립/NNG","7"
"품달/NNG","1"
"어하/NNG","1"
"라이온/NNG","1"
"겨울/NNG","1"
"왕국/NNG","2"
"응/UN","3"
"씹덕/UN","1"
"소아/NNG","1"
"온/NNG","3"
"정말로/MAG","3"
"거도/NNG","2"
"레이스/NNG","1"
"빡쳤어/UN","1"
"저화/NNG","1"
"본/NNG","4"
"콘센트/NNG","1"
"본거/NNG","2"
"각종/NNG","1"
"한국에서는/UN","1"
"더욱/MAG","2"
"POCOX/OL","1"
"1000/NR","1"
"인앱/NNG","2"
"수수료/NNG","1"
"그러나/MAC","1"
"명의/NNG","3"
"부활/NNG","4"
"만원/NNG","1"
"어린아이/NNG","1"
"나/NNG","2"
"끊힘/UN","1"
"슈/UN","1"
"슈가룬/UN","1"
"캐릭/NNG","4"
"체인/NNG","2"
"꿈빛파티쉐/UN","1"
"랭킹/NNG","1"
"요즘/MAG","2"
"추억/NNG","3"
"넘보/VV","1"
"지고/NNG","1"
"눌/VV","2"
"주기도/NNG","1"
"만들기/NNG","1"
"자두/NNG","1"
"제주도/NNP","1"
"14500/NR","3"
"제로/NNG","3"
"딴말하/VV","1"
"소굴/NNG","1"
"동작/NNG","2"
"우려먹/VV","1"
"강아지/NNG","1"
"고려/NNP","3"
"와요/NNG","1"
"WALKING/OL","1"
"DEAD/OL","1"
"검새/NNG","1"
"에트/UN","1"
"넷플릭스.COM/UN","3"
"인건/NNG","1"
"한지/NNG","1"
"옵니다/EFN","1"
"티빙/UN","1"
"때쯤/NNG","1"
"은근/NNG","1"
"권한/NNG","1"
"허용/NNG","2"
"자/NNM","1"
"번하/VA","2"
"안본/NNG","2"
"공유자/NNG","1"
">/SS","10"
"혈연관계/NNG","1"
"IP/OL","1"
"오차/NNG","1"
"메/NR","1"
"온/MDT","1"
"형식/NNG","2"
"개소리/NNG","1"
"유출/NNG","3"
"우려/NNG","1"
"기관/NNG","1"
"불안/NNG","1"
"이대/NNG","1"
"라이더/NNG","2"
"빌드/UN","1"
"세이버/NNG","1"
"수많/VA","2"
"구분/NNG","1"
"어요만/ECE","1"
"들어보/VV","1"
"때/VV","4"
"OK/OL","1"
"끌/VV","1"
"DEX/OL","2"
"스탠다드/NNG","1"
"저포/NNG","2"
"아도요/ECD","1"
"외화/NNG","1"
"OS/OL","2"
"문제없/VA","2"
"햐/UN","1"
"좋타/UN","1"
"성명/NNG","1"
"공포/NNG","3"
"스릴러/NNG","1"
"싫어요/UN","1"
"낫/VV","3"
"이민/NNG","1"
"호/NNG","4"
"시티/NNG","1"
"선정적/NNG","1"
"하심/NNG","2"
"보/VX","2"
"지은/NNG","1"
"쟈밌/UN","1"
"랴/ECE","1"
"파이/NNG","2"
"비전/NNG","1"
"오레오/NNG","1"
"내려오/VV","1"
"쪼/VV","3"
"되느/UN","1"
"ㄴ걸/EFN","1"
"다고만/ECE","2"
"자야/NNG","2"
"친절히/MAG","1"
"보완/NNG","2"
"대체로/MAG","1"
"펜/NNG","1"
"하가/NNG","1"
"바라/NNG","1"
"신서/NNG","2"
"유기/NNG","4"
"PLZ/OL","1"
"성능/NNG","2"
"빻/VV","3"
"해보면/NNP","1"
"시청가능/NNG","2"
"깜박/MAG","1"
"영영/MAG","1"
"N/OL","3"
"고처/NNG","2"
"OAD/OL","1"
"2021/NR","3"
"지경/NNB","2"
"널리/VV","1"
"얻/VV","2"
"빅뱅/NNG","2"
"이론/NNG","2"
"리틀/NNG","1"
"별루/MAG","2"
"억울/XR","1"
"소용없/VA","4"
"빨강/NNG","1"
"원고/NNG","1"
"어플/NNG","2"
"확대/NNG","1"
"인지/NNG","5"
"웨으브/UN","1"
"삭/MAG","2"
"제후/NNG","2"
"첯/UN","1"
"추/NNG","4"
"률/XSN","1"
"으로서/JKM","1"
"충격/NNG","1"
"스러워/VV","1"
"아무튼/MAG","2"
"고등/NNG","2"
"래퍼/NNG","2"
"2022.01/NR","1"
"31/NR","2"
"DOESN/OL","1"
"WORK/OL","1"
"분노/NNG","1"
"질주/NNG","2"
"유니버설/NNG","1"
"그때/NNG","5"
"달르/VA","1"
"길들이/VV","1"
"어두/VV","1"
"조절가능/NNG","1"
"크롤/NNG","1"
"멀쩡히/MAG","1"
"기억/NNG","2"
"개화/NNG","1"
"그램/NNM","1"
"랫엇/UN","1"
"주/NNM","6"
"꿉/VV","1"
"72/NR","1"
"요함/NNG","1"
"규/UN","2"
"주지도/NNG","1"
"나르/VV","1"
"이구/NNG","2"
"야하/VA","3"
"얼/VV","3"
"젠/UN","1"
"늦/VV","3"
"못/NNG","7"
"돋/VV","4"
"가볍/VA","1"
"혹시나/NNG","3"
"반복되/UN","1"
"빛/NNG","2"
"파티/NNG","6"
"엘도/NNG","1"
"일단/NNG","1"
"금요일/NNG","1"
"ㅂ니다요/EFN","1"
"갖추/VV","1"
"자유/NNG","3"
"스팀/NNG","1"
"평점/NNG","3"
"미드같/UN","1"
"빼놓/VV","1"
"왕좌/NNG","3"
"지이/VV","1"
"젓/VV","1"
"헌터헌터/NNP","1"
"모브사이코/NNP","1"
"진구의달탐사기/NNP","1"
"진구의아프리카모험/NNP","1"
"베코와5인의탐험대/NNP","1"
"스토브리그/NNP","1"
"마치/VV","5"
"밀리/VV","1"
"느림/NNG","1"
"유아/NNG","1"
"끝가지/NNG","1"
"연금술/NNG","2"
"만료/NNG","3"
"선녀/NNG","1"
"어딨/VA","1"
"맛있/VA","2"
"잡히/VV","2"
"업뎃이후/UN","1"
"터무니없이/MAG","1"
"한동안/NNG","1"
"흰바탕/NNG","1"
"무가/NNG","1"
"많이/UN","4"
"내구/NNG","1"
"뭉치/VV","1"
"24/NR","3"
"지브/NNG","2"
"리/XSN","7"
"작/NNG","3"
"해결안/NNG","3"
"으세요/EFA","3"
"멋지/VA","1"
"화랑/NNG","1"
"일일/NNG","1"
"국가/NNG","6"
"혼란/NNG","1"
"안정/NNG","1"
"가겠/UN","1"
"변화/NNG","2"
"외/VA","2"
"헬스/NNG","1"
"키친/NNG","1"
"마스터/NNG","1"
"셰프/UN","1"
"쥐/VV","2"
"해야/UN","1"
"재연/NNG","1"
"디테일/NNG","1"
"도와주/VV","2"
"개중/NNG","1"
"훑어보/VV","1"
"점수/NNG","2"
"잡아두/VV","1"
"필수/NNG","1"
"먹지/NNG","1"
"쾌척/NNG","1"
"끈기/NNG","1"
"한참/NNG","7"
"일등/NNG","1"
"궁금해하/VV","1"
"계시/VV","3"
"씽/UN","1"
"재/NNB","2"
"부과/NNG","1"
"전산/NNG","2"
"대답/NNG","1"
"잉/MAG","1"
"어르신/NNG","4"
"고지/NNG","2"
"뒷날/NNG","1"
"차액/NNG","1"
"일찍/MAG","3"
"대처/NNG","2"
"수계/NNG","1"
"산/XSN","1"
"9500/NR","1"
"직이/VV","1"
"그제야/MAG","1"
"사먹/VV","1"
"무조건/NNG","3"
"청해/NNP","1"
"좋와/UN","2"
"LIST/OL","1"
"치하/NNG","1"
"물가/NNG","1"
"상승/NNG","1"
"그런데/MAG","1"
"합리적/NNG","1"
"정부/NNG","2"
"내부/NNG","1"
"척/NNB","1"
"기발/XR","1"
"한심/XR","1"
"괘씸/XR","2"
"선두/NNG","1"
"부끄럽/VV","1"
"래요/UN","1"
"고스트/NNG","5"
"닥터/NNG","2"
"으려는/ETD","1"
"만듬/NNG","1"
"시커멓/VA","2"
"가래/NNG","1"
"마마/NNG","1"
"마지/NNG","1"
"똑같이/MAG","1"
"이리/MAG","3"
"없오/UN","1"
"추가/UN","1"
"화랑도/NNG","1"
"욯/UN","1"
"인시/NNG","1"
"아들/NNG","1"
"젬/UN","1"
"떠/VV","2"
"유곽/NNG","4"
"크리/NNG","1"
"티브/UN","1"
"창조/NNG","2"
"생각합시/UN","1"
"보상/NNG","6"
"윈도우/NNG","2"
"디요/EFQ","1"
"해아/NNG","1"
"모라/NNG","1"
"낭만/NNG","1"
"사부/NNG","1"
"디/NNB","1"
"보이스/NNG","4"
"개/XPN","1"
"화병/NNG","1"
"나야/UN","1"
"사/ECD","1"
"라지/NNG","1"
"구리/NNG","1"
"중만/NNG","2"
"기회/NNG","3"
"노릇/NNG","1"
"차별/NNG","4"
"서럽/VA","1"
"반요야샤히메","1"
"유/XPN","1"
"더/NNG","1"
"삶이/NNG","1"
"PNH/OL","1"
"0486/NR","1"
"메시지/NNG","5"
"긁히/VV","1"
"진짜로/MAG","3"
"구림/NNG","3"
"에/JC","2"
"바지/NNG","1"
"별도/NNG","1"
"단어/NNG","4"
"요렇게/MAG","1"
"렌고쿠외전/NNP","2"
"대론/NNG","1"
"애청/NNG","1"
"ㄹ수록/ECD","1"
"담/EFN","1"
"형/NNG","2"
"인셉션/NNP","1"
"인셉션/UN","1"
"SBS/OL","2"
"TVN/OL","2"
"매일/MAG","3"
"봐요/UN","1"
"마블/NNG","4"
"갖고오/VV","1"
"인하/NNG","3"
"철인/NNG","2"
"왕후/NNG","2"
"구미호뎐/NNP","4"
"쿠/VV","1"
"중임/NNG","1"
"팔/VV","1"
"격돌/NNG","1"
"낙서/NNG","1"
"얼추/MAG","1"
"용사/NNG","1"
"슈가슈/UN","1"
"룬/UN","1"
"같은/UN","1"
"화웨이탭/NNG","1"
"냉/NNG","1"
"그닥/MAG","2"
"렵/UN","1"
"에다가/JKO","1"
"보시/NNG","1"
"럭/UN","2"
"여러번/NNG","2"
"고장/NNG","1"
"부수/VV","1"
"잡/VV","5"
"요금제/UN","1"
"중간에/UN","1"
"유도/NNG","2"
"MOVIE/OL","1"
"GONE/OL","1"
"일나/VV","1"
"여전히/MAG","2"
"머물/VV","1"
"536/NR","1"
"시/NNB","3"
"검토/NNG","1"
"체험/NNG","8"
"매도/NNG","1"
"악의/NNG","1"
"우리집/NNG","1"
"현관문/NNG","1"
"멸망/NNG","1"
"죙/UN","1"
"구죠/UN","1"
"결말/NNG","2"
"기획/NNG","1"
"아무/NP","4"
"상식/NNG","1"
"하얗/VA","2"
"껏/XSN","1"
"분의/NNG","1"
"전후/NNG","1"
"비/VV","1"
"그해/NNG","1"
"재일/NNG","1"
"해적/NNG","1"
"건느/VV","1"
"뛰/VV","1"
"뇌/NNG","1"
"페이즈/UN","1"
"SNL/OL","1"
"새벽/NNG","2"
"쯤/NNG","2"
"슬슬/MAG","3"
"아호희환니라/UN","1"
"IF/OL","1"
"GET/OL","1"
"OFF/OL","2"
"MY/OL","1"
"HERO/OL","1"
"ACADEMY/OL","1"
"KILL/OL","1"
"디/EFQ","1"
"《/SS","1"
"툰/UN","1"
"꼬리/NNG","1"
"잡기/NNG","1"
"사용중/NNG","4"
"공통적/NNG","1"
"강등/NNG","1"
"응대/NNG","2"
"오전/NNG","1"
"허비/NNG","1"
"만큼/JX","2"
"족쓰/UN","1"
"문호스트레이독/NNP","1"
"며/JC","1"
"실종/NNG","1"
"공룡/NNG","4"
"점박이/NNG","1"
"문하/NNG","2"
"900/NR","2"
"모아/NNP","1"
"혜택/NNG","1"
"빡세/VA","2"
"벗어나/VV","1"
"지르/VV","2"
"시대/NNG","3"
"중독성/NNG","1"
"강한/NNG","1"
"빠져들/VV","1"
"징글징글/MAG","1"
"몸/NNG","1"
"실시간/NNG","3"
"알아두/VV","1"
"좋급니/UN","1"
"읃/VV","1"
"알아야/UN","1"
"아가/NNG","1"
"우연/NNG","1"
"음량/NNG","1"
"한층/MAG","2"
"고급/NNG","1"
"자리잡/VV","1"
"인지도/NNG","2"
"막강/NNG","1"
"영향력/NNG","1"
"지리/NNG","1"
"매기/VV","1"
"미만/NNG","5"
"말일/NNG","1"
"한도/NNG","1"
"차서/NNG","2"
"직격/NNG","1"
"않/VXA","2"
"단연/MAG","1"
"일거/NNG","1"
"출시/NNG","4"
"불법/NNG","2"
"그지/NNG","1"
"대도/NNG","2"
"재미었/UN","2"
"갯수/UN","1"
"섬세/NNG","1"
"하구/NNG","2"
"다라/NNG","2"
"거만/NNG","2"
"저러/VV","2"
"잠시/NNG","1"
"톡/MAG","2"
"겨우겨우/MAG","1"
"살짝/MAG","2"
"콧날/NNG","1"
"편만/NNG","2"
"보고/JKO","1"
"헤매/VV","1"
"누나/NNG","1"
"구경/NNG","1"
"빵빵/XR","1"
"수동/NNP","3"
"문스/UN","1"
"포르투/NNG","1"
"칼/NNG","1"
"강력/NNG","1"
"청원/NNG","1"
"이큐/NNG","1"
"차/NNB","1"
"공평/NNG","1"
"박히/VV","1"
"몬/MAG","1"
"토피/NNG","1"
"아랑/NNG","1"
"주먹/NNG","3"
"왕/NNG","3"
"랄프/UN","3"
"교체/NNG","1"
"로제/NNG","1"
"벨벳/NNG","1"
"사리/VV","1"
"최종회/NNG","1"
"말미/NNG","1"
"예고/NNG","1"
"간단/NNG","1"
"유행어/NNG","1"
"강청/NNG","1"
"다음달/NNG","3"
"으려구요/ECD","1"
"기반/NNG","1"
"떠넘기/VV","1"
"월정/NNG","2"
"액/NNG","2"
"뮤츠의역습/NNP","1"
"태양/NNG","3"
"후예/NNG","3"
"제법/MAG","1"
"흥미진진/XR","1"
"크리스마스/NNG","4"
"야호/IC","1"
"한/XPN","1"
"새삼/MAG","1"
"온오프/NNG","1"
"가입비/NNG","2"
"시루/NNG","1"
"충/NNG","1"
"릉/UN","1"
"자연/NNG","1"
"스랍/UN","1"
"부쩍/MAG","1"
"빈도/NNG","1"
"아무래도/MAG","1"
"비교적/MAG","1"
"음요/ETN","1"
"갔가/UN","1"
"포맷/NNG","1"
"달렜더/UN","1"
"우회/NNG","2"
"이러/MAG","1"
"꼬박/MAG","2"
"갸지/UN","1"
"파워/NNG","3"
"레인저/NNG","3"
"적엇/UN","1"
"기름지/VA","1"
"멜로/NNG","1"
"마이너스/NNG","1"
"성질/NNG","1"
"부재/NNG","1"
"하단/NNG","1"
"이하/NNG","1"
"져스/UN","1"
"미안/NNG","1"
"백배/MAG","1"
"밍/UN","1"
"사용료/NNG","2"
"인도네시아/NNG","2"
"선호/NNG","1"
"중국어/NNG","2"
"상의/NNG","1"
"가시/VV","1"
"풀어놓/VV","1"
"림/XSN","1"
"송하/NNP","1"
"신사/NNG","1"
"아가씨/NNG","1"
"신호/NNG","1"
"버디/NNG","1"
"아주/NNP","2"
"후발/NNG","1"
"주자/NNG","1"
"팔/NNG","1"
"폭/NNG","2"
"빛나/VV","1"
"스파이/NNG","1"
"매/VV","2"
"말로/NNG","1"
"시험/NNG","2"
"자면/ECE","1"
"속어/NNG","1"
"은어/NNG","1"
"내일/NNG","1"
"일/XSN","2"
"정석/NNG","1"
"과감/XR","1"
"특별/NNG","1"
"차별화/NNG","1"
"기대되/VV","1"
"무좋/UN","1"
"분명/NNG","2"
"패밀리/NNG","1"
"왼쪽/NNG","2"
"생성/NNG","2"
"단순/NNG","1"
"메기/VV","1"
"게시/NNG","2"
"선물/NNG","1"
"하루하루/MAG","1"
"뒤죽박죽/NNG","2"
"전어/NNG","1"
"금방/MAG","1"
"주목/NNG","1"
"랄/UN","2"
"1111/NR","2"
"버즈/NNG","1"
"다른어플/UN","1"
"보여/NNG","2"
"앤/NNG","2"
"??/SW","1"
"시원찮/VA","1"
"그녀/NP","1"
"9900/NR","1"
"19000/NR","1"
"출금/NNG","1"
"성공/NNG","1"
"작전/NNG","1"
"퀴리/NNG","1"
"로렉스/NNP","1"
"속상하/VA","1"
"대문자/NNG","1"
"매이/VV","1"
"아이리스/NNG","1"
"당분간/MAG","1"
"잠깐/NNG","1"
"깜빡하/VV","1"
"일이/XR","1"
"딸아이/NNG","2"
"와우/NNG","2"
"을/NNG","2"
"조종/NNG","1"
"구동/NNP","1"
"변환/NNG","1"
"추정/NNG","1"
"1988/NR","2"
"아니/MAG","1"
"이천/NNG","1"
"원/XSN","1"
"간하/VV","1"
"쓸데없/VA","1"
"문화/NNG","1"
"상품권/NNG","1"
"CC/OL","2"
"남편/NNG","1"
"너쩌/UN","1"
"구/JC","1"
"직/NNG","1"
"히/XSN","1"
"주일/NNG","1"
"겁나/VV","1"
"눈물나/VV","1"
"진행하/VV","1"
"라지/EFN","1"
"통신/NNG","1"
"통신비/NNG","1"
"앞당기/VV","1"
"배터리/NNG","1"
"불쌍/XR","1"
"부르/VV","1"
"팔아먹/VV","1"
"2020.8/NR","1"
"FULL/OL","1"
"그딴/MDT","2"
"기만/NNG","2"
"상당/NNG","1"
"거짓말/NNG","1"
"햇갈리/VA","1"
"금쪽같/VA","1"
"적/NNB","1"
"한정적/NNG","1"
"편당/NNG","1"
"괞/UN","1"
"질려/NNG","1"
"무식/NNG","2"
"음향/NNG","5"
"상대/NNG","1"
"으려/ECD","1"
"힘/NNG","1"
"이웃집/NNG","1"
"향이/NNG","1"
"후기/NNG","1"
"평/NNM","1"
"달아보/VV","1"
"플레이스테이션/NNG","2"
"앗/VV","1"
"아용하/VV","1"
"라뇨/UN","1"
"했더/UN","1"
"회비/NNG","1"
"기범/NNP","1"
"미가/NNG","1"
"음질/NNG","2"
"있어요/UN","1"
"되어가/VV","1"
"어플이라/UN","1"
"이래/MAG","1"
"어메이/NNG","1"
"자객/NNG","1"
"육/NNG","1"
"칙/UN","1"
"인원/NNG","1"
"익숙/XR","1"
"개인별/NNG","1"
"부여/NNG","1"
"자막싱크/UN","1"
"충분/XR","1"
"전번/NNG","1"
"정원/NNG","8"
"답/NNB","3"
"변/NNG","1"
"디지/VV","1"
"기울/VV","1"
"「/SS","1"
"」/SS","1"
"리치/NNG","1"
"만하/XSA","1"
"자꾸만/MAG","2"
"시동/NNP","2"
"동/NNG","1"
"같/VV","2"
"스포일러/NNG","1"
"심보/NNG","1"
"촌스럽/VA","2"
"나락/NNG","1"
"윽/IC","1"
"하소/NNG","1"
"연하/VV","1"
"기술자/NNG","1"
"올린다/UN","1"
"형광등/NNG","1"
"격/NNB","1"
"여전/XR","1"
"결국/MAG","1"
"다니요/EFN","2"
"제안/NNG","2"
"첨/MAG","1"
"장되/NNG","1"
"한창/MAG","1"
"쿠로코/UN","1"
"농구/NNG","1"
"그만큼/NNG","1"
"주르르/MAG","1"
"륵/UN","1"
"펼쳐지/VV","1"
"슬라이드/NNG","1"
"지나치/VA","1"
"인용/NNG","1"
"비효율/NNG","1"
"적임/NNG","1"
"탐/NNG","2"
"막이/NNG","1"
"플리즈/IC","3"
"이러/XR","1"
"지/XSA","2"
"아/JKI","1"
"공감/NNG","1"
"대부분/MAG","1"
"뺨치/VV","1"
"용두사/NNG","1"
"미식/NNG","1"
"어설프/VA","1"
"전개/NNG","1"
"프로필/UN","1"
"쿠/ECE","1"
"크를/UN","1"
"일일히/MAG","1"
"괜/UN","2"
"추/VV","1"
"되풀이/NNG","1"
"신속히/MAG","2"
"한명/NNG","1"
"거로/NNG","1"
"꾸준히/MAG","1"
"루이/UN","1"
"실시/NNG","1"
"관계/NNG","1"
"건강/NNG","1"
"예수/NNG","1"
"기도/NNG","1"
"아멘/NNG","1"
"징그럽/VA","1"
"기복/NNG","1"
"오월/NNG","1"
"원해/NNG","1"
"개안/NNG","1"
"쫙/MAG","1"
"연애/NNG","1"
"함부로/MAG","1"
"애틋/XR","1"
"파이터/NNG","1"
"랩/NNG","1"
"ㄴ다면서/EFQ","1"
"는군요/EFI","1"
"넓히/VV","1"
"뒤집/VV","1"
"3.9/NR","1"
"지/NNM","2"
"75/NR","2"
"다큐/NNP","1"
"밀어주/VV","1"
"편협/NNG","1"
"까놓/VV","1"
"서핑/NNG","1"
"간택/NNG","1"
"살아남/VV","1"
"눈치/NNG","1"
"왜냐/UN","1"
"거든/EFN","1"
"가다/MAG","2"
"판이/NNG","1"
"국민/NNG","3"
"이/MDN","1"
"도저/XR","1"
"도/XPN","1"
"이어지/VV","2"
"가시/NNG","1"
"날아가/VV","1"
"줄어들/VV","2"
"저만/MDT","1"
"틀어지/VV","4"
"미리미리/MAG","1"
"이래저래/MAG","1"
"듀얼/NNG","1"
"잠기/VV","1"
"거기/NP","4"
"뽑/VV","2"
"드시/VV","1"
"센스/NNG","2"
"둘러보/VV","1"
"없습/UN","1"
"디/VV","1"
"둘르/VV","1"
"왜케/UN","1"
"이사/NNG","1"
"이놈/NP","1"
"느리다/UN","1"
"뜨더/UN","1"
"어찌하/VV","2"
"리플/NNG","1"
"바쁘/VA","1"
"소프트웨어/NNG","1"
"참고하/VV","1"
"제트/NNG","1"
"52/NR","2"
"깜깜/MAG","1"
"이안/NNG","1"
"이익/NNG","1"
"유감/NNG","1"
"심/NNG","3"
"쓸데/NNG","2"
"ㄴ단/ETD","1"
"역대/NNG","1"
"우주/NNG","1"
"메리/NNG","1"
"인내심/NNG","1"
"흘리/VV","1"
"던/EFQ","2"
"지긋지긋하/VA","1"
"훨/MAG","1"
"조잡/XR","1"
"승/NNG","1"
"필터링/NNG","1"
"사골/NNG","1"
"오라/NNG","1"
"홀/NNG","2"
"씽크/NNP","1"
"격차/NNG","1"
"막/NNG","1"
"오지/VA","1"
"썩/MAG","1"
"엇/XPN","2"
"개똥/NNG","2"
"버릇/NNG","1"
"시끄럽/VA","1"
"ㄴ다니까요/EFN","1"
"세팅/NNG","1"
"대/XPN","1"
"쩜/MAG","1"
"000001/NR","2"
"맨/MDT","2"
"있어서/UN","1"
"수가/NNG","1"
"언/NNG","1"
"영어권/NNG","1"
"먹/NNG","2"
"튀하/VV","2"
"빠룬/UN","1"
"주서/NNG","1"
"습니다요/EFN","1"
"칭/NNM","1"
"빙/MAG","1"
"시장/NNG","1"
"과/NNG","3"
"친하/VA","1"
"지내/VV","2"
"내주/NNG","1"
"시옵/UN","1"
"서서/NNG","1"
"라하/UN","1"
"땡/MAG","1"
"편히/MAG","1"
"게요/EFN","1"
"터/VV","1"
"출발/NNG","1"
"가지각색/NNG","1"
"뒤적거리/VV","1"
"일쑤/NNG","1"
"진즉/MAG","1"
"중지/NNG","2"
"이제서야/MAG","1"
"로또/NNG","1"
"명당/NNG","1"
"밀려오/VV","1"
"지난번/NNG","1"
"화재/NNG","1"
"미치/VA","1"
"왜캐/UN","1"
"반/XPN","1"
"박시/NNG","1"
"대대로/MAG","1"
"탈모/NNG","1"
"지요/EFN","3"
"모야/NNG","1"
"생이/NNG","2"
"분할/NNG","4"
"사후/NNG","1"
"신문사/NNG","1"
"모/MDT","1"
"재주/NNG","1"
"저쩌/VV","1"
"언론사/NNG","1"
"통신사/NNG","1"
"묶이/VV","1"
"난장판/NNG","1"
"애로/NNG","1"
"DC/OL","1"
"전드/UN","1"
"재개/NNG","1"
"홀로/MAG","2"
"연/NNG","1"
"렁/UN","1"
"지/VX","1"
"만/UN","1"
"스팸/UN","1"
"있/VX","1"
"기해/NNG","1"
"아무쪼록/MAG","1"
"메/XPN","1"
"이즈/NNG","1"
"러너/NNG","1"
"핸펀/UN","1"
"도쿄/NNP","3"
"바니타스같/UN","1"
"부럽/VA","1"
"악/NNG","2"
"플/UN","2"
"오해/NNG","1"
"××/SW","1"
"오랫동안/NNG","1"
"피아/NNG","4"
"장치/NNG","1"
"뽀로로/UN","1"
"관리자/NNG","1"
"잖/UN","1"
"기재/NNG","1"
"윙스/UN","1"
"클럽/NNG","1"
"버게/UN","1"
"봇/UN","1"
"기사/NNG","1"
"조용/XR","1"
"쓸모/NNG","1"
"앵무새/NNG","2"
"쌀/NNG","1"
"조로/NNG","1"
"무안/NNG","1"
"주어지/VV","1"
"잊어버리/VV","1"
"옴/NNM","1"
"편수/NNG","1"
"차질/NNG","1"
"차로/NNG","1"
"과언/NNG","1"
"자수/NNG","1"
"설계사/NNG","1"
"222/NR","1"
"잇/NNG","1"
"엣/UN","1"
"패널/NNG","1"
"간단히/MAG","1"
"상도/NNG","1"
"어플실행/UN","1"
"기양/NNG","2"
"60/NR","1"
"62/NR","2"
"민지/NNG","2"
"귀엽/VA","1"
"예쁘/VA","1"
"주임/NNG","1"
"ㄴ다구요/EFQ","2"
"구하/VV","3"
"진화/NNG","1"
"열매/NNG","1"
"츄/UN","1"
"그러면/MAC","1"
"해주/UN","1"
"동성/NNG","1"
"위로/NNG","1"
"의역/NNG","1"
"무제/NNG","1"
"자동설정/NNG","1"
"왔다갔다하/VV","1"
"고사/NNG","1"
"양/NNG","3"
"런지/NNG","1"
"라니/EFQ","1"
"도/XSN","1"
"실랑이/NNG","1"
"깔림/NNG","1"
"손녀/NNG","1"
"초과/NNG","1"
"행하/NNG","1"
"쭈래릅님/UN","1"
"머릿속/NNG","1"
"판명/NNG","1"
"내이/VV","2"
"째/VV","1"
"CUT/OL","1"
"SERIES/OL","1"
"MOVE/OL","1"
"END/OL","1"
"베리/NNP","1"
"달래/NNG","1"
"패드로/NNG","1"
"반짝반짝/MAG","1"
"달님/NNG","1"
"신나/NNG","1"
"슬/VA","1"
"MEC/OL","1"
"적당히/MAG","1"
"만간/NNG","1"
"도망/NNG","1"
"데이/VV","1"
"강도/NNG","2"
"로컬/NNG","1"
"남김없이/MAG","1"
"메시/NNG","1"
"도면/NNG","1"
"괴/VV","1"
"유입/NNG","2"
"대거/MAG","1"
"대로/NNG","1"
"반개/NNG","2"
"바인드/NNG","1"
"성/NNG","1"
"인들/JX","1"
"롯데/NNP","2"
"첨부/NNG","1"
"정상화/NNG","1"
"환장/NNG","1"
"언급/NNG","1"
"벌점/NNG","1"
"담보/NNG","1"
"뷰어/NNG","1"
"넘버/NNG","1"
"고허/NNG","1"
"찾/VA","2"
"무진장/NNG","1"
"매달/NNG","1"
"탄생/NNG","2"
"더블/NNG","1"
"예언/NNG","1"
"좀없애/VV","1"
"친/NNG","1"
"구도/NNG","1"
"스크린/NNG","1"
"샷/NNG","1"
"잠시/MAG","2"
"129/NR","1"
"절대로/MAG","1"
"짱/MAG","2"
"허/XSA","1"
"깝넹/UN","1"
"역사/NNG","1"
"더니만/ECE","1"
"시행/NNG","1"
"외이/NNG","1"
"생년월일/NNG","1"
"만사/NNG","1"
"천원/NNG","1"
"보겠/UN","1"
"옜/UN","1"
"구인/NNG","1"
"만신/NNG","1"
"성모/NNG","1"
"선생/NNG","1"
"작가/NNG","1"
"섭외/NNG","1"
"ㅂ시요/EFN","1"
"전세계/NNG","1"
"흥행/NNG","1"
"수표/NNG","1"
"이어도/NNG","1"
"유일한/NNG","1"
"빨/NNB","1"
"벌쓰/VV","1"
"신랑/NNG","1"
"문제없이/MAG","1"
"창고/NNG","1"
"점프/NNG","2"
"이내/MAG","1"
"여리/VA","1"
"브레드/NNG","1"
"이발소/NNG","1"
"조연/NNG","1"
"16/NR","1"
"데이트/NNG","1"
"깋/UN","1"
"마당/NNG","1"
"이따위/MDT","1"
"계명/NNG","3"
"지웟다/UN","1"
"운/NNG","1"
"56/NR","1"
"다니/VV","1"
"어플에서/UN","1"
"움/NNG","1"
"툽/UN","1"
"떨구/VV","1"
"하염없이/MAG","1"
"기우/NNG","1"
"조선/NNG","1"
"있었/UN","1"
"되야/UN","1"
"그게/NP","1"
"COM/OL","1"
"늦께/UN","1"
"고고/NNG","2"
"해선/NNG","1"
"하루하루/NNG","1"
"달이/NNG","1"
"단계별/NNG","1"
"권리/NNG","1"
"과장/NNG","1"
"거지/VV","1"
"웬만/XR","1"
"땀/NNG","1"
"단/NNG","1"
"위도/NNP","1"
"눙/UN","1"
"빅/NNG","1"
"도리/NNG","2"
"워버/UN","1"
"러버/NNG","1"
"덥/NNB","2"
"ㄹ래요/EFQ","1"
"캣/UN","1"
"매니아/NNG","1"
"ㅂ니다만/ECE","1"
"륜/UN","1"
"초/XPN","1"
"마신/NNG","1"
"아르/NNM","1"
"듣기/NNG","1"
"스킨스/UN","1"
"GALAXY/OL","1"
"JUMP/OL","1"
"326/NR","1"
"K/OL","1"
"콤/UN","1"
"장어/NNG","1"
"건들/VV","1"
"우유/NNG","1"
"나우/NNP","1"
"캐/VV","1"
"가는/UN","1"
"신한/NNP","1"
"현대/NNG","1"
"누출/NNG","1"
"반대/NNG","1"
"가령/MAG","1"
"킹스/UN","1"
"성격/NNG","1"
"잠그/VV","2"
"인사이드/NNG","1"
"주토/NNG","2"
"푼/NNM","1"
"오래전/NNG","2"
"홍/NNG","2"
"천기/NNG","1"
"힘/NNM","1"
"예시/NNG","1"
"근대/NNG","2"
"나이스/NNG","1"
"쟈/UN","1"
"오진/NNG","1"
"즙/NNG","1"
"오륜/NNG","1"
"만/NNM","1"
"감옥/NNG","2"
"학원/NNG","1"
"탈출구/NNG","1"
"저래/UN","1"
"핳/UN","1"
"삼생/NNG","1"
"삼세/NNG","1"
"리/NNM","1"
"도화/NNG","1"
"침상/NNG","1"
"서도/NNG","1"
"센타/NNG","1"
"켄/UN","1"
"쩔/VV","1"
"눕히/VV","1"
"하루걸러/MAG","1"
"밌/UN","1"
"백악기/NNG","1"
"밴/NNG","1"
"최하점/NNG","2"
"번역판/NNG","1"
"스플/NNG","1"
"래닛/UN","1"
"999/NR","1"
"동거/NNG","1"
"백두산/NNP","1"
"보석/NNG","1"
"야시/NNG","1"
"메이/NNG","1"
"미녀/NNG","1"
"야수/NNG","1"
"실사/NNG","1"
"어쩜/MAG","1"
"써보/VV","1"
"중립/NNG","1"
"감/VV","1"
"로딩되/UN","1"
"후후/MAG","2"
"WWW/OL","1"
"오락/NNG","1"
"폼/NNG","1"
"폭주/NNG","1"
"나인/NNP","1"
"하위/NNG","1"
"빠엔/UN","1"
"풀기/NNG","1"
"쾌한/NNG","1"
"65/NR","1"
"고어/NNG","1"
"정시/NNG","1"
"겻으/UN","1"
"맍/UN","1"
"인정/NNG","1"
"재등록/NNG","1"
"전송/NNG","1"
"닫히/VV","2"
"명절/NNG","1"
"재인/NNG","1"
"디스플레이/NNG","1"
"스팩/UN","1"
"WQXGA/OL","1"
"2560/NR","2"
"1600/NR","1"
"1440/NR","2"
"지키/VV","1"
"우선/NNG","1"
"하얀색/NNG","1"
"굿/VV","1"
"여하튼/MAG","1"
"왜자꾸/UN","1"
"채로/NNG","1"
"영화판/NNG","1"
"가득차/VV","1"
"내야/NNG","2"
"음량/UN","1"
"여죠/UN","1"
"드이/VV","1"
"선생님/NNG","2"
"서울/NNG","3"
"도착/NNG","2"
"교과서/NNG","4"
"구간/NNG","1"
"개통/NNG","1"
"거치대/NNG","1"
"나비/NNG","1"
"채우/VV","1"
"별따기/NNG","1"
"결론/NNG","1"
"내가/VV","1"
"멤버/NNG","1"
"처묵/VV","1"
"을라고/EFQ","1"
"들/VA","1"
"아녀/NNG","1"
"조가/NNG","1"
"헷갈리/VV","1"
"통장이/NNG","1"
"한자/NNG","1"
"오/NR","1"
"나름/NNG","1"
"읺아/UN","1"
"넘겨보/VV","2"
"카카오/NNG","1"
"페/UN","1"
"페이/UN","1"
"영상시/NNG","1"
"청중/NNG","1"
"04110/NR","1"
"존버/UN","1"
"축하/NNG","1"
"다중/NNG","1"
"명이/NNG","1"
"들락날락/MAG","1"
"재생되/UN","1"
"리모컨/NNG","1"
"승인/NNG","1"
"직접/NNG","2"
"불만족/NNG","1"
"무려/MAG","1"
"정황/NNG","1"
"정책상/NNG","1"
"타령/NNG","1"
"두개정/NNG","1"
"불르/VV","1"
"해달/NNG","1"
"ㄴ다느니/ECD","1"
"비전문/NNG","1"
"성의/NNG","1"
"일관/NNG","1"
"접속자/NNG","1"
"세/VA","1"
"제때/NNG","1"
"루/NNG","1"
"돈쓰/MAG","1"
"마린/NNG","1"
"털/VV","1"
"액트/UN","1"
"네이티브/UN","1"
"만든진/NNG","1"
"적화/NNG","1"
"고쳐/VV","2"
"기술적/NNG","1"
"탈출/NNG","2"
"픽/MAG","1"
"수시/NNG","2"
"저스/UN","1"
"아이스/NNG","1"
"따지/VV","1"
"에어/NNG","1"
"팟/UN","1"
"몇/NR","1"
"세/NNB","1"
"쥰/UN","1"
"어이/MAG","1"
"ㄴ대/EFN","1"
"노환/NNG","1"
"시력/NNG","1"
"조작/NNG","1"
"갑작스럽/VA","1"
"PAUSED/OL","1"
"던/NNP","1"
"굽/VV","1"
"롸/UN","1"
"주아/NNG","1"
"리스/NNG","1"
"도용/NNG","1"
"납/NNG","1"
"드랍/UN","1"
"백날/MAG","1"
"초반/NNG","1"
"브라우저/NNG","4"
"개인/UN","1"
"주가/NNG","1"
"꼴아박/VV","1"
"낭닥/UN","1"
"샛별/NNG","1"
"후반부/NNG","1"
"암전/NNG","1"
"ONUSRELEAVEHINT/OL","1"
"함수/NNG","1"
"조건/NNG","1"
"권하/VV","1"
"어찌/MAG","1"
"골치/NNG","1"
"문맥/NNG","1"
"해석/NNG","2"
"명색/NNG","1"
"가만히/MAG","1"
"번역자/NNG","1"
"의생/NNG","1"
"겟/UN","1"
"마을/NNG","1"
"차차차/NNG","1"
"위대/NNG","1"
"헤어/NNG","1"
"스프레이/NNG","1"
"재상/NNG","1"
"거리/VV","2"
"고서/ECD","1"
"찮/UN","1"
"이내/NNG","2"
"터널/NNG","1"
"2016/NR","1"
"기술/NNG","1"
"ㄴ다면서/ECE","1"
"퉤/MAG","1"
"소니/NNG","1"
"TABLET/OL","1"
"COMPACT/OL","1"
"6.0/NR","1"
"년도/NNM","1"
"년도/NNG","1"
"깨끗하/VV","1"
"정밀/NNG","1"
"UX/OL","1"
"심각/NNG","1"
"영상물/NNG","1"
"일어/NNG","2"
"엊/UN","1"
"로써/JKM","1"
"대다수/NNG","1"
"성장/NNG","1"
"드릴/NNG","1"
"05/NR","1"
"년생/NNB","2"
"04/NR","1"
"네이버페이/NNG","1"
"살인/NNG","1"
"나이/NNG","1"
"자저/NNG","1"
"여고/NNG","1"
"추리/NNG","1"
"궁/NNG","1"
"자본주/NNG","1"
"통해/NNG","2"
"유사/NNG","1"
"일임/NNG","1"
"오나/NNG","1"
"카프리/NNG","1"
"로미오/NNG","1"
"줄리엣/NNG","1"
"편도/NNG","1"
"오륜가/NNG","1"
"BTV/OL","1"
"꽁/UN","1"
"난지/NNG","1"
"불참/NNG","1"
"속접/UN","1"
"테스/UN","1"
"으려구/ECD","1"
"CIVIL/OL","1"
"WAR/OL","1"
"시민/NNG","1"
"전쟁/NNG","2"
"남북/NNG","1"
"인사/NNG","1"
"기달리/VV","1"
"진지/XR","1"
"어미/NNG","1"
"오리/NNG","1"
"어우/NNG","1"
"맀/UN","1"
"주고받/VV","1"
"비정상/NNG","1"
"현지/NNG","1"
"뺑뺑이/NNG","2"
"찌/NNG","1"
"개빡쳐/UN","1"
"도돌이/NNG","1"
"불매/NNG","1"
"운동/NNG","1"
"가여/NNG","1"
"많기는/UN","1"
"빼앗/VV","1"
"최/NNP","1"
"골/VV","1"
"오타쿠/NNG","1"
"모리/NNG","1"
"63/NR","1"
"기괴/XR","1"
"뭣/UN","1"
"통/NNG","2"
"찝찝/XR","1"
"주말/NNG","2"
"내서/NNG","1"
"사업/NNG","1"
"접/VV","1"
"저장해/NNG","1"
"없음/UN","1"
"PAD/OL","1"
"업뎃후/UN","1"
"사도/NNG","1"
"웽/UN","1"
"DP/OL","1"
"야마/NNG","1"
"돌기/NNG","1"
"폴더/NNG","1"
"일/NNP","1"
"되돌/VV","1"
"안나오네요/UN","1"
"계신/NNG","1"
"줄줄/MAG","1"
"생도/NNG","1"
"기고가/NNG","1"
"꾹/MAG","1"
"많고/UN","1"
"불인/NNG","1"
"다나/NNP","1"
